# WaveFront *.obj file (generated by Autodesk ATF)

mtllib TheKatana_theModelAnim.mtl

g MeshBody1

v -0.668373 1.708575 -0.230493
v -0.673461 1.693869 -0.215170
v -0.675490 1.686043 -0.208714
v -0.677167 1.677950 -0.203210
v -0.678510 1.669421 -0.198677
v -0.679492 1.660359 -0.195293
v -0.680047 1.650858 -0.193353
v -0.680119 1.641275 -0.193101
v -0.679690 1.631726 -0.194605
v -0.678788 1.622613 -0.197729
v -0.677466 1.614089 -0.202209
v -0.675782 1.606204 -0.207767
v -0.671554 1.592448 -0.221051
v -0.666379 1.581045 -0.236196
v -0.649126 1.575525 -0.177792
v -0.641918 1.573193 -0.148428
v -0.635814 1.571205 -0.118949
v -0.630944 1.569610 -0.089346
v -0.627395 1.568445 -0.059634
v -0.625223 1.567729 -0.029842
v -0.624486 1.567486 -0.000000
v -0.625222 1.567729 0.029843
v -0.627394 1.568444 0.059634
v -0.630944 1.569610 0.089346
v -0.635814 1.571205 0.118948
v -0.641918 1.573193 0.148427
v -0.649126 1.575525 0.177792
v -0.666379 1.581045 0.236196
v -0.672083 1.593881 0.219433
v -0.674390 1.600984 0.212242
v -0.676320 1.608491 0.206010
v -0.677896 1.616537 0.200764
v -0.679099 1.625241 0.196655
v -0.679869 1.634532 0.193978
v -0.680149 1.644056 0.192995
v -0.679931 1.653698 0.193758
v -0.679247 1.663053 0.196144
v -0.678155 1.671956 0.199888
v -0.676711 1.680353 0.204721
v -0.672996 1.695457 0.216622
v -0.668373 1.708575 0.230493
v -0.650425 1.708387 0.173025
v -0.642883 1.708441 0.144267
v -0.636471 1.708552 0.115487
v -0.631333 1.708680 0.086673
v -0.627576 1.708794 0.057815
v -0.625270 1.708876 0.028922
v -0.624486 1.708907 -0.000000
v -0.625270 1.708876 -0.028922
v -0.627576 1.708794 -0.057815
v -0.631333 1.708680 -0.086673
v -0.636471 1.708552 -0.115487
v -0.642883 1.708441 -0.144267
v -0.650425 1.708387 -0.173025
v -0.643962 1.699087 0.113390
v -0.664804 1.591646 -0.193795
v -0.672454 1.607762 -0.190966
v -0.675818 1.618761 -0.189504
v -0.669743 1.634843 -0.149887
v -0.669220 1.653437 -0.149144
v -0.674459 1.672272 -0.186862
v -0.665333 1.671633 -0.149122
v -0.667826 1.689054 -0.187599
v -0.662084 1.699092 -0.188487
v -0.678053 1.654577 -0.186943
v -0.655171 1.588625 -0.155053
v -0.663321 1.605178 -0.152590
v -0.666901 1.616507 -0.151322
v -0.658197 1.688808 -0.149827
v -0.652039 1.699020 -0.150646
v -0.678505 1.636541 -0.187835
v -0.649140 1.586712 -0.125956
v -0.657637 1.603556 -0.123841
v -0.661366 1.615105 -0.122755
v -0.664314 1.633815 -0.121533
v -0.663741 1.652781 -0.120913
v -0.659648 1.671311 -0.120921
v -0.652161 1.688741 -0.121561
v -0.645714 1.699062 -0.122289
v -0.644248 1.585145 -0.096820
v -0.653047 1.602236 -0.095121
v -0.656908 1.613974 -0.094250
v -0.659947 1.633002 -0.093274
v -0.659329 1.652287 -0.092788
v -0.655053 1.671097 -0.092811
v -0.647257 1.688740 -0.093347
v -0.640556 1.699148 -0.093948
v -0.640577 1.583963 -0.067638
v -0.649616 1.601245 -0.066412
v -0.653580 1.613130 -0.065784
v -0.656692 1.632406 -0.065084
v -0.656036 1.651936 -0.064739
v -0.651614 1.670964 -0.064765
v -0.643573 1.688768 -0.065163
v -0.636670 1.699240 -0.065605
v -0.638174 1.583184 -0.038417
v -0.647376 1.600596 -0.037706
v -0.651411 1.612579 -0.037342
v -0.654572 1.632023 -0.036937
v -0.653890 1.651720 -0.036739
v -0.649368 1.670892 -0.036758
v -0.641156 1.688803 -0.036993
v -0.634114 1.699317 -0.037252
v -0.637012 1.582806 0.000492
v -0.646298 1.600282 0.000482
v -0.650368 1.612315 0.000478
v -0.653553 1.631841 0.000473
v -0.652858 1.651621 0.000470
v -0.648284 1.670865 0.000470
v -0.639987 1.688828 0.000473
v -0.632875 1.699362 0.000477
v -0.638233 1.583203 0.039399
v -0.647432 1.600612 0.038670
v -0.651464 1.612593 0.038298
v -0.654624 1.632032 0.037883
v -0.653943 1.651725 0.037680
v -0.649423 1.670894 0.037699
v -0.641216 1.688802 0.037940
v -0.634177 1.699315 0.038205
v -0.641756 1.584343 0.078155
v -0.650716 1.601563 0.076752
v -0.654647 1.613401 0.076034
v -0.657735 1.632596 0.075232
v -0.657091 1.652047 0.074835
v -0.652718 1.671004 0.074862
v -0.644756 1.688756 0.075313
v -0.637919 1.699208 0.075815
v -0.647435 1.586167 0.116580
v -0.656041 1.603098 0.114628
v -0.659819 1.614713 0.113630
v -0.662804 1.633532 0.112520
v -0.662222 1.652608 0.111977
v -0.658073 1.671233 0.112027
v -0.650490 1.688736 0.112674
v -0.655259 1.588653 0.155444
v -0.663404 1.605202 0.152977
v -0.666983 1.616527 0.151706
v -0.669823 1.634858 0.150269
v -0.669301 1.653447 0.149524
v -0.665416 1.671638 0.149502
v -0.658285 1.688810 0.150206
v -0.652131 1.699020 0.151027
v -0.664857 1.591663 0.193990
v -0.672504 1.607777 0.191160
v -0.675867 1.618773 0.189697
v -0.674509 1.672276 0.187053
v -0.667879 1.689056 0.187789
v -0.662139 1.699093 0.188678
v -0.678553 1.636551 0.188026
v -0.678101 1.654584 0.187134
v 0.707000 7.500000 -0.000000
v 0.704926 7.500000 0.054120
v 0.698714 7.500000 0.107923
v 0.688403 7.500000 0.161092
v 0.674051 7.500000 0.213316
v 0.655744 7.500000 0.264289
v 0.633589 7.500000 0.313710
v 0.607716 7.500000 0.361290
v 0.578276 7.500000 0.406750
v 0.545443 7.500000 0.449823
v 0.509409 7.500000 0.490257
v 0.470385 7.500000 0.527813
v 0.428601 7.500000 0.562272
v 0.384302 7.500000 0.593431
v 0.337748 7.500000 0.621108
v 0.289212 7.500000 0.645140
v 0.238978 7.500000 0.665386
v 0.187342 7.500000 0.681727
v 0.134607 7.500000 0.694068
v 0.081081 7.500000 0.702335
v 0.027080 7.500000 0.706481
v -0.027080 7.500000 0.706481
v -0.081081 7.500000 0.702335
v -0.134607 7.500000 0.694068
v -0.187342 7.500000 0.681727
v -0.238978 7.500000 0.665386
v -0.289212 7.500000 0.645140
v -0.337748 7.500000 0.621108
v -0.384302 7.500000 0.593431
v -0.428601 7.500000 0.562272
v -0.470385 7.500000 0.527813
v -0.509409 7.500000 0.490257
v -0.545443 7.500000 0.449823
v -0.578276 7.500000 0.406750
v -0.607716 7.500000 0.361290
v -0.633589 7.500000 0.313710
v -0.655744 7.500000 0.264289
v -0.674051 7.500000 0.213316
v -0.688403 7.500000 0.161092
v -0.698714 7.500000 0.107923
v -0.704926 7.500000 0.054120
v -0.707000 7.500000 -0.000000
v -0.704926 7.500000 -0.054120
v -0.698714 7.500000 -0.107923
v -0.688403 7.500000 -0.161092
v -0.674051 7.500000 -0.213316
v -0.655744 7.500000 -0.264289
v -0.633589 7.500000 -0.313710
v -0.607716 7.500000 -0.361290
v -0.578276 7.500000 -0.406750
v -0.545443 7.500000 -0.449823
v -0.509409 7.500000 -0.490257
v -0.470385 7.500000 -0.527813
v -0.428601 7.500000 -0.562272
v -0.384302 7.500000 -0.593431
v -0.337748 7.500000 -0.621108
v -0.289212 7.500000 -0.645140
v -0.238978 7.500000 -0.665386
v -0.187342 7.500000 -0.681727
v -0.134607 7.500000 -0.694068
v -0.081081 7.500000 -0.702335
v -0.027080 7.500000 -0.706481
v 0.027080 7.500000 -0.706481
v 0.081081 7.500000 -0.702335
v 0.134607 7.500000 -0.694068
v 0.187342 7.500000 -0.681727
v 0.238978 7.500000 -0.665386
v 0.289212 7.500000 -0.645140
v 0.337748 7.500000 -0.621108
v 0.384302 7.500000 -0.593431
v 0.428601 7.500000 -0.562272
v 0.470385 7.500000 -0.527813
v 0.509409 7.500000 -0.490257
v 0.545443 7.500000 -0.449823
v 0.578276 7.500000 -0.406750
v 0.607716 7.500000 -0.361290
v 0.633589 7.500000 -0.313710
v 0.655744 7.500000 -0.264289
v 0.674051 7.500000 -0.213316
v 0.688403 7.500000 -0.161092
v 0.698714 7.500000 -0.107923
v 0.704926 7.500000 -0.054120
v 0.001974 0.050000 -0.706997
v 0.001974 0.000000 -0.706997
v 0.000658 -0.000000 -0.707000
v -0.000658 -0.000000 -0.707000
v -0.001974 0.000000 -0.706997
v -0.001974 0.050000 -0.706997
v -0.054912 0.050000 -0.704864
v -0.107541 0.050000 -0.698773
v -0.159566 0.050000 -0.688758
v -0.210695 0.050000 -0.674875
v -0.260641 0.050000 -0.657203
v -0.309123 0.050000 -0.635839
v -0.355870 0.050000 -0.610906
v -0.400618 0.050000 -0.582541
v -0.443116 0.050000 -0.550906
v -0.483126 0.050000 -0.516177
v -0.520423 0.050000 -0.478549
v -0.554798 0.050000 -0.438234
v -0.586057 0.050000 -0.395458
v -0.614025 0.050000 -0.350461
v -0.638545 0.050000 -0.303496
v -0.659479 0.050000 -0.254827
v -0.676710 0.050000 -0.204727
v -0.690140 0.050000 -0.153477
v -0.699696 0.050000 -0.101366
v -0.705322 0.050000 -0.048685
v -0.706987 0.050000 0.004269
v -0.704682 0.050000 0.057200
v -0.698420 0.050000 0.109809
v -0.688236 0.050000 0.161801
v -0.674188 0.050000 0.212885
v -0.656353 0.050000 0.262773
v -0.634833 0.050000 0.311186
v -0.609747 0.050000 0.357851
v -0.581238 0.050000 0.402507
v -0.549464 0.050000 0.444902
v -0.514606 0.050000 0.484799
v -0.476857 0.050000 0.521974
v -0.436430 0.050000 0.556217
v -0.393553 0.050000 0.587337
v -0.348466 0.050000 0.615159
v -0.301422 0.050000 0.639526
v -0.252685 0.050000 0.660303
v -0.221760 0.048599 0.671320
v -0.190423 0.044888 0.680873
v -0.158874 0.039529 0.688919
v -0.127215 0.032922 0.695461
v -0.095478 0.025404 0.700523
v -0.063674 0.017270 0.704127
v -0.031828 0.008729 0.706283
v 0.000000 0.000000 0.707000
v 0.031828 0.008729 0.706283
v 0.063674 0.017270 0.704127
v 0.095478 0.025404 0.700523
v 0.127215 0.032922 0.695461
v 0.158874 0.039529 0.688919
v 0.190423 0.044888 0.680873
v 0.221760 0.048599 0.671320
v 0.252685 0.050000 0.660303
v 0.301422 0.050000 0.639526
v 0.348466 0.050000 0.615159
v 0.393553 0.050000 0.587337
v 0.436430 0.050000 0.556217
v 0.476857 0.050000 0.521974
v 0.514606 0.050000 0.484799
v 0.549464 0.050000 0.444902
v 0.581238 0.050000 0.402507
v 0.609747 0.050000 0.357851
v 0.634833 0.050000 0.311186
v 0.656353 0.050000 0.262773
v 0.674188 0.050000 0.212885
v 0.688236 0.050000 0.161801
v 0.698420 0.050000 0.109809
v 0.704682 0.050000 0.057200
v 0.706987 0.050000 0.004269
v 0.705322 0.050000 -0.048685
v 0.699696 0.050000 -0.101366
v 0.690140 0.050000 -0.153477
v 0.676710 0.050000 -0.204727
v 0.659479 0.050000 -0.254827
v 0.638545 0.050000 -0.303496
v 0.614025 0.050000 -0.350461
v 0.586057 0.050000 -0.395458
v 0.554798 0.050000 -0.438234
v 0.520423 0.050000 -0.478549
v 0.483126 0.050000 -0.516177
v 0.443116 0.050000 -0.550906
v 0.400618 0.050000 -0.582541
v 0.355870 0.050000 -0.610906
v 0.309123 0.050000 -0.635839
v 0.260641 0.050000 -0.657203
v 0.210695 0.050000 -0.674875
v 0.159566 0.050000 -0.688758
v 0.107541 0.050000 -0.698773
v 0.054912 0.050000 -0.704864
v -0.279589 6.546786 -0.649368
v -0.327128 6.546786 -0.626767
v -0.372853 6.546786 -0.600691
v -0.416512 6.546786 -0.571285
v -0.457862 6.546786 -0.538713
v -0.496673 6.546786 -0.503154
v -0.532732 6.546786 -0.464807
v -0.565838 6.546786 -0.423883
v -0.595807 6.546786 -0.380609
v -0.622473 6.546786 -0.335225
v -0.645689 6.546786 -0.287984
v -0.665326 6.546786 -0.239145
v -0.681275 6.546786 -0.188982
v -0.693447 6.546786 -0.137770
v -0.701775 6.546786 -0.085795
v -0.706213 6.546786 -0.033344
v -0.706737 6.546786 0.019291
v -0.703343 6.546786 0.071820
v -0.696050 6.546786 0.123950
v -0.684899 6.546786 0.175393
v -0.669951 6.546786 0.225864
v -0.651290 6.546786 0.275084
v -0.629018 6.546786 0.322778
v -0.603259 6.546786 0.368683
v -0.574157 6.546786 0.412544
v -0.541872 6.546786 0.454119
v -0.506583 6.546786 0.493176
v -0.468486 6.546786 0.529499
v -0.427792 6.546786 0.562888
v -0.384727 6.546786 0.593156
v -0.339530 6.546786 0.620136
v -0.292450 6.546786 0.643679
v -0.292450 6.023408 0.643679
v -0.292450 5.484329 0.643679
v -0.292450 4.997887 0.643679
v -0.292450 4.449636 0.643679
v -0.292450 3.773711 0.643679
v -0.292450 3.050000 0.643679
v -0.339530 3.050000 0.620136
v -0.384727 3.050000 0.593156
v -0.427792 3.050000 0.562888
v -0.468486 3.050000 0.529499
v -0.506583 3.050000 0.493176
v -0.541872 3.050000 0.454119
v -0.574157 3.050000 0.412544
v -0.603259 3.050000 0.368683
v -0.629018 3.050000 0.322778
v -0.651290 3.050000 0.275084
v -0.669951 3.050000 0.225864
v -0.684899 3.050000 0.175393
v -0.696050 3.050000 0.123950
v -0.703343 3.050000 0.071820
v -0.706737 3.050000 0.019291
v -0.706213 3.050000 -0.033344
v -0.701775 3.050000 -0.085795
v -0.693447 3.050000 -0.137770
v -0.681275 3.050000 -0.188982
v -0.665326 3.050000 -0.239145
v -0.645689 3.050000 -0.287984
v -0.622473 3.050000 -0.335225
v -0.595807 3.050000 -0.380609
v -0.565838 3.050000 -0.423883
v -0.532732 3.050000 -0.464807
v -0.496673 3.050000 -0.503154
v -0.457862 3.050000 -0.538713
v -0.416512 3.050000 -0.571285
v -0.372853 3.050000 -0.600691
v -0.327128 3.050000 -0.626767
v -0.279589 3.050000 -0.649368
v -0.279589 3.773711 -0.649368
v -0.279589 4.449636 -0.649368
v -0.279589 4.997887 -0.649368
v -0.279589 5.484329 -0.649368
v -0.279589 6.023408 -0.649368
v 0.418600 6.746786 0.569757
v 0.460056 6.746786 0.536841
v 0.498932 6.746786 0.500915
v 0.535012 6.746786 0.462181
v 0.568092 6.746786 0.420857
v 0.597988 6.746786 0.377173
v 0.624532 6.746786 0.331374
v 0.647575 6.746786 0.283719
v 0.666987 6.746786 0.234472
v 0.682661 6.746786 0.183911
v 0.694507 6.746786 0.132320
v 0.702461 6.746786 0.079986
v 0.706476 6.746786 0.027205
v 0.706532 6.746786 -0.025730
v 0.702626 6.746786 -0.078520
v 0.694782 6.746786 -0.130870
v 0.683043 6.746786 -0.182486
v 0.667475 6.746786 -0.233079
v 0.648165 6.746786 -0.282366
v 0.625222 6.746786 -0.330070
v 0.598774 6.746786 -0.375924
v 0.568969 6.746786 -0.419670
v 0.535975 6.746786 -0.461063
v 0.499977 6.746786 -0.499872
v 0.461175 6.746786 -0.535879
v 0.419788 6.746786 -0.568882
v 0.419788 2.800000 -0.568882
v 0.461175 2.800000 -0.535879
v 0.499977 2.800000 -0.499872
v 0.535975 2.800000 -0.461063
v 0.568969 2.800000 -0.419670
v 0.598774 2.800000 -0.375924
v 0.625222 2.800000 -0.330070
v 0.648165 2.800000 -0.282366
v 0.667475 2.800000 -0.233079
v 0.683043 2.800000 -0.182486
v 0.694782 2.800000 -0.130870
v 0.702626 2.800000 -0.078520
v 0.706532 2.800000 -0.025730
v 0.706476 2.800000 0.027205
v 0.702461 2.800000 0.079986
v 0.694507 2.800000 0.132320
v 0.682661 2.800000 0.183911
v 0.666987 2.800000 0.234472
v 0.647575 2.800000 0.283719
v 0.624532 2.800000 0.331374
v 0.597988 2.800000 0.377173
v 0.568092 2.800000 0.420857
v 0.535012 2.800000 0.462181
v 0.498932 2.800000 0.500915
v 0.460056 2.800000 0.536841
v 0.418600 2.800000 0.569757
v 0.668373 1.708575 -0.230493
v 0.673000 1.695442 -0.216607
v 0.676717 1.680322 -0.204701
v 0.678161 1.671912 -0.199866
v 0.679253 1.662995 -0.196125
v 0.679935 1.653635 -0.193748
v 0.680149 1.643979 -0.192996
v 0.679865 1.634450 -0.193994
v 0.679090 1.625159 -0.196686
v 0.677881 1.616448 -0.200814
v 0.676300 1.608401 -0.206077
v 0.674372 1.600922 -0.212299
v 0.672070 1.593845 -0.219474
v 0.666379 1.581045 -0.236196
v 0.658103 1.565447 -0.258354
v 0.649579 1.548674 -0.279093
v 0.640968 1.530901 -0.298343
v 0.632393 1.512214 -0.316107
v 0.623713 1.492089 -0.332863
v 0.615030 1.470486 -0.348612
v 0.606510 1.447503 -0.363231
v 0.598318 1.423239 -0.376599
v 0.590623 1.397794 -0.388592
v 0.583591 1.371267 -0.399089
v 0.577426 1.343769 -0.407995
v 0.572230 1.315523 -0.415294
v 0.568072 1.286777 -0.420979
v 0.565019 1.257776 -0.425047
v 0.563138 1.228768 -0.427492
v 0.562496 1.200000 -0.428308
v 0.563133 1.170437 -0.427475
v 0.565043 1.140611 -0.424947
v 0.568220 1.110814 -0.420684
v 0.572639 1.081364 -0.414657
v 0.578179 1.052509 -0.406903
v 0.584693 1.024438 -0.397484
v 0.592030 0.997338 -0.386462
v 0.600042 0.971397 -0.373897
v 0.608546 0.946766 -0.359873
v 0.617353 0.923536 -0.344534
v 0.626284 0.901796 -0.328031
v 0.635160 0.881635 -0.310516
v 0.643969 0.862809 -0.291784
v 0.652792 0.844941 -0.271418
v 0.661460 0.828189 -0.249516
v 0.669803 0.812715 -0.226185
v 0.677650 0.798681 -0.201532
v 0.684830 0.786250 -0.175661
v 0.691157 0.775580 -0.148688
v 0.696500 0.766745 -0.120829
v 0.700806 0.759758 -0.092356
v 0.704022 0.754636 -0.063538
v 0.706095 0.751392 -0.034645
v 0.706973 0.750042 -0.005950
v 0.706610 0.750596 0.022606
v 0.705031 0.753050 0.051449
v 0.702286 0.757389 0.080331
v 0.698430 0.763597 0.108982
v 0.693514 0.771661 0.137130
v 0.687591 0.781566 0.164506
v 0.680743 0.793278 0.190855
v 0.673155 0.806662 0.216031
v 0.664998 0.821553 0.239927
v 0.656445 0.837791 0.262439
v 0.647666 0.855212 0.283461
v 0.638832 0.873654 0.302886
v 0.630013 0.893175 0.320814
v 0.621082 0.914288 0.337734
v 0.612200 0.936930 0.353553
v 0.603548 0.960991 0.368138
v 0.595305 0.986365 0.381358
v 0.587652 1.012945 0.393079
v 0.580786 1.040626 0.403173
v 0.574894 1.069238 0.411576
v 0.570059 1.098518 0.418282
v 0.566352 1.128198 0.423285
v 0.563846 1.158012 0.426578
v 0.562615 1.187692 0.428157
v 0.562726 1.217144 0.428016
v 0.564171 1.246864 0.426156
v 0.566878 1.276675 0.422583
v 0.570775 1.306308 0.417301
v 0.575788 1.335497 0.410317
v 0.581845 1.363974 0.401636
v 0.588857 1.391483 0.391269
v 0.596619 1.417872 0.379294
v 0.604941 1.443039 0.365841
v 0.613643 1.466876 0.351045
v 0.622545 1.489274 0.335037
v 0.631467 1.510128 0.317950
v 0.640275 1.529431 0.299826
v 0.649117 1.547744 0.280165
v 0.657877 1.565012 0.258930
v 0.666379 1.581045 0.236196
v 0.671547 1.592428 0.221073
v 0.675773 1.606168 0.207796
v 0.677456 1.614034 0.202243
v 0.678778 1.622540 0.197761
v 0.679685 1.631660 0.194621
v 0.680117 1.641175 0.193108
v 0.680050 1.650763 0.193342
v 0.679500 1.660263 0.195265
v 0.678526 1.669309 0.198626
v 0.677187 1.677839 0.203142
v 0.675496 1.686013 0.208692
v 0.673454 1.693890 0.215191
v 0.668373 1.708575 0.230493
v 0.662439 1.723365 0.247031
v 0.656536 1.738910 0.262314
v 0.650589 1.755594 0.276706
v 0.644643 1.773512 0.290263
v 0.638812 1.792566 0.302876
v 0.633210 1.812657 0.314436
v 0.627951 1.833687 0.324836
v 0.623150 1.855558 0.333967
v 0.618935 1.878162 0.341738
v 0.615380 1.901325 0.348136
v 0.612519 1.924855 0.353163
v 0.610387 1.948557 0.356822
v 0.609020 1.972236 0.359116
v 0.608453 1.995699 0.360048
v 0.608715 2.019048 0.359620
v 0.609790 2.042670 0.357830
v 0.611643 2.066386 0.354676
v 0.614238 2.090002 0.350155
v 0.617541 2.113323 0.344265
v 0.621516 2.136157 0.337002
v 0.626115 2.158314 0.328368
v 0.631218 2.179667 0.318425
v 0.636707 2.200116 0.307281
v 0.642467 2.219565 0.295045
v 0.648383 2.237915 0.281825
v 0.654343 2.255067 0.267729
v 0.660248 2.270968 0.252824
v 0.666177 2.286020 0.236721
v 0.672074 2.300242 0.219377
v 0.677827 2.313509 0.200884
v 0.683325 2.325694 0.181337
v 0.688457 2.336673 0.160828
v 0.693110 2.346320 0.139452
v 0.697187 2.354553 0.117332
v 0.700622 2.361344 0.094650
v 0.703360 2.366658 0.071591
v 0.705346 2.370463 0.048345
v 0.706559 2.372779 0.025216
v 0.707009 2.373634 0.002198
v 0.706697 2.373038 -0.020842
v 0.705626 2.370999 -0.044033
v 0.703774 2.367462 -0.067289
v 0.701171 2.362425 -0.090398
v 0.697866 2.355912 -0.113169
v 0.693910 2.347950 -0.135410
v 0.689357 2.338562 -0.156936
v 0.684305 2.327820 -0.177613
v 0.678867 2.315848 -0.197345
v 0.673153 2.302772 -0.216040
v 0.667274 2.288718 -0.233603
v 0.661342 2.273810 -0.249943
v 0.655441 2.258101 -0.265035
v 0.649486 2.241181 -0.279280
v 0.643553 2.223046 -0.292670
v 0.637755 2.203793 -0.305097
v 0.632208 2.183521 -0.316451
v 0.627025 2.162328 -0.326624
v 0.622322 2.140312 -0.335508
v 0.618227 2.117590 -0.343025
v 0.614797 2.094344 -0.349169
v 0.612068 2.070768 -0.353943
v 0.610075 2.047056 -0.357349
v 0.608854 2.023402 -0.359391
v 0.608439 2.000000 -0.360071
v 0.608746 1.979262 -0.359555
v 0.609671 1.958300 -0.357986
v 0.611215 1.937258 -0.355339
v 0.613382 1.916283 -0.351586
v 0.616150 1.895529 -0.346721
v 0.619464 1.875106 -0.340771
v 0.623264 1.855121 -0.333769
v 0.627491 1.835676 -0.325742
v 0.632088 1.816878 -0.316723
v 0.636964 1.798873 -0.306803
v 0.642017 1.781762 -0.296092
v 0.647203 1.765514 -0.284585
v 0.652475 1.750102 -0.272279
v 0.657790 1.735495 -0.259168
v 0.663103 1.721664 -0.245245
v -0.663103 1.721664 -0.245245
v -0.657790 1.735495 -0.259168
v -0.652475 1.750102 -0.272279
v -0.647203 1.765514 -0.284585
v -0.642017 1.781762 -0.296092
v -0.636964 1.798873 -0.306803
v -0.632088 1.816878 -0.316723
v -0.627491 1.835676 -0.325742
v -0.623264 1.855121 -0.333769
v -0.619464 1.875106 -0.340771
v -0.616150 1.895529 -0.346721
v -0.613382 1.916283 -0.351586
v -0.611215 1.937258 -0.355339
v -0.609671 1.958300 -0.357986
v -0.608746 1.979262 -0.359555
v -0.608439 2.000000 -0.360071
v -0.608854 2.023402 -0.359391
v -0.610075 2.047056 -0.357349
v -0.612068 2.070768 -0.353943
v -0.614797 2.094344 -0.349169
v -0.618227 2.117590 -0.343025
v -0.622322 2.140312 -0.335508
v -0.627025 2.162328 -0.326624
v -0.632208 2.183521 -0.316451
v -0.637755 2.203793 -0.305097
v -0.643553 2.223046 -0.292670
v -0.649486 2.241181 -0.279280
v -0.655441 2.258101 -0.265035
v -0.661342 2.273810 -0.249943
v -0.667274 2.288718 -0.233603
v -0.673153 2.302772 -0.216040
v -0.678867 2.315848 -0.197345
v -0.684305 2.327820 -0.177613
v -0.689357 2.338562 -0.156936
v -0.693910 2.347950 -0.135410
v -0.697866 2.355912 -0.113169
v -0.701171 2.362425 -0.090398
v -0.703774 2.367462 -0.067289
v -0.705626 2.370999 -0.044033
v -0.706697 2.373038 -0.020842
v -0.707009 2.373634 0.002198
v -0.706559 2.372779 0.025216
v -0.705346 2.370463 0.048345
v -0.703360 2.366658 0.071591
v -0.700622 2.361344 0.094650
v -0.697187 2.354553 0.117332
v -0.693110 2.346320 0.139452
v -0.688457 2.336673 0.160828
v -0.683325 2.325694 0.181337
v -0.677827 2.313509 0.200884
v -0.672074 2.300242 0.219377
v -0.666177 2.286020 0.236721
v -0.660248 2.270968 0.252824
v -0.654343 2.255067 0.267729
v -0.648383 2.237915 0.281825
v -0.642467 2.219565 0.295045
v -0.636707 2.200116 0.307281
v -0.631218 2.179667 0.318425
v -0.626115 2.158314 0.328368
v -0.621516 2.136157 0.337002
v -0.617541 2.113323 0.344265
v -0.614238 2.090002 0.350155
v -0.611643 2.066386 0.354676
v -0.609790 2.042670 0.357830
v -0.608715 2.019048 0.359620
v -0.608453 1.995699 0.360048
v -0.609020 1.972236 0.359116
v -0.610387 1.948557 0.356822
v -0.612519 1.924855 0.353163
v -0.615380 1.901325 0.348136
v -0.618935 1.878162 0.341738
v -0.623150 1.855558 0.333967
v -0.627951 1.833687 0.324836
v -0.633210 1.812657 0.314436
v -0.638812 1.792566 0.302876
v -0.644643 1.773512 0.290263
v -0.650589 1.755594 0.276706
v -0.656536 1.738910 0.262314
v -0.662439 1.723365 0.247031
v -0.657877 1.565012 0.258930
v -0.649117 1.547744 0.280165
v -0.640275 1.529431 0.299826
v -0.631467 1.510128 0.317950
v -0.622545 1.489274 0.335037
v -0.613643 1.466876 0.351045
v -0.604941 1.443039 0.365841
v -0.596619 1.417872 0.379294
v -0.588857 1.391483 0.391269
v -0.581845 1.363974 0.401636
v -0.575788 1.335497 0.410317
v -0.570775 1.306308 0.417301
v -0.566878 1.276675 0.422583
v -0.564171 1.246864 0.426156
v -0.562726 1.217144 0.428016
v -0.562615 1.187692 0.428157
v -0.563846 1.158012 0.426578
v -0.566352 1.128198 0.423285
v -0.570059 1.098518 0.418282
v -0.574894 1.069238 0.411576
v -0.580786 1.040626 0.403173
v -0.587652 1.012945 0.393079
v -0.595305 0.986365 0.381358
v -0.603548 0.960991 0.368138
v -0.612200 0.936930 0.353553
v -0.621082 0.914288 0.337734
v -0.630013 0.893175 0.320814
v -0.638832 0.873654 0.302886
v -0.647666 0.855212 0.283461
v -0.656445 0.837791 0.262439
v -0.664998 0.821553 0.239927
v -0.673155 0.806662 0.216031
v -0.680743 0.793278 0.190855
v -0.687591 0.781566 0.164506
v -0.693514 0.771661 0.137130
v -0.698430 0.763597 0.108982
v -0.702286 0.757389 0.080331
v -0.705031 0.753050 0.051449
v -0.706610 0.750596 0.022606
v -0.706973 0.750042 -0.005950
v -0.706095 0.751392 -0.034645
v -0.704022 0.754636 -0.063538
v -0.700806 0.759758 -0.092356
v -0.696500 0.766745 -0.120829
v -0.691157 0.775580 -0.148688
v -0.684830 0.786250 -0.175661
v -0.677650 0.798681 -0.201532
v -0.669803 0.812715 -0.226185
v -0.661460 0.828189 -0.249516
v -0.652792 0.844941 -0.271418
v -0.643969 0.862809 -0.291784
v -0.635160 0.881635 -0.310516
v -0.626284 0.901796 -0.328031
v -0.617353 0.923536 -0.344534
v -0.608546 0.946766 -0.359873
v -0.600042 0.971397 -0.373897
v -0.592030 0.997338 -0.386462
v -0.584693 1.024438 -0.397484
v -0.578179 1.052509 -0.406903
v -0.572639 1.081364 -0.414657
v -0.568220 1.110814 -0.420684
v -0.565043 1.140611 -0.424947
v -0.563133 1.170437 -0.427475
v -0.562496 1.200000 -0.428308
v -0.563138 1.228768 -0.427492
v -0.565019 1.257776 -0.425047
v -0.568072 1.286777 -0.420979
v -0.572230 1.315523 -0.415294
v -0.577426 1.343769 -0.407995
v -0.583591 1.371267 -0.399089
v -0.590623 1.397794 -0.388592
v -0.598318 1.423239 -0.376599
v -0.606510 1.447503 -0.363231
v -0.615030 1.470486 -0.348612
v -0.623713 1.492089 -0.332863
v -0.632393 1.512214 -0.316107
v -0.640968 1.530901 -0.298343
v -0.649579 1.548674 -0.279093
v -0.658103 1.565447 -0.258354
v 0.607716 2.142857 0.361290
v -0.607716 2.142857 -0.361290
v 0.384302 6.428571 0.593431
v 0.384302 5.357143 0.593431
v 0.384302 4.285714 0.593431
v 0.384302 3.214286 0.593431
v 0.384302 2.142857 0.593431
v 0.384302 1.071429 0.593431
v 0.397422 1.071429 0.584726
v 0.401462 2.142857 0.581960
v 0.405483 3.214286 0.579166
v 0.409484 4.285714 0.576344
v 0.413465 5.357143 0.573494
v 0.417427 6.428571 0.570617
v 0.337748 6.428571 0.621108
v 0.337748 5.357143 0.621108
v 0.337748 4.285714 0.621108
v 0.337748 3.214286 0.621108
v 0.337748 2.142857 0.621108
v 0.337748 1.071429 0.621108
v 0.289212 6.428571 0.645140
v 0.289212 5.357143 0.645140
v 0.289212 4.285714 0.645140
v 0.289212 3.214286 0.645140
v 0.289212 2.142857 0.645140
v 0.289212 1.071429 0.645140
v 0.238978 6.428571 0.665386
v 0.238978 5.357143 0.665386
v 0.238978 4.285714 0.665386
v 0.238978 3.214286 0.665386
v 0.238978 2.142857 0.665386
v 0.238978 1.071429 0.665386
v 0.187342 6.428571 0.681727
v 0.187342 5.357143 0.681727
v 0.187342 4.285714 0.681727
v 0.187342 3.214286 0.681727
v 0.187342 2.142857 0.681727
v 0.187342 1.071429 0.681727
v 0.134607 6.428571 0.694068
v 0.134607 5.357143 0.694068
v 0.134607 4.285714 0.694068
v 0.134607 3.214286 0.694068
v 0.134607 2.142857 0.694068
v 0.134607 1.071429 0.694068
v 0.081081 6.428571 0.702335
v 0.081081 5.357143 0.702335
v 0.081081 4.285714 0.702335
v 0.081081 3.214286 0.702335
v 0.081081 2.142857 0.702335
v 0.081081 1.071429 0.702335
v 0.027080 6.428571 0.706481
v 0.027080 5.357143 0.706481
v 0.027080 4.285714 0.706481
v 0.027080 3.214286 0.706481
v 0.027080 2.142857 0.706481
v 0.027080 1.071429 0.706481
v -0.027080 6.428571 0.706481
v -0.027080 5.357143 0.706481
v -0.027080 4.285714 0.706481
v -0.027080 3.214286 0.706481
v -0.027080 2.142857 0.706481
v -0.027080 1.071429 0.706481
v -0.081081 6.428571 0.702335
v -0.081081 5.357143 0.702335
v -0.081081 4.285714 0.702335
v -0.081081 3.214286 0.702335
v -0.081081 2.142857 0.702335
v -0.081081 1.071429 0.702335
v -0.134607 6.428571 0.694068
v -0.134607 5.357143 0.694068
v -0.134607 4.285714 0.694068
v -0.134607 3.214286 0.694068
v -0.134607 2.142857 0.694068
v -0.134607 1.071429 0.694068
v -0.187342 6.428571 0.681727
v -0.187342 5.357143 0.681727
v -0.187342 4.285714 0.681727
v -0.187342 3.214286 0.681727
v -0.187342 2.142857 0.681727
v -0.187342 1.071429 0.681727
v -0.238978 6.428571 0.665386
v -0.238978 5.357143 0.665386
v -0.238978 4.285714 0.665386
v -0.238978 3.214286 0.665386
v -0.238978 2.142857 0.665386
v -0.238978 1.071429 0.665386
v -0.289212 6.428571 0.645140
v -0.289212 5.357143 0.645140
v -0.289212 4.285714 0.645140
v -0.289212 3.214286 0.645140
v -0.289212 2.142857 0.645140
v -0.289212 1.071429 0.645140
v -0.337748 2.142857 0.621108
v -0.337748 1.071429 0.621108
v -0.238978 6.428571 -0.665386
v -0.238978 5.357143 -0.665386
v -0.238978 4.285714 -0.665386
v -0.238978 3.214286 -0.665386
v -0.238978 2.142857 -0.665386
v -0.238978 1.071429 -0.665386
v -0.265861 1.071429 -0.655108
v -0.271318 2.142857 -0.652867
v -0.276757 3.214286 -0.650580
v -0.279589 4.285714 -0.649368
v -0.279589 5.357143 -0.649368
v -0.279589 6.428571 -0.649368
v -0.187342 6.428571 -0.681727
v -0.187342 5.357143 -0.681727
v -0.187342 4.285714 -0.681727
v -0.187342 3.214286 -0.681727
v -0.187342 2.142857 -0.681727
v -0.187342 1.071429 -0.681727
v -0.134607 6.428571 -0.694068
v -0.134607 5.357143 -0.694068
v -0.134607 4.285714 -0.694068
v -0.134607 3.214286 -0.694068
v -0.134607 2.142857 -0.694068
v -0.134607 1.071429 -0.694068
v -0.081081 6.428571 -0.702335
v -0.081081 5.357143 -0.702335
v -0.081081 4.285714 -0.702335
v -0.081081 3.214286 -0.702335
v -0.081081 2.142857 -0.702335
v -0.081081 1.071429 -0.702335
v -0.027080 6.428571 -0.706481
v -0.027080 5.357143 -0.706481
v -0.027080 4.285714 -0.706481
v -0.027080 3.214286 -0.706481
v -0.027080 2.142857 -0.706481
v -0.027080 1.071429 -0.706481
v 0.027080 6.428571 -0.706481
v 0.027080 5.357143 -0.706481
v 0.027080 4.285714 -0.706481
v 0.027080 3.214286 -0.706481
v 0.027080 2.142857 -0.706481
v 0.027080 1.071429 -0.706481
v 0.081081 6.428571 -0.702335
v 0.081081 5.357143 -0.702335
v 0.081081 4.285714 -0.702335
v 0.081081 3.214286 -0.702335
v 0.081081 2.142857 -0.702335
v 0.081081 1.071429 -0.702335
v 0.134607 6.428571 -0.694068
v 0.134607 5.357143 -0.694068
v 0.134607 4.285714 -0.694068
v 0.134607 3.214286 -0.694068
v 0.134607 2.142857 -0.694068
v 0.134607 1.071429 -0.694068
v 0.187342 6.428571 -0.681727
v 0.187342 5.357143 -0.681727
v 0.187342 4.285714 -0.681727
v 0.187342 3.214286 -0.681727
v 0.187342 2.142857 -0.681727
v 0.187342 1.071429 -0.681727
v 0.238978 6.428571 -0.665386
v 0.238978 5.357143 -0.665386
v 0.238978 4.285714 -0.665386
v 0.238978 3.214286 -0.665386
v 0.238978 2.142857 -0.665386
v 0.238978 1.071429 -0.665386
v 0.289212 6.428571 -0.645140
v 0.289212 5.357143 -0.645140
v 0.289212 4.285714 -0.645140
v 0.289212 3.214286 -0.645140
v 0.289212 2.142857 -0.645140
v 0.289212 1.071429 -0.645140
v 0.337748 6.428571 -0.621108
v 0.337748 5.357143 -0.621108
v 0.337748 4.285714 -0.621108
v 0.337748 3.214286 -0.621108
v 0.337748 2.142857 -0.621108
v 0.337748 1.071429 -0.621108
v 0.384302 6.428571 -0.593431
v 0.384302 5.357143 -0.593431
v 0.384302 4.285714 -0.593431
v 0.384302 3.214286 -0.593431
v 0.384302 2.142857 -0.593431
v 0.384302 1.071429 -0.593431
v 0.428601 2.142857 -0.562272
v 0.428601 1.071429 -0.562272
v -0.289212 1.071429 -0.645140
v -0.289212 2.142857 -0.645140
v -0.337748 1.071429 -0.621108
v -0.337748 2.142857 -0.621108
v -0.384302 1.071429 -0.593431
v -0.384302 2.142857 -0.593431
v -0.428601 1.071429 -0.562272
v -0.428601 2.142857 -0.562272
v -0.470385 1.071429 -0.527813
v -0.470385 2.142857 -0.527813
v -0.509409 1.071429 -0.490257
v -0.509409 2.142857 -0.490257
v -0.545443 1.071429 -0.449823
v -0.545443 2.142857 -0.449823
v -0.561644 1.071429 -0.429424
v -0.545443 1.071429 0.449823
v -0.545443 2.142857 0.449823
v -0.578276 2.142857 0.406750
v -0.509409 1.071429 0.490257
v -0.509409 2.142857 0.490257
v -0.470385 1.071429 0.527813
v -0.470385 2.142857 0.527813
v -0.428601 1.071429 0.562272
v -0.428601 2.142857 0.562272
v -0.384447 1.071429 0.593338
v -0.384599 2.142857 0.593239
v 0.428601 1.071429 0.562272
v 0.428601 2.142857 0.562272
v 0.470385 1.071429 0.527813
v 0.470385 2.142857 0.527813
v 0.509409 1.071429 0.490257
v 0.509409 2.142857 0.490257
v 0.545443 1.071429 0.449823
v 0.545443 2.142857 0.449823
v 0.561292 1.071429 0.429884
v 0.545443 1.071429 -0.449823
v 0.545443 2.142857 -0.449823
v 0.578276 2.142857 -0.406750
v 0.509409 1.071429 -0.490257
v 0.509409 2.142857 -0.490257
v 0.470385 1.071429 -0.527813
v 0.470385 2.142857 -0.527813
v -0.607716 2.142857 0.361290
v -0.578276 2.142857 -0.406750
v 0.607716 2.142857 -0.361290
v 0.578276 2.142857 0.406750
v -0.564573 2.000000 -0.291839
v -0.520708 2.000000 -0.223607
v -0.521157 2.026198 -0.221977
v -0.522446 2.052374 -0.217224
v -0.524489 2.077784 -0.209547
v -0.527198 2.101686 -0.199148
v -0.530421 2.123443 -0.186408
v -0.533931 2.142844 -0.171957
v -0.537533 2.159787 -0.156375
v -0.541030 2.174165 -0.140237
v -0.544354 2.186363 -0.123528
v -0.547491 2.196813 -0.106052
v -0.550318 2.205484 -0.088126
v -0.552717 2.212347 -0.070064
v -0.554598 2.217451 -0.052107
v -0.555944 2.220950 -0.034366
v -0.556742 2.222963 -0.016962
v -0.557005 2.223625 0.000033
v -0.556743 2.222968 0.016988
v -0.555946 2.220951 0.034364
v -0.554599 2.217451 0.052106
v -0.552717 2.212347 0.070064
v -0.550318 2.205484 0.088126
v -0.547491 2.196813 0.106052
v -0.544354 2.186363 0.123528
v -0.541030 2.174165 0.140237
v -0.537533 2.159787 0.156375
v -0.533931 2.142844 0.171957
v -0.530421 2.123443 0.186408
v -0.527198 2.101686 0.199148
v -0.524489 2.077784 0.209547
v -0.522446 2.052374 0.217224
v -0.521157 2.026198 0.221977
v -0.520708 2.000000 0.223607
v -0.521157 1.973802 0.221977
v -0.522446 1.947626 0.217224
v -0.524489 1.922216 0.209547
v -0.527198 1.898314 0.199148
v -0.530421 1.876557 0.186408
v -0.533931 1.857156 0.171957
v -0.537533 1.840213 0.156375
v -0.541030 1.825835 0.140237
v -0.544354 1.813637 0.123528
v -0.547491 1.803187 0.106052
v -0.550318 1.794516 0.088126
v -0.552717 1.787654 0.070064
v -0.554598 1.782549 0.052107
v -0.555943 1.779050 0.034366
v -0.556742 1.777038 0.016962
v -0.557005 1.776376 -0.000037
v -0.556743 1.777032 -0.016991
v -0.555946 1.779050 -0.034364
v -0.554600 1.782549 -0.052106
v -0.552717 1.787654 -0.070064
v -0.550324 1.794497 -0.088117
v -0.547504 1.803142 -0.106030
v -0.544365 1.813600 -0.123510
v -0.540997 1.825930 -0.140390
v -0.537480 1.840358 -0.156635
v -0.533920 1.857134 -0.172045
v -0.530426 1.876503 -0.186406
v -0.527206 1.898360 -0.199125
v -0.524470 1.922207 -0.209602
v -0.522397 1.947554 -0.217369
v -0.521131 1.973770 -0.222052
v -0.558931 1.803379 -0.140899
v -0.622617 1.721274 -0.106218
v -0.625933 1.714029 -0.085262
v -0.622617 1.721274 0.106218
v -0.574154 1.790848 -0.154868
v -0.589377 1.778316 -0.168838
v -0.604600 1.765785 -0.182807
v -0.619822 1.753254 -0.196777
v -0.635045 1.740722 -0.210746
v -0.650268 1.728191 -0.224716
v -0.657015 1.711584 -0.204099
v -0.641196 1.725230 -0.191098
v -0.625377 1.738876 -0.178097
v -0.609557 1.752522 -0.165095
v -0.593738 1.766168 -0.152094
v -0.577919 1.779814 -0.139093
v -0.562100 1.793460 -0.126092
v -0.647115 1.711184 -0.170013
v -0.630708 1.725897 -0.158160
v -0.614302 1.740611 -0.146308
v -0.597896 1.755325 -0.134456
v -0.581489 1.770039 -0.122604
v -0.565083 1.784753 -0.110752
v -0.635665 1.714453 -0.137152
v -0.618700 1.730160 -0.126623
v -0.601735 1.745866 -0.116094
v -0.584770 1.761572 -0.105566
v -0.567805 1.777278 -0.095037
v -0.605142 1.737869 -0.097179
v -0.587667 1.754464 -0.088141
v -0.570192 1.771059 -0.079102
v -0.572182 1.766085 -0.063079
v -0.590099 1.748733 -0.070473
v -0.608016 1.731381 -0.077867
v -0.610301 1.726387 -0.058317
v -0.592025 1.744346 -0.052687
v -0.573749 1.762305 -0.047057
v -0.611950 1.722872 -0.038701
v -0.593411 1.741272 -0.034920
v -0.574871 1.759673 -0.031138
v -0.612932 1.720801 -0.019267
v -0.594234 1.739465 -0.017371
v -0.575536 1.758130 -0.015475
v -0.612930 1.720810 0.019203
v -0.594232 1.739474 0.017313
v -0.575534 1.758137 0.015423
v -0.575756 1.757624 -0.000073
v -0.594507 1.738873 -0.000068
v -0.613257 1.720121 -0.000061
v -0.611945 1.722876 0.038700
v -0.593406 1.741275 0.034919
v -0.574868 1.759674 0.031138
v -0.610294 1.726393 0.058314
v -0.592019 1.744350 0.052686
v -0.573745 1.762307 0.047057
v -0.625929 1.714033 0.085260
v -0.608013 1.731384 0.077866
v -0.590097 1.748735 0.070472
v -0.572180 1.766086 0.063079
v -0.635662 1.714465 0.137145
v -0.618697 1.730172 0.126619
v -0.601732 1.745878 0.116093
v -0.584767 1.761585 0.105567
v -0.567802 1.777291 0.095041
v -0.570192 1.771059 0.079102
v -0.587667 1.754464 0.088141
v -0.605142 1.737869 0.097179
v -0.647109 1.711218 0.169986
v -0.630702 1.725932 0.158141
v -0.614295 1.740647 0.146297
v -0.597888 1.755361 0.134452
v -0.581480 1.770075 0.122607
v -0.565073 1.784789 0.110763
v -0.657009 1.711630 0.204053
v -0.641189 1.725276 0.191062
v -0.625368 1.738923 0.178071
v -0.609548 1.752569 0.165079
v -0.593728 1.766216 0.152088
v -0.577907 1.779862 0.139097
v -0.562087 1.793509 0.126105
v -0.650266 1.728216 0.224689
v -0.635042 1.740747 0.210725
v -0.619819 1.753279 0.196761
v -0.604595 1.765811 0.182797
v -0.589372 1.778342 0.168833
v -0.574148 1.790874 0.154869
v -0.558924 1.803406 0.140905
v -0.643483 1.746047 0.243558
v -0.628847 1.757445 0.228798
v -0.614211 1.768844 0.214038
v -0.599574 1.780242 0.199277
v -0.584938 1.791640 0.184517
v -0.570302 1.803038 0.169757
v -0.555666 1.814436 0.154997
v -0.636669 1.765432 0.260978
v -0.622608 1.775675 0.245577
v -0.608548 1.785917 0.230176
v -0.594488 1.796160 0.214776
v -0.580427 1.806402 0.199375
v -0.566367 1.816644 0.183974
v -0.552307 1.826887 0.168574
v -0.629840 1.786701 0.277233
v -0.616344 1.795755 0.261318
v -0.602849 1.804809 0.245403
v -0.589353 1.813863 0.229488
v -0.575858 1.822916 0.213573
v -0.562362 1.831970 0.197658
v -0.548867 1.841024 0.181743
v -0.623202 1.809682 0.292102
v -0.610245 1.817531 0.275789
v -0.597288 1.825381 0.259475
v -0.584332 1.833230 0.243161
v -0.571375 1.841079 0.226847
v -0.558418 1.848928 0.210533
v -0.545462 1.856778 0.194220
v -0.616961 1.834202 0.305366
v -0.604502 1.840847 0.288758
v -0.592042 1.847493 0.272150
v -0.579583 1.854139 0.255542
v -0.567124 1.860785 0.238935
v -0.554665 1.867431 0.222327
v -0.542206 1.874077 0.205719
v -0.611322 1.860087 0.316803
v -0.599304 1.865548 0.299995
v -0.587287 1.871009 0.283187
v -0.575269 1.876470 0.266379
v -0.563251 1.881931 0.249572
v -0.551233 1.887392 0.232764
v -0.539216 1.892853 0.215956
v -0.606510 1.887143 0.326217
v -0.594863 1.891450 0.309283
v -0.583216 1.895757 0.292349
v -0.571569 1.900064 0.275415
v -0.559922 1.904370 0.258481
v -0.548274 1.908677 0.241546
v -0.536627 1.912984 0.224612
v -0.602654 1.915038 0.333553
v -0.591300 1.918222 0.316544
v -0.579946 1.921407 0.299536
v -0.568593 1.924591 0.282527
v -0.557239 1.927775 0.265518
v -0.545885 1.930960 0.248510
v -0.534531 1.934144 0.231501
v -0.599819 1.943396 0.338803
v -0.588678 1.945489 0.321758
v -0.577538 1.947582 0.304713
v -0.566397 1.949675 0.287668
v -0.555257 1.951768 0.270623
v -0.544116 1.953861 0.253578
v -0.532976 1.955954 0.236532
v -0.598070 1.971842 0.341959
v -0.587059 1.972874 0.324902
v -0.576049 1.973905 0.307845
v -0.565039 1.974937 0.290788
v -0.554028 1.975969 0.273731
v -0.543018 1.977001 0.256674
v -0.532007 1.978032 0.239617
v -0.597472 2.000000 0.343013
v -0.586506 2.000000 0.325955
v -0.575540 2.000000 0.308897
v -0.564573 2.000000 0.291839
v -0.553607 2.000000 0.274781
v -0.542641 2.000000 0.257723
v -0.531674 2.000000 0.240665
v -0.598070 2.028158 0.341959
v -0.587059 2.027127 0.324902
v -0.576049 2.026095 0.307845
v -0.565039 2.025063 0.290788
v -0.554028 2.024031 0.273731
v -0.543018 2.023000 0.256674
v -0.532007 2.021968 0.239617
v -0.599819 2.056604 0.338803
v -0.588678 2.054511 0.321758
v -0.577538 2.052418 0.304713
v -0.566397 2.050325 0.287668
v -0.555257 2.048232 0.270623
v -0.544116 2.046139 0.253578
v -0.532976 2.044046 0.236532
v -0.602654 2.084962 0.333553
v -0.591300 2.081778 0.316544
v -0.579946 2.078593 0.299536
v -0.568593 2.075409 0.282527
v -0.557239 2.072225 0.265518
v -0.545885 2.069040 0.248510
v -0.534531 2.065856 0.231501
v -0.606510 2.112857 0.326217
v -0.594863 2.108550 0.309283
v -0.583216 2.104244 0.292349
v -0.571569 2.099936 0.275415
v -0.559922 2.095630 0.258481
v -0.548274 2.091323 0.241546
v -0.536627 2.087016 0.224612
v -0.611322 2.139913 0.316803
v -0.599304 2.134452 0.299995
v -0.587287 2.128991 0.283187
v -0.575269 2.123530 0.266379
v -0.563251 2.118069 0.249572
v -0.551233 2.112608 0.232764
v -0.539216 2.107147 0.215956
v -0.616961 2.165798 0.305366
v -0.604502 2.159153 0.288758
v -0.592042 2.152507 0.272150
v -0.579583 2.145861 0.255542
v -0.567124 2.139215 0.238935
v -0.554665 2.132569 0.222327
v -0.542206 2.125923 0.205719
v -0.623202 2.190318 0.292102
v -0.610245 2.182469 0.275789
v -0.597288 2.174619 0.259475
v -0.584332 2.166770 0.243161
v -0.571375 2.158921 0.226847
v -0.558418 2.151072 0.210533
v -0.545462 2.143223 0.194220
v -0.629840 2.213299 0.277233
v -0.616344 2.204245 0.261318
v -0.602849 2.195191 0.245403
v -0.589353 2.186137 0.229488
v -0.575858 2.177084 0.213573
v -0.562362 2.168030 0.197658
v -0.548867 2.158976 0.181743
v -0.636669 2.234568 0.260978
v -0.622608 2.224325 0.245577
v -0.608548 2.214083 0.230176
v -0.594488 2.203840 0.214776
v -0.580427 2.193598 0.199375
v -0.566367 2.183356 0.183974
v -0.552307 2.173113 0.168574
v -0.643483 2.253953 0.243558
v -0.628847 2.242555 0.228798
v -0.614211 2.231156 0.214038
v -0.599574 2.219758 0.199277
v -0.584938 2.208360 0.184517
v -0.570302 2.196962 0.169757
v -0.555666 2.185564 0.154997
v -0.650266 2.271785 0.224689
v -0.635042 2.259253 0.210725
v -0.619819 2.246721 0.196761
v -0.604595 2.234189 0.182797
v -0.589372 2.221658 0.168833
v -0.574148 2.209126 0.154869
v -0.558924 2.196594 0.140905
v -0.657009 2.288370 0.204053
v -0.641189 2.274724 0.191062
v -0.625368 2.261077 0.178071
v -0.609548 2.247431 0.165079
v -0.593728 2.233784 0.152088
v -0.577907 2.220138 0.139097
v -0.562087 2.206491 0.126105
v -0.663517 2.303496 0.181830
v -0.647109 2.288782 0.169986
v -0.630702 2.274068 0.158141
v -0.614295 2.259353 0.146297
v -0.597888 2.244639 0.134452
v -0.581480 2.229925 0.122607
v -0.565073 2.215211 0.110763
v -0.669593 2.316947 0.158198
v -0.652628 2.301241 0.147671
v -0.635662 2.285535 0.137145
v -0.618697 2.269828 0.126619
v -0.601732 2.254122 0.116093
v -0.584767 2.238415 0.105567
v -0.567802 2.222709 0.095041
v -0.675042 2.328510 0.133333
v -0.657567 2.311915 0.124295
v -0.640092 2.295321 0.115256
v -0.622617 2.278726 0.106218
v -0.605142 2.262131 0.097179
v -0.587667 2.245536 0.088141
v -0.570192 2.228941 0.079102
v -0.679684 2.338027 0.107445
v -0.661767 2.320675 0.100050
v -0.643850 2.303323 0.092656
v -0.625933 2.285971 0.085262
v -0.608016 2.268619 0.077867
v -0.590099 2.251267 0.070473
v -0.572182 2.233915 0.063079
v -0.683405 2.345450 0.080837
v -0.665129 2.327491 0.075207
v -0.646853 2.309531 0.069577
v -0.628577 2.291572 0.063947
v -0.610301 2.273613 0.058317
v -0.592025 2.255654 0.052687
v -0.573749 2.237695 0.047057
v -0.686109 2.350730 0.053829
v -0.667569 2.332329 0.050047
v -0.649029 2.313929 0.046265
v -0.630490 2.295529 0.042483
v -0.611950 2.277128 0.038701
v -0.593410 2.258728 0.034920
v -0.574871 2.240328 0.031138
v -0.687725 2.353856 0.026845
v -0.669027 2.335192 0.024950
v -0.650329 2.316528 0.023054
v -0.631631 2.297863 0.021158
v -0.612933 2.279199 0.019262
v -0.594234 2.260535 0.017367
v -0.575536 2.241870 0.015471
v -0.688261 2.354887 0.000074
v -0.669510 2.336136 0.000076
v -0.650759 2.317384 0.000077
v -0.632009 2.298632 0.000077
v -0.613258 2.279881 0.000076
v -0.594507 2.261129 0.000074
v -0.575756 2.242377 0.000071
v -0.687723 2.353847 -0.026765
v -0.669025 2.335183 -0.024875
v -0.650327 2.316519 -0.022985
v -0.631629 2.297855 -0.021095
v -0.612931 2.279191 -0.019205
v -0.594233 2.260527 -0.017315
v -0.575535 2.241863 -0.015425
v -0.686101 2.350721 -0.053823
v -0.667562 2.332322 -0.050042
v -0.649023 2.313923 -0.046261
v -0.630485 2.295524 -0.042481
v -0.611946 2.277124 -0.038700
v -0.593407 2.258725 -0.034919
v -0.574868 2.240326 -0.031138
v -0.683393 2.345437 -0.080828
v -0.665119 2.327480 -0.075199
v -0.646844 2.309522 -0.069571
v -0.628569 2.291565 -0.063943
v -0.610294 2.273608 -0.058314
v -0.592020 2.255651 -0.052686
v -0.573745 2.237693 -0.047057
v -0.679679 2.338022 -0.107441
v -0.661762 2.320670 -0.100047
v -0.643846 2.303319 -0.092654
v -0.625930 2.285968 -0.085260
v -0.608013 2.268616 -0.077866
v -0.590097 2.251265 -0.070472
v -0.572181 2.233914 -0.063079
v -0.675042 2.328510 -0.133333
v -0.657567 2.311915 -0.124295
v -0.640092 2.295321 -0.115256
v -0.622617 2.278726 -0.106218
v -0.605142 2.262131 -0.097179
v -0.587667 2.245536 -0.088141
v -0.570192 2.228941 -0.079102
v -0.669593 2.316947 -0.158198
v -0.652628 2.301241 -0.147671
v -0.635662 2.285535 -0.137145
v -0.618697 2.269828 -0.126619
v -0.601732 2.254122 -0.116093
v -0.584767 2.238415 -0.105567
v -0.567802 2.222709 -0.095041
v -0.663517 2.303496 -0.181830
v -0.647109 2.288782 -0.169986
v -0.630702 2.274068 -0.158141
v -0.614295 2.259353 -0.146297
v -0.597888 2.244639 -0.134452
v -0.581480 2.229925 -0.122607
v -0.565073 2.215211 -0.110763
v -0.657009 2.288370 -0.204053
v -0.641189 2.274724 -0.191062
v -0.625368 2.261077 -0.178071
v -0.609548 2.247431 -0.165079
v -0.593728 2.233784 -0.152088
v -0.577907 2.220138 -0.139097
v -0.562087 2.206491 -0.126105
v -0.650266 2.271785 -0.224689
v -0.635042 2.259253 -0.210725
v -0.619819 2.246721 -0.196761
v -0.604595 2.234189 -0.182797
v -0.589372 2.221658 -0.168833
v -0.574148 2.209126 -0.154869
v -0.558924 2.196594 -0.140905
v -0.643483 2.253953 -0.243558
v -0.628847 2.242555 -0.228798
v -0.614211 2.231156 -0.214038
v -0.599574 2.219758 -0.199277
v -0.584938 2.208360 -0.184517
v -0.570302 2.196962 -0.169757
v -0.555666 2.185564 -0.154997
v -0.636669 2.234568 -0.260978
v -0.622608 2.224325 -0.245577
v -0.608548 2.214083 -0.230176
v -0.594488 2.203840 -0.214776
v -0.580427 2.193598 -0.199375
v -0.566367 2.183356 -0.183974
v -0.552307 2.173113 -0.168574
v -0.629840 2.213299 -0.277233
v -0.616344 2.204245 -0.261318
v -0.602849 2.195191 -0.245403
v -0.589353 2.186137 -0.229488
v -0.575858 2.177084 -0.213573
v -0.562362 2.168030 -0.197658
v -0.548867 2.158976 -0.181743
v -0.623202 2.190318 -0.292102
v -0.610245 2.182469 -0.275789
v -0.597288 2.174619 -0.259475
v -0.584332 2.166770 -0.243161
v -0.571375 2.158921 -0.226847
v -0.558418 2.151072 -0.210533
v -0.545462 2.143223 -0.194220
v -0.616961 2.165798 -0.305366
v -0.604502 2.159153 -0.288758
v -0.592042 2.152507 -0.272150
v -0.579583 2.145861 -0.255542
v -0.567124 2.139215 -0.238935
v -0.554665 2.132569 -0.222327
v -0.542206 2.125923 -0.205719
v -0.611322 2.139913 -0.316803
v -0.599304 2.134452 -0.299995
v -0.587287 2.128991 -0.283187
v -0.575269 2.123530 -0.266379
v -0.563251 2.118069 -0.249572
v -0.551233 2.112608 -0.232764
v -0.539216 2.107147 -0.215956
v -0.606510 2.112857 -0.326217
v -0.594863 2.108550 -0.309283
v -0.583216 2.104244 -0.292349
v -0.571569 2.099936 -0.275415
v -0.559922 2.095630 -0.258481
v -0.548274 2.091323 -0.241546
v -0.536627 2.087016 -0.224612
v -0.602654 2.084962 -0.333553
v -0.591300 2.081778 -0.316544
v -0.579946 2.078593 -0.299536
v -0.568593 2.075409 -0.282527
v -0.557239 2.072225 -0.265518
v -0.545885 2.069040 -0.248510
v -0.534531 2.065856 -0.231501
v -0.599819 2.056604 -0.338803
v -0.588678 2.054511 -0.321758
v -0.577538 2.052418 -0.304713
v -0.566397 2.050325 -0.287668
v -0.555257 2.048232 -0.270623
v -0.544116 2.046139 -0.253578
v -0.532976 2.044046 -0.236532
v -0.598070 2.028158 -0.341959
v -0.587059 2.027127 -0.324902
v -0.576049 2.026095 -0.307845
v -0.565039 2.025063 -0.290788
v -0.554028 2.024031 -0.273731
v -0.543018 2.023000 -0.256674
v -0.532007 2.021968 -0.239617
v -0.643411 1.746212 -0.243761
v -0.628780 1.757600 -0.228994
v -0.614150 1.768989 -0.214226
v -0.599519 1.780377 -0.199459
v -0.584889 1.791765 -0.184692
v -0.570258 1.803154 -0.169925
v -0.555628 1.814542 -0.155157
v -0.552240 1.827071 -0.168862
v -0.566289 1.816849 -0.184277
v -0.580338 1.806627 -0.199693
v -0.594387 1.796405 -0.215108
v -0.608436 1.786183 -0.230524
v -0.622485 1.775961 -0.245940
v -0.636534 1.765739 -0.261355
v -0.548830 1.841088 -0.181923
v -0.562317 1.832050 -0.197852
v -0.575804 1.823012 -0.213782
v -0.589291 1.813973 -0.229711
v -0.602779 1.804935 -0.245640
v -0.616266 1.795897 -0.261569
v -0.629753 1.786859 -0.277498
v -0.545462 1.856715 -0.194252
v -0.558415 1.848873 -0.210576
v -0.571369 1.841030 -0.226899
v -0.584322 1.833187 -0.243222
v -0.597276 1.825344 -0.259545
v -0.610229 1.817502 -0.275868
v -0.623183 1.809659 -0.292191
v -0.542210 1.874048 -0.205718
v -0.554668 1.867403 -0.222330
v -0.567127 1.860759 -0.238941
v -0.579585 1.854115 -0.255553
v -0.592044 1.847471 -0.272164
v -0.604502 1.840827 -0.288776
v -0.616960 1.834183 -0.305387
v -0.536616 1.912995 -0.224640
v -0.548263 1.908687 -0.241572
v -0.559909 1.904380 -0.258504
v -0.571555 1.900073 -0.275436
v -0.583202 1.895765 -0.292368
v -0.594848 1.891458 -0.309300
v -0.606494 1.887151 -0.326232
v -0.611339 1.860122 -0.316784
v -0.599319 1.865590 -0.299978
v -0.587299 1.871057 -0.283171
v -0.575279 1.876523 -0.266365
v -0.563260 1.881990 -0.249558
v -0.551241 1.887455 -0.232751
v -0.539221 1.892921 -0.215945
v -0.534484 1.934085 -0.231620
v -0.545833 1.930904 -0.248622
v -0.557182 1.927722 -0.265625
v -0.568531 1.924541 -0.282627
v -0.579880 1.921359 -0.299629
v -0.591228 1.918178 -0.316632
v -0.602577 1.914996 -0.333634
v -0.532925 1.955896 -0.236658
v -0.544061 1.953806 -0.253697
v -0.555196 1.951716 -0.270735
v -0.566332 1.949626 -0.287774
v -0.577467 1.947536 -0.304812
v -0.588602 1.945447 -0.321851
v -0.599738 1.943357 -0.338889
v -0.531987 1.978011 -0.239667
v -0.542996 1.976980 -0.256721
v -0.554004 1.975950 -0.273776
v -0.565013 1.974919 -0.290830
v -0.576021 1.973889 -0.307885
v -0.587029 1.972858 -0.324939
v -0.598038 1.971828 -0.341994
v 0.650425 1.708387 -0.173025
v 0.642883 1.708441 -0.144267
v 0.636471 1.708552 -0.115487
v 0.631333 1.708680 -0.086673
v 0.627576 1.708794 -0.057815
v 0.625270 1.708876 -0.028922
v 0.624486 1.708907 0.000000
v 0.625270 1.708876 0.028922
v 0.627576 1.708794 0.057815
v 0.631333 1.708680 0.086673
v 0.636471 1.708552 0.115487
v 0.642883 1.708441 0.144267
v 0.650425 1.708387 0.173025
v 0.649126 1.575525 0.177792
v 0.641918 1.573193 0.148428
v 0.635814 1.571205 0.118948
v 0.630944 1.569610 0.089346
v 0.627394 1.568444 0.059634
v 0.625222 1.567729 0.029843
v 0.624486 1.567486 0.000000
v 0.625223 1.567729 -0.029842
v 0.627394 1.568445 -0.059634
v 0.630944 1.569610 -0.089346
v 0.635814 1.571205 -0.118948
v 0.641918 1.573193 -0.148428
v 0.649126 1.575525 -0.177792
v 0.665444 1.693568 -0.188008
v 0.672893 1.677145 -0.187045
v 0.676122 1.666008 -0.186852
v 0.669818 1.646789 -0.149441
v 0.669135 1.628216 -0.150436
v 0.674109 1.612573 -0.190341
v 0.665093 1.610134 -0.152112
v 0.667274 1.596069 -0.192987
v 0.661410 1.586267 -0.195013
v 0.677917 1.630114 -0.188402
v 0.655650 1.693408 -0.150266
v 0.663654 1.676630 -0.149361
v 0.667136 1.665200 -0.149157
v 0.657811 1.593164 -0.154413
v 0.651565 1.583124 -0.156181
v 0.678590 1.648125 -0.187227
v 0.649496 1.693394 -0.122006
v 0.657887 1.676389 -0.121193
v 0.661546 1.664765 -0.120998
v 0.664378 1.646003 -0.121218
v 0.663690 1.627052 -0.122058
v 0.659485 1.608607 -0.123489
v 0.651895 1.591326 -0.125466
v 0.645385 1.581129 -0.126985
v 0.644485 1.693437 -0.093784
v 0.653216 1.676244 -0.093107
v 0.657032 1.664457 -0.092938
v 0.659998 1.645397 -0.093099
v 0.659306 1.626124 -0.093765
v 0.654960 1.607369 -0.094912
v 0.647100 1.589822 -0.096500
v 0.640359 1.579492 -0.097723
v 0.640711 1.693496 -0.065578
v 0.649714 1.676162 -0.065077
v 0.653654 1.664250 -0.064948
v 0.656727 1.644960 -0.065057
v 0.656033 1.625436 -0.065533
v 0.651576 1.606440 -0.066359
v 0.643502 1.588687 -0.067506
v 0.636578 1.578254 -0.068390
v 0.638228 1.693553 -0.037377
v 0.647417 1.676125 -0.037081
v 0.651444 1.664130 -0.037003
v 0.654591 1.644684 -0.037064
v 0.653897 1.624991 -0.037339
v 0.649363 1.605831 -0.037819
v 0.641143 1.587939 -0.038487
v 0.634093 1.577437 -0.039001
v 0.637011 1.693589 0.000000
v 0.646296 1.676115 0.000000
v 0.650368 1.664078 0.000000
v 0.653553 1.644554 0.000000
v 0.652858 1.624776 0.000000
v 0.648286 1.605533 0.000000
v 0.639991 1.587571 0.000000
v 0.632877 1.577035 0.000000
v 0.638253 1.693553 0.037766
v 0.647440 1.676126 0.037467
v 0.651467 1.664131 0.037389
v 0.654613 1.644686 0.037450
v 0.653918 1.624995 0.037728
v 0.649386 1.605837 0.038213
v 0.641167 1.587946 0.038887
v 0.634118 1.577445 0.039407
v 0.641868 1.693475 0.075291
v 0.650786 1.676184 0.074725
v 0.654687 1.664311 0.074581
v 0.657726 1.645092 0.074707
v 0.657033 1.625646 0.075250
v 0.652610 1.606724 0.076190
v 0.644603 1.589035 0.077494
v 0.637736 1.578634 0.078499
v 0.647733 1.693404 0.112815
v 0.656239 1.676333 0.112026
v 0.659950 1.664652 0.111828
v 0.662826 1.645786 0.112014
v 0.662134 1.626722 0.112784
v 0.657877 1.608168 0.114112
v 0.650191 1.590793 0.115953
v 0.643599 1.580548 0.117370
v 0.655687 1.693408 0.150422
v 0.663689 1.676632 0.149517
v 0.667170 1.665203 0.149313
v 0.669851 1.646794 0.149597
v 0.669168 1.628223 0.150593
v 0.665126 1.610143 0.152270
v 0.657847 1.593175 0.154573
v 0.651603 1.583136 0.156342
v 0.665466 1.693569 0.188086
v 0.672914 1.677146 0.187123
v 0.676142 1.666010 0.186930
v 0.674130 1.612579 0.190420
v 0.667295 1.596076 0.193066
v 0.661432 1.586274 0.195093
v 0.678610 1.648128 0.187306
v 0.677937 1.630119 0.188481
v 0.526345 1.200000 -0.364154
v 0.490194 1.200000 -0.300000
v 0.490399 1.182215 -0.299464
v 0.491009 1.164323 -0.297855
v 0.492020 1.146470 -0.295177
v 0.493426 1.128803 -0.291429
v 0.495218 1.111487 -0.286628
v 0.497356 1.094641 -0.280845
v 0.499798 1.078344 -0.274162
v 0.502498 1.062669 -0.266662
v 0.508502 1.033498 -0.249550
v 0.514997 1.007653 -0.230214
v 0.521600 0.985224 -0.209441
v 0.527981 0.966186 -0.187966
v 0.534033 0.949965 -0.165726
v 0.539733 0.936024 -0.142427
v 0.544866 0.924419 -0.118480
v 0.549220 0.915204 -0.094294
v 0.552625 0.908328 -0.070199
v 0.555056 0.903601 -0.046350
v 0.556514 0.900875 -0.022899
v 0.557000 0.900000 0.000000
v 0.556514 0.900875 0.022899
v 0.555056 0.903601 0.046350
v 0.552625 0.908328 0.070199
v 0.549220 0.915204 0.094294
v 0.544866 0.924419 0.118480
v 0.539733 0.936024 0.142427
v 0.534033 0.949965 0.165726
v 0.527981 0.966186 0.187966
v 0.521590 0.985269 0.209447
v 0.514975 1.007757 0.230228
v 0.508489 1.033564 0.249558
v 0.502487 1.062601 0.266686
v 0.499800 1.078293 0.274157
v 0.497394 1.094664 0.280765
v 0.495293 1.111585 0.286470
v 0.493521 1.128930 0.291231
v 0.492101 1.146571 0.295005
v 0.491058 1.164381 0.297753
v 0.490414 1.182233 0.299431
v 0.490194 1.200000 0.300000
v 0.490414 1.217767 0.299431
v 0.491058 1.235619 0.297753
v 0.492101 1.253429 0.295005
v 0.493521 1.271070 0.291231
v 0.495293 1.288415 0.286470
v 0.497394 1.305336 0.280765
v 0.499800 1.321707 0.274157
v 0.502487 1.337399 0.266686
v 0.508489 1.366436 0.249558
v 0.514975 1.392243 0.230228
v 0.521590 1.414731 0.209447
v 0.527981 1.433814 0.187966
v 0.534033 1.450035 0.165726
v 0.539733 1.463976 0.142427
v 0.544866 1.475581 0.118480
v 0.549220 1.484796 0.094294
v 0.552625 1.491672 0.070199
v 0.555056 1.496399 0.046350
v 0.556514 1.499125 0.022899
v 0.557000 1.500000 -0.000000
v 0.556514 1.499125 -0.022899
v 0.555056 1.496399 -0.046350
v 0.552625 1.491672 -0.070199
v 0.549220 1.484796 -0.094294
v 0.544866 1.475581 -0.118480
v 0.539733 1.463976 -0.142427
v 0.534033 1.450035 -0.165726
v 0.527981 1.433814 -0.187966
v 0.521590 1.414731 -0.209447
v 0.514975 1.392243 -0.230228
v 0.508489 1.366436 -0.249558
v 0.502487 1.337399 -0.266686
v 0.499800 1.321707 -0.274157
v 0.497394 1.305336 -0.280765
v 0.495293 1.288415 -0.286470
v 0.493521 1.271070 -0.291231
v 0.492101 1.253429 -0.295005
v 0.491058 1.235619 -0.297753
v 0.490414 1.217767 -0.299431
v 0.566027 0.891234 -0.019294
v 0.496981 1.142099 0.302391
v 0.545000 1.465260 -0.158613
v 0.552492 1.471843 -0.165378
v 0.559984 1.478427 -0.172144
v 0.567476 1.485010 -0.178909
v 0.574967 1.491594 -0.185674
v 0.582459 1.498177 -0.192440
v 0.589951 1.504760 -0.199205
v 0.597443 1.511344 -0.205971
v 0.612426 1.524511 -0.219502
v 0.627410 1.537677 -0.233032
v 0.642393 1.550844 -0.246563
v 0.651919 1.569028 -0.220033
v 0.636197 1.554724 -0.207586
v 0.620475 1.540420 -0.195138
v 0.604753 1.526116 -0.182691
v 0.596893 1.518965 -0.176468
v 0.589032 1.511813 -0.170244
v 0.581171 1.504661 -0.164021
v 0.573310 1.497509 -0.157797
v 0.565449 1.490357 -0.151574
v 0.557588 1.483205 -0.145350
v 0.549727 1.476053 -0.139127
v 0.554021 1.485303 -0.119226
v 0.562236 1.492990 -0.124803
v 0.570451 1.500677 -0.130381
v 0.578666 1.508364 -0.135958
v 0.586881 1.516051 -0.141535
v 0.595096 1.523737 -0.147113
v 0.603310 1.531424 -0.152690
v 0.611525 1.539111 -0.158267
v 0.627955 1.554485 -0.169422
v 0.644385 1.569858 -0.180577
v 0.634635 1.566513 -0.142548
v 0.617552 1.550170 -0.132897
v 0.609010 1.541998 -0.128072
v 0.600469 1.533826 -0.123247
v 0.591927 1.525654 -0.118421
v 0.583386 1.517483 -0.113596
v 0.574844 1.509311 -0.108770
v 0.566303 1.501139 -0.103945
v 0.557761 1.492967 -0.099120
v 0.622629 1.559176 -0.106774
v 0.613803 1.550588 -0.102803
v 0.604977 1.542001 -0.098831
v 0.596151 1.533413 -0.094860
v 0.587325 1.524825 -0.090889
v 0.578499 1.516237 -0.086917
v 0.569673 1.507649 -0.082946
v 0.560847 1.499062 -0.078975
v 0.626659 1.566137 -0.080144
v 0.617602 1.557215 -0.077107
v 0.608544 1.548292 -0.074070
v 0.599487 1.539370 -0.071034
v 0.590429 1.530447 -0.067997
v 0.581372 1.521524 -0.064960
v 0.572315 1.512602 -0.061923
v 0.563257 1.503679 -0.058887
v 0.620365 1.561908 -0.051239
v 0.611135 1.552739 -0.049192
v 0.601905 1.543569 -0.047145
v 0.592676 1.534399 -0.045099
v 0.583446 1.525230 -0.043052
v 0.574216 1.516060 -0.041006
v 0.564986 1.506890 -0.038959
v 0.622053 1.564701 -0.025452
v 0.612716 1.555379 -0.024426
v 0.603378 1.546056 -0.023400
v 0.594040 1.536733 -0.022374
v 0.584702 1.527411 -0.021348
v 0.575365 1.518088 -0.020322
v 0.566027 1.508766 -0.019296
v 0.622053 1.564701 0.025452
v 0.612716 1.555379 0.024426
v 0.603378 1.546056 0.023400
v 0.594040 1.536733 0.022374
v 0.584702 1.527411 0.021348
v 0.575365 1.518088 0.020322
v 0.566027 1.508766 0.019296
v 0.566375 1.509375 0.000000
v 0.575750 1.518750 0.000000
v 0.585125 1.528125 0.000000
v 0.594500 1.537500 0.000000
v 0.603875 1.546875 0.000000
v 0.613250 1.556250 0.000000
v 0.622625 1.565625 0.000000
v 0.620365 1.561908 0.051239
v 0.611135 1.552739 0.049192
v 0.601905 1.543569 0.047145
v 0.592676 1.534399 0.045099
v 0.583446 1.525230 0.043052
v 0.574216 1.516060 0.041006
v 0.564986 1.506890 0.038959
v 0.626659 1.566137 0.080144
v 0.617602 1.557215 0.077107
v 0.608544 1.548292 0.074070
v 0.599487 1.539370 0.071034
v 0.590429 1.530447 0.067997
v 0.581372 1.521524 0.064960
v 0.572315 1.512602 0.061923
v 0.563257 1.503679 0.058887
v 0.622629 1.559176 0.106774
v 0.613803 1.550588 0.102803
v 0.604977 1.542001 0.098831
v 0.596151 1.533413 0.094860
v 0.587325 1.524825 0.090889
v 0.578499 1.516237 0.086917
v 0.569673 1.507649 0.082946
v 0.560847 1.499062 0.078975
v 0.634635 1.566513 0.142548
v 0.617552 1.550170 0.132897
v 0.609010 1.541998 0.128072
v 0.600469 1.533826 0.123247
v 0.591927 1.525654 0.118421
v 0.583386 1.517483 0.113596
v 0.574844 1.509311 0.108770
v 0.566303 1.501139 0.103945
v 0.557761 1.492967 0.099120
v 0.644385 1.569858 0.180577
v 0.627955 1.554485 0.169422
v 0.611525 1.539111 0.158267
v 0.603310 1.531424 0.152690
v 0.595096 1.523737 0.147113
v 0.586881 1.516051 0.141535
v 0.578666 1.508364 0.135958
v 0.570451 1.500677 0.130381
v 0.562236 1.492990 0.124803
v 0.554021 1.485303 0.119226
v 0.642393 1.550844 0.246563
v 0.627410 1.537677 0.233032
v 0.612426 1.524511 0.219502
v 0.597443 1.511344 0.205971
v 0.589951 1.504760 0.199205
v 0.582459 1.498177 0.192440
v 0.574967 1.491594 0.185674
v 0.567476 1.485010 0.178909
v 0.559984 1.478427 0.172144
v 0.552492 1.471843 0.165378
v 0.545000 1.465260 0.158613
v 0.549727 1.476053 0.139127
v 0.557588 1.483205 0.145350
v 0.565449 1.490357 0.151574
v 0.573310 1.497509 0.157797
v 0.581171 1.504661 0.164021
v 0.589032 1.511813 0.170244
v 0.596893 1.518965 0.176468
v 0.604753 1.526116 0.182691
v 0.620475 1.540420 0.195138
v 0.636197 1.554724 0.207586
v 0.651919 1.569028 0.220033
v 0.632516 1.530935 0.271132
v 0.618277 1.518940 0.256724
v 0.604038 1.506946 0.242315
v 0.589799 1.494951 0.227906
v 0.582680 1.488953 0.220702
v 0.575560 1.482956 0.213498
v 0.568441 1.476959 0.206293
v 0.561321 1.470961 0.199089
v 0.554202 1.464964 0.191885
v 0.547083 1.458967 0.184680
v 0.539963 1.452969 0.177476
v 0.622566 1.509557 0.293549
v 0.609053 1.498737 0.278466
v 0.595541 1.487916 0.263383
v 0.582029 1.477096 0.248299
v 0.575273 1.471686 0.240758
v 0.568517 1.466275 0.233216
v 0.561761 1.460865 0.225674
v 0.555005 1.455455 0.218132
v 0.548249 1.450045 0.210591
v 0.541493 1.444634 0.203049
v 0.534737 1.439224 0.195507
v 0.612532 1.486315 0.314232
v 0.599727 1.476673 0.298654
v 0.586922 1.467032 0.283075
v 0.574117 1.457390 0.267497
v 0.567715 1.452569 0.259708
v 0.561313 1.447748 0.251918
v 0.554910 1.442927 0.244129
v 0.548508 1.438106 0.236340
v 0.542105 1.433286 0.228551
v 0.535703 1.428465 0.220761
v 0.529300 1.423644 0.212972
v 0.602428 1.460776 0.333541
v 0.590314 1.452328 0.317613
v 0.578199 1.443880 0.301686
v 0.566084 1.435432 0.285758
v 0.560027 1.431208 0.277794
v 0.553969 1.426985 0.269831
v 0.547912 1.422761 0.261867
v 0.541855 1.418537 0.253903
v 0.535797 1.414313 0.245939
v 0.529740 1.410089 0.237975
v 0.523683 1.405865 0.230012
v 0.592556 1.433111 0.351221
v 0.581097 1.425854 0.335072
v 0.569639 1.418597 0.318923
v 0.558180 1.411340 0.302773
v 0.552451 1.407712 0.294699
v 0.546721 1.404084 0.286624
v 0.540992 1.400455 0.278549
v 0.535262 1.396827 0.270475
v 0.529533 1.393198 0.262400
v 0.523804 1.389570 0.254326
v 0.518074 1.385942 0.246251
v 0.583218 1.403492 0.367019
v 0.572364 1.397406 0.350757
v 0.561510 1.391319 0.334495
v 0.550655 1.385232 0.318233
v 0.545228 1.382188 0.310102
v 0.539801 1.379145 0.301970
v 0.534374 1.376102 0.293839
v 0.528947 1.373058 0.285708
v 0.523520 1.370015 0.277577
v 0.518093 1.366971 0.269446
v 0.512666 1.363928 0.261315
v 0.574717 1.372093 0.380682
v 0.564398 1.367137 0.364397
v 0.554080 1.362180 0.348112
v 0.543761 1.357224 0.331827
v 0.538602 1.354746 0.323684
v 0.533443 1.352268 0.315541
v 0.528284 1.349790 0.307399
v 0.523124 1.347312 0.299256
v 0.517965 1.344834 0.291114
v 0.512806 1.342356 0.282971
v 0.507647 1.339878 0.274829
v 0.567397 1.339103 0.391974
v 0.557529 1.335225 0.375724
v 0.547661 1.331347 0.359475
v 0.537793 1.327469 0.343225
v 0.532859 1.325530 0.335101
v 0.527925 1.323591 0.326976
v 0.522991 1.321652 0.318851
v 0.518057 1.319713 0.310727
v 0.513123 1.317774 0.302602
v 0.508189 1.315835 0.294477
v 0.503255 1.313897 0.286353
v 0.561487 1.304918 0.400808
v 0.551976 1.302069 0.384621
v 0.542465 1.299220 0.368434
v 0.532954 1.296371 0.352247
v 0.528199 1.294947 0.344154
v 0.523444 1.293523 0.336060
v 0.518688 1.292098 0.327967
v 0.513933 1.290674 0.319873
v 0.509178 1.289249 0.311780
v 0.504422 1.287825 0.303686
v 0.499667 1.286400 0.295593
v 0.557110 1.270020 0.407156
v 0.547859 1.268156 0.391038
v 0.538609 1.266292 0.374920
v 0.529358 1.264429 0.358802
v 0.524733 1.263497 0.350743
v 0.520107 1.262565 0.342685
v 0.515482 1.261634 0.334626
v 0.510857 1.260702 0.326567
v 0.506232 1.259770 0.318508
v 0.501606 1.258839 0.310449
v 0.496981 1.257907 0.302390
v 0.554392 1.234887 0.410986
v 0.545300 1.233971 0.394924
v 0.536209 1.233055 0.378863
v 0.527117 1.232139 0.362801
v 0.522571 1.231681 0.354770
v 0.518026 1.231224 0.346739
v 0.513480 1.230766 0.338709
v 0.508934 1.230308 0.330678
v 0.504388 1.229850 0.322647
v 0.499843 1.229392 0.314616
v 0.495297 1.228934 0.306585
v 0.553458 1.200000 0.412269
v 0.544420 1.200000 0.396231
v 0.535383 1.200000 0.380192
v 0.526345 1.200000 0.364154
v 0.521826 1.200000 0.356135
v 0.517307 1.200000 0.348115
v 0.512789 1.200000 0.340096
v 0.508270 1.200000 0.332077
v 0.503751 1.200000 0.324058
v 0.499232 1.200000 0.316038
v 0.494713 1.200000 0.308019
v 0.554392 1.165113 0.410986
v 0.545300 1.166029 0.394924
v 0.536209 1.166945 0.378863
v 0.527117 1.167861 0.362801
v 0.522571 1.168319 0.354770
v 0.518026 1.168777 0.346739
v 0.513480 1.169234 0.338709
v 0.508934 1.169692 0.330678
v 0.504388 1.170150 0.322647
v 0.499843 1.170608 0.314616
v 0.495297 1.171066 0.306585
v 0.557099 1.130083 0.407170
v 0.547851 1.131929 0.391051
v 0.538602 1.133777 0.374931
v 0.529353 1.135625 0.358811
v 0.524729 1.136549 0.350751
v 0.520104 1.137473 0.342691
v 0.515479 1.138398 0.334631
v 0.510855 1.139323 0.326571
v 0.506230 1.140248 0.318511
v 0.501605 1.141174 0.310451
v 0.561487 1.095082 0.400808
v 0.551976 1.097931 0.384621
v 0.542465 1.100780 0.368434
v 0.532954 1.103629 0.352247
v 0.528199 1.105053 0.344154
v 0.523444 1.106477 0.336060
v 0.518688 1.107902 0.327967
v 0.513933 1.109326 0.319873
v 0.509178 1.110751 0.311780
v 0.504422 1.112175 0.303686
v 0.499667 1.113600 0.295593
v 0.567397 1.060897 0.391974
v 0.557529 1.064775 0.375724
v 0.547661 1.068653 0.359475
v 0.537793 1.072531 0.343225
v 0.532859 1.074470 0.335101
v 0.527925 1.076409 0.326976
v 0.522991 1.078348 0.318851
v 0.518057 1.080287 0.310727
v 0.513123 1.082226 0.302602
v 0.508189 1.084165 0.294477
v 0.503255 1.086103 0.286353
v 0.574717 1.027907 0.380682
v 0.564398 1.032863 0.364397
v 0.554080 1.037820 0.348112
v 0.543761 1.042776 0.331827
v 0.538602 1.045254 0.323684
v 0.533443 1.047732 0.315541
v 0.528284 1.050210 0.307399
v 0.523124 1.052688 0.299256
v 0.517965 1.055166 0.291114
v 0.512806 1.057644 0.282971
v 0.507647 1.060122 0.274829
v 0.583218 0.996508 0.367019
v 0.572364 1.002594 0.350757
v 0.561510 1.008681 0.334495
v 0.550655 1.014768 0.318233
v 0.545228 1.017812 0.310102
v 0.539801 1.020855 0.301970
v 0.534374 1.023898 0.293839
v 0.528947 1.026942 0.285708
v 0.523520 1.029985 0.277577
v 0.518093 1.033029 0.269446
v 0.512666 1.036072 0.261315
v 0.592556 0.966889 0.351221
v 0.581097 0.974146 0.335072
v 0.569639 0.981403 0.318923
v 0.558180 0.988660 0.302773
v 0.552451 0.992288 0.294699
v 0.546721 0.995916 0.286624
v 0.540992 0.999545 0.278549
v 0.535262 1.003173 0.270475
v 0.529533 1.006802 0.262400
v 0.523804 1.010430 0.254326
v 0.518074 1.014058 0.246251
v 0.602428 0.939224 0.333541
v 0.590314 0.947672 0.317613
v 0.578199 0.956120 0.301686
v 0.566084 0.964568 0.285758
v 0.560027 0.968792 0.277794
v 0.553969 0.973015 0.269831
v 0.547912 0.977239 0.261867
v 0.541855 0.981463 0.253903
v 0.535797 0.985687 0.245939
v 0.529740 0.989911 0.237975
v 0.523683 0.994135 0.230012
v 0.612532 0.913685 0.314232
v 0.599727 0.923327 0.298654
v 0.586922 0.932968 0.283075
v 0.574117 0.942610 0.267497
v 0.567715 0.947431 0.259708
v 0.561313 0.952252 0.251918
v 0.554910 0.957073 0.244129
v 0.548508 0.961894 0.236340
v 0.542105 0.966714 0.228551
v 0.535703 0.971535 0.220761
v 0.529300 0.976356 0.212972
v 0.622566 0.890443 0.293549
v 0.609053 0.901263 0.278466
v 0.595541 0.912084 0.263383
v 0.582029 0.922904 0.248299
v 0.575273 0.928315 0.240758
v 0.568517 0.933725 0.233216
v 0.561761 0.939135 0.225674
v 0.555005 0.944545 0.218132
v 0.548249 0.949955 0.210591
v 0.541493 0.955366 0.203049
v 0.534737 0.960776 0.195507
v 0.632516 0.869065 0.271132
v 0.618277 0.881060 0.256724
v 0.604038 0.893054 0.242315
v 0.589799 0.905049 0.227906
v 0.582680 0.911047 0.220702
v 0.575560 0.917044 0.213498
v 0.568441 0.923041 0.206293
v 0.561321 0.929039 0.199089
v 0.554202 0.935036 0.191885
v 0.547083 0.941033 0.184680
v 0.539963 0.947031 0.177476
v 0.642393 0.849156 0.246563
v 0.627410 0.862323 0.233032
v 0.612426 0.875490 0.219502
v 0.597443 0.888656 0.205971
v 0.589951 0.895240 0.199205
v 0.582459 0.901823 0.192440
v 0.574967 0.908406 0.185674
v 0.567476 0.914990 0.178909
v 0.559984 0.921573 0.172144
v 0.552492 0.928156 0.165378
v 0.545000 0.934740 0.158613
v 0.651919 0.830972 0.220033
v 0.636197 0.845276 0.207586
v 0.620475 0.859580 0.195138
v 0.604753 0.873884 0.182691
v 0.596893 0.881036 0.176468
v 0.589032 0.888187 0.170244
v 0.581171 0.895339 0.164021
v 0.573310 0.902491 0.157797
v 0.565449 0.909643 0.151574
v 0.557588 0.916795 0.145350
v 0.549727 0.923947 0.139127
v 0.660815 0.814768 0.191731
v 0.644385 0.830142 0.180577
v 0.627955 0.845515 0.169422
v 0.611525 0.860889 0.158267
v 0.603310 0.868576 0.152690
v 0.595096 0.876263 0.147113
v 0.586881 0.883949 0.141535
v 0.578666 0.891636 0.135958
v 0.570451 0.899323 0.130381
v 0.562236 0.907010 0.124803
v 0.554021 0.914697 0.119226
v 0.668801 0.800800 0.161849
v 0.651718 0.817143 0.152199
v 0.634635 0.833487 0.142548
v 0.617552 0.849830 0.132897
v 0.609010 0.858002 0.128072
v 0.600469 0.866174 0.123247
v 0.591927 0.874346 0.118421
v 0.583386 0.882517 0.113596
v 0.574844 0.890689 0.108770
v 0.566303 0.898861 0.103945
v 0.557761 0.907033 0.099120
v 0.675584 0.789297 0.130602
v 0.657933 0.806472 0.122659
v 0.640281 0.823648 0.114717
v 0.622629 0.840824 0.106774
v 0.613803 0.849411 0.102803
v 0.604977 0.857999 0.098831
v 0.596151 0.866587 0.094860
v 0.587325 0.875175 0.090889
v 0.578499 0.883763 0.086917
v 0.569673 0.892351 0.082946
v 0.560847 0.900938 0.078975
v 0.681003 0.780327 0.098364
v 0.662888 0.798172 0.092290
v 0.644774 0.816018 0.086217
v 0.626659 0.833863 0.080144
v 0.617602 0.842785 0.077107
v 0.608544 0.851708 0.074070
v 0.599487 0.860631 0.071034
v 0.590429 0.869553 0.067997
v 0.581372 0.878476 0.064960
v 0.572315 0.887398 0.061923
v 0.563257 0.896321 0.058887
v 0.684975 0.773904 0.065564
v 0.666515 0.792243 0.061471
v 0.648055 0.810583 0.057378
v 0.629595 0.828922 0.053285
v 0.620365 0.838092 0.051239
v 0.611135 0.847261 0.049192
v 0.601905 0.856431 0.047145
v 0.592676 0.865601 0.045099
v 0.583446 0.874770 0.043052
v 0.574216 0.883940 0.041006
v 0.564986 0.893110 0.038959
v 0.687418 0.770041 0.032633
v 0.668742 0.788686 0.030581
v 0.650066 0.807331 0.028529
v 0.631391 0.825976 0.026477
v 0.622053 0.835299 0.025452
v 0.612716 0.844621 0.024426
v 0.603378 0.853944 0.023400
v 0.594040 0.863267 0.022374
v 0.584702 0.872589 0.021348
v 0.575365 0.881912 0.020322
v 0.566027 0.891234 0.019296
v 0.688250 0.768750 0.000000
v 0.669500 0.787500 0.000000
v 0.650750 0.806250 0.000000
v 0.632000 0.825000 0.000000
v 0.622625 0.834375 0.000000
v 0.613250 0.843750 0.000000
v 0.603875 0.853125 0.000000
v 0.594500 0.862500 0.000000
v 0.585125 0.871875 0.000000
v 0.575750 0.881250 0.000000
v 0.566375 0.890625 0.000000
v 0.687420 0.770037 -0.032591
v 0.668744 0.788683 -0.030547
v 0.650068 0.807329 -0.028503
v 0.631392 0.825975 -0.026458
v 0.622054 0.835298 -0.025435
v 0.612716 0.844621 -0.024412
v 0.603378 0.853943 -0.023389
v 0.594040 0.863266 -0.022365
v 0.584702 0.872589 -0.021342
v 0.575365 0.881912 -0.020318
v 0.684975 0.773904 -0.065564
v 0.666515 0.792243 -0.061471
v 0.648055 0.810583 -0.057378
v 0.629595 0.828922 -0.053285
v 0.620365 0.838092 -0.051239
v 0.611135 0.847261 -0.049192
v 0.601905 0.856431 -0.047145
v 0.592676 0.865601 -0.045099
v 0.583446 0.874770 -0.043052
v 0.574216 0.883940 -0.041006
v 0.564986 0.893110 -0.038959
v 0.681003 0.780327 -0.098364
v 0.662888 0.798172 -0.092290
v 0.644774 0.816018 -0.086217
v 0.626659 0.833863 -0.080144
v 0.617602 0.842785 -0.077107
v 0.608544 0.851708 -0.074070
v 0.599487 0.860631 -0.071034
v 0.590429 0.869553 -0.067997
v 0.581372 0.878476 -0.064960
v 0.572315 0.887398 -0.061923
v 0.563257 0.896321 -0.058887
v 0.675584 0.789297 -0.130602
v 0.657933 0.806472 -0.122659
v 0.640281 0.823648 -0.114717
v 0.622629 0.840824 -0.106774
v 0.613803 0.849411 -0.102803
v 0.604977 0.857999 -0.098831
v 0.596151 0.866587 -0.094860
v 0.587325 0.875175 -0.090889
v 0.578499 0.883763 -0.086917
v 0.569673 0.892351 -0.082946
v 0.560847 0.900938 -0.078975
v 0.668801 0.800800 -0.161849
v 0.651718 0.817143 -0.152199
v 0.634635 0.833487 -0.142548
v 0.617552 0.849830 -0.132897
v 0.609010 0.858002 -0.128072
v 0.600469 0.866174 -0.123247
v 0.591927 0.874346 -0.118421
v 0.583386 0.882517 -0.113596
v 0.574844 0.890689 -0.108770
v 0.566303 0.898861 -0.103945
v 0.557761 0.907033 -0.099120
v 0.660815 0.814768 -0.191731
v 0.644385 0.830142 -0.180577
v 0.627955 0.845515 -0.169422
v 0.611525 0.860889 -0.158267
v 0.603310 0.868576 -0.152690
v 0.595096 0.876263 -0.147113
v 0.586881 0.883949 -0.141535
v 0.578666 0.891636 -0.135958
v 0.570451 0.899323 -0.130381
v 0.562236 0.907010 -0.124803
v 0.554021 0.914697 -0.119226
v 0.651919 0.830972 -0.220033
v 0.636197 0.845276 -0.207586
v 0.620475 0.859580 -0.195138
v 0.604753 0.873884 -0.182691
v 0.596893 0.881036 -0.176468
v 0.589032 0.888187 -0.170244
v 0.581171 0.895339 -0.164021
v 0.573310 0.902491 -0.157797
v 0.565449 0.909643 -0.151574
v 0.557588 0.916795 -0.145350
v 0.549727 0.923947 -0.139127
v 0.642393 0.849156 -0.246563
v 0.627410 0.862323 -0.233032
v 0.612426 0.875490 -0.219502
v 0.597443 0.888656 -0.205971
v 0.589951 0.895240 -0.199205
v 0.582459 0.901823 -0.192440
v 0.574967 0.908406 -0.185674
v 0.567476 0.914990 -0.178909
v 0.559984 0.921573 -0.172144
v 0.552492 0.928156 -0.165378
v 0.545000 0.934740 -0.158613
v 0.632516 0.869065 -0.271132
v 0.618277 0.881060 -0.256724
v 0.604038 0.893054 -0.242315
v 0.589799 0.905049 -0.227906
v 0.582680 0.911047 -0.220702
v 0.575560 0.917044 -0.213498
v 0.568441 0.923041 -0.206293
v 0.561321 0.929039 -0.199089
v 0.554202 0.935036 -0.191885
v 0.547083 0.941033 -0.184680
v 0.539963 0.947031 -0.177476
v 0.622566 0.890443 -0.293549
v 0.609053 0.901263 -0.278466
v 0.595541 0.912084 -0.263383
v 0.582029 0.922904 -0.248299
v 0.575273 0.928315 -0.240758
v 0.568517 0.933725 -0.233216
v 0.561761 0.939135 -0.225674
v 0.555005 0.944545 -0.218132
v 0.548249 0.949955 -0.210591
v 0.541493 0.955366 -0.203049
v 0.534737 0.960776 -0.195507
v 0.612534 0.913666 -0.314248
v 0.599730 0.923306 -0.298667
v 0.586926 0.932946 -0.283085
v 0.574121 0.942586 -0.267504
v 0.567719 0.947406 -0.259713
v 0.561317 0.952226 -0.251923
v 0.554915 0.957046 -0.244132
v 0.548513 0.961866 -0.236341
v 0.542111 0.966686 -0.228551
v 0.535709 0.971506 -0.220760
v 0.529307 0.976326 -0.212969
v 0.602433 0.939172 -0.333585
v 0.590320 0.947615 -0.317649
v 0.578207 0.956058 -0.301714
v 0.566094 0.964501 -0.285778
v 0.560038 0.968722 -0.277810
v 0.553982 0.972944 -0.269843
v 0.547925 0.977165 -0.261875
v 0.541869 0.981387 -0.253907
v 0.535813 0.985609 -0.245939
v 0.529756 0.989830 -0.237971
v 0.523700 0.994052 -0.230004
v 0.592561 0.966824 -0.351276
v 0.581104 0.974075 -0.335117
v 0.569648 0.981326 -0.318958
v 0.558192 0.988577 -0.302799
v 0.552464 0.992202 -0.294719
v 0.546736 0.995827 -0.286640
v 0.541008 0.999453 -0.278560
v 0.535279 1.003078 -0.270481
v 0.529551 1.006704 -0.262401
v 0.523823 1.010329 -0.254322
v 0.518095 1.013954 -0.246242
v 0.583223 0.996487 -0.367041
v 0.572369 1.002572 -0.350774
v 0.561516 1.008656 -0.334508
v 0.550663 1.014741 -0.318241
v 0.545236 1.017783 -0.310108
v 0.539809 1.020825 -0.301975
v 0.534383 1.023868 -0.293841
v 0.528956 1.026910 -0.285708
v 0.523529 1.029952 -0.277575
v 0.518103 1.032995 -0.269441
v 0.512676 1.036037 -0.261308
v 0.574736 1.027961 -0.380664
v 0.564415 1.032927 -0.364382
v 0.554093 1.037892 -0.348099
v 0.543772 1.042857 -0.331816
v 0.538612 1.045339 -0.323674
v 0.533452 1.047821 -0.315533
v 0.528291 1.050303 -0.307391
v 0.523131 1.052785 -0.299250
v 0.517971 1.055267 -0.291108
v 0.512811 1.057749 -0.282967
v 0.507651 1.060230 -0.274825
v 0.567367 1.060904 -0.391996
v 0.557500 1.064783 -0.375750
v 0.547633 1.068661 -0.359504
v 0.537767 1.072539 -0.343258
v 0.532833 1.074478 -0.335135
v 0.527900 1.076417 -0.327012
v 0.522966 1.078357 -0.318889
v 0.518033 1.080296 -0.310766
v 0.513099 1.082235 -0.302644
v 0.508166 1.084174 -0.294521
v 0.503232 1.086113 -0.286398
v 0.561366 1.095005 -0.400906
v 0.551861 1.097849 -0.384730
v 0.542356 1.100694 -0.368553
v 0.532851 1.103538 -0.352376
v 0.528098 1.104960 -0.344288
v 0.523345 1.106382 -0.336200
v 0.518593 1.107804 -0.328111
v 0.513840 1.109226 -0.320023
v 0.509088 1.110648 -0.311935
v 0.504335 1.112070 -0.303846
v 0.499583 1.113493 -0.295758
v 0.556982 1.129907 -0.407260
v 0.547737 1.131766 -0.391153
v 0.538492 1.133624 -0.375046
v 0.529248 1.135483 -0.358940
v 0.524625 1.136412 -0.350886
v 0.520003 1.137341 -0.342833
v 0.515381 1.138271 -0.334780
v 0.510759 1.139200 -0.326726
v 0.506136 1.140129 -0.318673
v 0.501514 1.141059 -0.310619
v 0.496892 1.141988 -0.302566
v 0.554341 1.165086 -0.411028
v 0.545252 1.166000 -0.394970
v 0.536162 1.166914 -0.378913
v 0.527073 1.167828 -0.362856
v 0.522529 1.168285 -0.354827
v 0.517984 1.168742 -0.346799
v 0.513439 1.169199 -0.338770
v 0.508895 1.169656 -0.330742
v 0.504350 1.170113 -0.322713
v 0.499806 1.170570 -0.314684
v 0.495261 1.171027 -0.306656
v 0.539963 1.452969 -0.177476
v 0.547083 1.458967 -0.184680
v 0.554202 1.464964 -0.191885
v 0.561321 1.470961 -0.199089
v 0.568441 1.476959 -0.206293
v 0.575560 1.482956 -0.213498
v 0.582680 1.488953 -0.220702
v 0.589799 1.494951 -0.227906
v 0.604038 1.506946 -0.242315
v 0.618277 1.518940 -0.256724
v 0.632516 1.530935 -0.271132
v 0.529300 1.423644 -0.212972
v 0.535703 1.428465 -0.220761
v 0.542105 1.433286 -0.228551
v 0.548508 1.438106 -0.236340
v 0.554910 1.442927 -0.244129
v 0.561313 1.447748 -0.251918
v 0.567715 1.452569 -0.259708
v 0.574117 1.457390 -0.267497
v 0.586922 1.467032 -0.283075
v 0.599727 1.476673 -0.298654
v 0.612532 1.486315 -0.314232
v 0.622566 1.509557 -0.293549
v 0.609053 1.498737 -0.278466
v 0.595541 1.487916 -0.263383
v 0.582029 1.477096 -0.248299
v 0.575273 1.471686 -0.240758
v 0.568517 1.466275 -0.233216
v 0.561761 1.460865 -0.225674
v 0.555005 1.455455 -0.218132
v 0.548249 1.450045 -0.210591
v 0.541493 1.444634 -0.203049
v 0.534737 1.439224 -0.195507
v 0.523683 1.405865 -0.230012
v 0.529740 1.410089 -0.237975
v 0.535797 1.414313 -0.245939
v 0.541855 1.418537 -0.253903
v 0.547912 1.422761 -0.261867
v 0.553969 1.426985 -0.269831
v 0.560027 1.431208 -0.277794
v 0.566084 1.435432 -0.285758
v 0.578199 1.443880 -0.301686
v 0.590314 1.452328 -0.317613
v 0.602428 1.460776 -0.333541
v 0.518074 1.385942 -0.246251
v 0.523804 1.389570 -0.254326
v 0.529533 1.393198 -0.262400
v 0.535262 1.396827 -0.270475
v 0.540992 1.400455 -0.278549
v 0.546721 1.404084 -0.286624
v 0.552451 1.407712 -0.294699
v 0.558180 1.411340 -0.302773
v 0.569639 1.418597 -0.318923
v 0.581097 1.425854 -0.335072
v 0.592556 1.433111 -0.351221
v 0.512666 1.363928 -0.261315
v 0.518093 1.366971 -0.269446
v 0.523520 1.370015 -0.277577
v 0.528947 1.373058 -0.285708
v 0.534374 1.376102 -0.293839
v 0.539801 1.379145 -0.301970
v 0.545228 1.382188 -0.310102
v 0.550655 1.385232 -0.318233
v 0.561510 1.391319 -0.334495
v 0.572364 1.397406 -0.350757
v 0.583218 1.403492 -0.367019
v 0.503255 1.313897 -0.286353
v 0.508189 1.315835 -0.294477
v 0.513123 1.317774 -0.302602
v 0.518057 1.319713 -0.310727
v 0.522991 1.321652 -0.318851
v 0.527925 1.323591 -0.326976
v 0.532859 1.325530 -0.335101
v 0.537793 1.327469 -0.343225
v 0.547661 1.331347 -0.359475
v 0.557529 1.335225 -0.375724
v 0.567397 1.339103 -0.391974
v 0.574717 1.372093 -0.380682
v 0.564398 1.367137 -0.364397
v 0.554080 1.362180 -0.348112
v 0.543761 1.357224 -0.331827
v 0.538602 1.354746 -0.323684
v 0.533443 1.352268 -0.315541
v 0.528284 1.349790 -0.307399
v 0.523124 1.347312 -0.299256
v 0.517965 1.344834 -0.291114
v 0.512806 1.342356 -0.282971
v 0.507647 1.339878 -0.274829
v 0.499667 1.286400 -0.295593
v 0.504422 1.287825 -0.303686
v 0.509178 1.289249 -0.311780
v 0.513933 1.290674 -0.319873
v 0.518688 1.292098 -0.327967
v 0.523444 1.293523 -0.336060
v 0.528199 1.294947 -0.344154
v 0.532954 1.296371 -0.352247
v 0.542465 1.299220 -0.368434
v 0.551976 1.302069 -0.384621
v 0.561487 1.304918 -0.400808
v 0.496981 1.257907 -0.302390
v 0.501606 1.258839 -0.310449
v 0.506232 1.259770 -0.318508
v 0.510857 1.260702 -0.326567
v 0.515482 1.261634 -0.334626
v 0.520107 1.262565 -0.342685
v 0.524733 1.263497 -0.350743
v 0.529358 1.264429 -0.358802
v 0.538609 1.266292 -0.374920
v 0.547859 1.268156 -0.391038
v 0.557110 1.270020 -0.407156
v 0.495297 1.228934 -0.306585
v 0.499843 1.229392 -0.314616
v 0.504388 1.229850 -0.322647
v 0.508934 1.230308 -0.330678
v 0.513480 1.230766 -0.338709
v 0.518026 1.231224 -0.346739
v 0.522571 1.231681 -0.354770
v 0.527117 1.232139 -0.362801
v 0.536209 1.233055 -0.378863
v 0.545300 1.233971 -0.394924
v 0.554392 1.234887 -0.410986
v -0.526345 1.200000 -0.364154
v -0.490194 1.200000 -0.300000
v -0.490414 1.217767 -0.299431
v -0.491058 1.235619 -0.297753
v -0.492101 1.253429 -0.295005
v -0.493521 1.271070 -0.291231
v -0.495293 1.288415 -0.286470
v -0.497394 1.305336 -0.280765
v -0.499800 1.321707 -0.274157
v -0.502487 1.337399 -0.266686
v -0.508489 1.366436 -0.249558
v -0.514975 1.392243 -0.230228
v -0.521590 1.414731 -0.209447
v -0.527981 1.433814 -0.187966
v -0.534033 1.450035 -0.165726
v -0.539733 1.463976 -0.142427
v -0.544866 1.475581 -0.118480
v -0.549220 1.484796 -0.094294
v -0.552625 1.491672 -0.070199
v -0.555056 1.496399 -0.046350
v -0.556514 1.499125 -0.022899
v -0.557000 1.500000 0.000000
v -0.556514 1.499125 0.022899
v -0.555056 1.496399 0.046350
v -0.552625 1.491672 0.070199
v -0.549220 1.484796 0.094294
v -0.544866 1.475581 0.118480
v -0.539733 1.463976 0.142427
v -0.534033 1.450035 0.165726
v -0.527981 1.433814 0.187966
v -0.521590 1.414731 0.209447
v -0.514975 1.392243 0.230228
v -0.508489 1.366436 0.249558
v -0.502487 1.337399 0.266686
v -0.499800 1.321707 0.274157
v -0.497394 1.305336 0.280765
v -0.495293 1.288415 0.286470
v -0.493521 1.271070 0.291231
v -0.492101 1.253429 0.295005
v -0.491058 1.235619 0.297753
v -0.490414 1.217767 0.299431
v -0.490194 1.200000 0.300000
v -0.490414 1.182233 0.299431
v -0.491058 1.164381 0.297753
v -0.492101 1.146571 0.295005
v -0.493521 1.128930 0.291231
v -0.495293 1.111585 0.286470
v -0.497394 1.094664 0.280765
v -0.499800 1.078293 0.274157
v -0.502487 1.062601 0.266686
v -0.508489 1.033564 0.249558
v -0.514975 1.007757 0.230228
v -0.521590 0.985269 0.209447
v -0.527981 0.966186 0.187966
v -0.534033 0.949965 0.165726
v -0.539733 0.936024 0.142427
v -0.544866 0.924419 0.118480
v -0.549220 0.915204 0.094294
v -0.552625 0.908328 0.070199
v -0.555056 0.903601 0.046350
v -0.556514 0.900875 0.022899
v -0.557000 0.900000 0.000000
v -0.556514 0.900875 -0.022899
v -0.555056 0.903601 -0.046350
v -0.552625 0.908328 -0.070199
v -0.549220 0.915204 -0.094294
v -0.544866 0.924419 -0.118480
v -0.539733 0.936024 -0.142427
v -0.534033 0.949965 -0.165726
v -0.527981 0.966186 -0.187966
v -0.521600 0.985224 -0.209441
v -0.514997 1.007653 -0.230214
v -0.508502 1.033498 -0.249550
v -0.502498 1.062669 -0.266662
v -0.499798 1.078344 -0.274162
v -0.497356 1.094641 -0.280845
v -0.495218 1.111487 -0.286628
v -0.493426 1.128803 -0.291429
v -0.492020 1.146470 -0.295177
v -0.491009 1.164323 -0.297855
v -0.490399 1.182215 -0.299464
v -0.547083 0.941033 0.184680
v -0.622566 0.890443 0.293549
v -0.547083 1.458967 -0.184680
v -0.622566 1.509557 -0.293549
v -0.552492 1.471843 0.165378
v -0.567476 1.485010 0.178909
v -0.582459 1.498177 0.192440
v -0.597443 1.511344 0.205971
v -0.612426 1.524511 0.219502
v -0.627410 1.537677 0.233032
v -0.642393 1.550844 0.246563
v -0.651919 1.569028 0.220033
v -0.636197 1.554724 0.207586
v -0.620475 1.540420 0.195138
v -0.604753 1.526116 0.182691
v -0.589032 1.511813 0.170244
v -0.573310 1.497509 0.157797
v -0.557588 1.483205 0.145350
v -0.562236 1.492990 0.124803
v -0.578666 1.508364 0.135958
v -0.595096 1.523737 0.147113
v -0.611525 1.539111 0.158267
v -0.627955 1.554485 0.169422
v -0.644385 1.569858 0.180577
v -0.634635 1.566513 0.142548
v -0.617552 1.550170 0.132897
v -0.600469 1.533826 0.123247
v -0.583386 1.517483 0.113596
v -0.566303 1.501139 0.103945
v -0.622629 1.559176 0.106774
v -0.604977 1.542001 0.098831
v -0.587325 1.524825 0.090889
v -0.569673 1.507649 0.082946
v -0.626659 1.566137 0.080144
v -0.608544 1.548292 0.074070
v -0.590429 1.530447 0.067997
v -0.572315 1.512602 0.061923
v -0.611135 1.552739 0.049192
v -0.592676 1.534399 0.045099
v -0.574216 1.516060 0.041006
v -0.612716 1.555379 0.024426
v -0.594040 1.536733 0.022374
v -0.575365 1.518088 0.020322
v -0.612716 1.555379 -0.024426
v -0.594040 1.536733 -0.022374
v -0.575365 1.518088 -0.020322
v -0.575750 1.518750 -0.000000
v -0.594500 1.537500 -0.000000
v -0.613250 1.556250 -0.000000
v -0.611135 1.552739 -0.049192
v -0.592676 1.534399 -0.045099
v -0.574216 1.516060 -0.041006
v -0.626659 1.566137 -0.080144
v -0.608544 1.548292 -0.074070
v -0.590429 1.530447 -0.067997
v -0.572315 1.512602 -0.061923
v -0.622629 1.559176 -0.106774
v -0.604977 1.542001 -0.098831
v -0.587325 1.524825 -0.090889
v -0.569673 1.507649 -0.082946
v -0.634635 1.566513 -0.142548
v -0.617552 1.550170 -0.132897
v -0.600469 1.533826 -0.123247
v -0.583386 1.517483 -0.113596
v -0.566303 1.501139 -0.103945
v -0.644385 1.569858 -0.180577
v -0.627955 1.554485 -0.169422
v -0.611525 1.539111 -0.158267
v -0.595096 1.523737 -0.147113
v -0.578666 1.508364 -0.135958
v -0.562236 1.492990 -0.124803
v -0.557588 1.483205 -0.145350
v -0.573310 1.497509 -0.157797
v -0.589032 1.511813 -0.170244
v -0.604753 1.526116 -0.182691
v -0.620475 1.540420 -0.195138
v -0.636197 1.554724 -0.207586
v -0.651919 1.569028 -0.220033
v -0.642393 1.550844 -0.246563
v -0.627410 1.537677 -0.233032
v -0.612426 1.524511 -0.219502
v -0.597443 1.511344 -0.205971
v -0.582459 1.498177 -0.192440
v -0.567476 1.485010 -0.178909
v -0.552492 1.471843 -0.165378
v -0.632516 1.530935 -0.271132
v -0.618277 1.518940 -0.256724
v -0.604038 1.506946 -0.242315
v -0.589799 1.494951 -0.227906
v -0.575560 1.482956 -0.213498
v -0.561321 1.470961 -0.199089
v -0.609053 1.498737 -0.278466
v -0.595541 1.487916 -0.263383
v -0.582029 1.477096 -0.248299
v -0.568517 1.466275 -0.233216
v -0.555005 1.455455 -0.218132
v -0.541493 1.444634 -0.203049
v -0.612532 1.486315 -0.314232
v -0.599727 1.476673 -0.298654
v -0.586922 1.467032 -0.283075
v -0.574117 1.457390 -0.267497
v -0.561313 1.447748 -0.251918
v -0.548508 1.438106 -0.236340
v -0.535703 1.428465 -0.220761
v -0.602428 1.460776 -0.333541
v -0.590314 1.452328 -0.317613
v -0.578199 1.443880 -0.301686
v -0.566084 1.435432 -0.285758
v -0.553969 1.426985 -0.269831
v -0.541855 1.418537 -0.253903
v -0.529740 1.410089 -0.237975
v -0.592556 1.433111 -0.351221
v -0.581097 1.425854 -0.335072
v -0.569639 1.418597 -0.318923
v -0.558180 1.411340 -0.302773
v -0.546721 1.404084 -0.286624
v -0.535262 1.396827 -0.270475
v -0.523804 1.389570 -0.254326
v -0.583218 1.403492 -0.367019
v -0.572364 1.397406 -0.350757
v -0.561510 1.391319 -0.334495
v -0.550655 1.385232 -0.318233
v -0.539801 1.379145 -0.301970
v -0.528947 1.373058 -0.285708
v -0.518093 1.366971 -0.269446
v -0.574717 1.372093 -0.380682
v -0.564398 1.367137 -0.364397
v -0.554080 1.362180 -0.348112
v -0.543761 1.357224 -0.331827
v -0.533443 1.352268 -0.315541
v -0.523124 1.347312 -0.299256
v -0.512806 1.342356 -0.282971
v -0.567397 1.339103 -0.391974
v -0.557529 1.335225 -0.375724
v -0.547661 1.331347 -0.359475
v -0.537793 1.327469 -0.343225
v -0.527925 1.323591 -0.326976
v -0.518057 1.319713 -0.310727
v -0.508189 1.315835 -0.294477
v -0.561487 1.304918 -0.400808
v -0.551976 1.302069 -0.384621
v -0.542465 1.299220 -0.368434
v -0.532954 1.296371 -0.352247
v -0.523444 1.293523 -0.336060
v -0.513933 1.290674 -0.319873
v -0.504422 1.287825 -0.303686
v -0.557110 1.270020 -0.407156
v -0.547859 1.268156 -0.391038
v -0.538609 1.266292 -0.374920
v -0.529358 1.264429 -0.358802
v -0.520107 1.262565 -0.342685
v -0.510857 1.260702 -0.326567
v -0.501606 1.258839 -0.310449
v -0.554392 1.234887 -0.410986
v -0.545300 1.233971 -0.394924
v -0.536209 1.233055 -0.378863
v -0.527117 1.232139 -0.362801
v -0.518026 1.231224 -0.346739
v -0.508934 1.230308 -0.330678
v -0.499843 1.229392 -0.314616
v -0.547083 1.458967 0.184680
v -0.561321 1.470961 0.199089
v -0.575560 1.482956 0.213498
v -0.589799 1.494951 0.227906
v -0.604038 1.506946 0.242315
v -0.618277 1.518940 0.256724
v -0.632516 1.530935 0.271132
v -0.535703 1.428465 0.220761
v -0.548508 1.438106 0.236340
v -0.561313 1.447748 0.251918
v -0.574117 1.457390 0.267497
v -0.586922 1.467032 0.283075
v -0.599727 1.476673 0.298654
v -0.612532 1.486315 0.314232
v -0.622566 1.509557 0.293549
v -0.609053 1.498737 0.278466
v -0.595541 1.487916 0.263383
v -0.582029 1.477096 0.248299
v -0.568517 1.466275 0.233216
v -0.555005 1.455455 0.218132
v -0.541493 1.444634 0.203049
v -0.529740 1.410089 0.237975
v -0.541855 1.418537 0.253903
v -0.553969 1.426985 0.269831
v -0.566084 1.435432 0.285758
v -0.578199 1.443880 0.301686
v -0.590314 1.452328 0.317613
v -0.602428 1.460776 0.333541
v -0.523804 1.389570 0.254326
v -0.535262 1.396827 0.270475
v -0.546721 1.404084 0.286624
v -0.558180 1.411340 0.302773
v -0.569639 1.418597 0.318923
v -0.581097 1.425854 0.335072
v -0.592556 1.433111 0.351221
v -0.518093 1.366971 0.269446
v -0.528947 1.373058 0.285708
v -0.539801 1.379145 0.301970
v -0.550655 1.385232 0.318233
v -0.561510 1.391319 0.334495
v -0.572364 1.397406 0.350757
v -0.583218 1.403492 0.367019
v -0.508189 1.315835 0.294477
v -0.518057 1.319713 0.310727
v -0.527925 1.323591 0.326976
v -0.537793 1.327469 0.343225
v -0.547661 1.331347 0.359475
v -0.557529 1.335225 0.375724
v -0.567397 1.339103 0.391974
v -0.574717 1.372093 0.380682
v -0.564398 1.367137 0.364397
v -0.554080 1.362180 0.348112
v -0.543761 1.357224 0.331827
v -0.533443 1.352268 0.315541
v -0.523124 1.347312 0.299256
v -0.512806 1.342356 0.282971
v -0.504422 1.287825 0.303686
v -0.513933 1.290674 0.319873
v -0.523444 1.293523 0.336060
v -0.532954 1.296371 0.352247
v -0.542465 1.299220 0.368434
v -0.551976 1.302069 0.384621
v -0.561487 1.304918 0.400808
v -0.501606 1.258839 0.310449
v -0.510857 1.260702 0.326567
v -0.520107 1.262565 0.342685
v -0.529358 1.264429 0.358802
v -0.538609 1.266292 0.374920
v -0.547859 1.268156 0.391038
v -0.557110 1.270020 0.407156
v -0.499843 1.229392 0.314616
v -0.508934 1.230308 0.330678
v -0.518026 1.231224 0.346739
v -0.527117 1.232139 0.362801
v -0.536209 1.233055 0.378863
v -0.545300 1.233971 0.394924
v -0.554392 1.234887 0.410986
v -0.499232 1.200000 0.316038
v -0.508270 1.200000 0.332077
v -0.517307 1.200000 0.348115
v -0.526345 1.200000 0.364154
v -0.535383 1.200000 0.380192
v -0.544420 1.200000 0.396231
v -0.553458 1.200000 0.412269
v -0.499843 1.170608 0.314616
v -0.508934 1.169692 0.330678
v -0.518026 1.168777 0.346739
v -0.527117 1.167861 0.362801
v -0.536209 1.166945 0.378863
v -0.545300 1.166029 0.394924
v -0.554392 1.165113 0.410986
v -0.501605 1.141174 0.310451
v -0.510855 1.139323 0.326571
v -0.520104 1.137473 0.342691
v -0.529353 1.135625 0.358811
v -0.538602 1.133777 0.374931
v -0.547851 1.131929 0.391051
v -0.557099 1.130083 0.407170
v -0.504422 1.112175 0.303686
v -0.513933 1.109326 0.319873
v -0.523444 1.106477 0.336060
v -0.532954 1.103629 0.352247
v -0.542465 1.100780 0.368434
v -0.551976 1.097931 0.384621
v -0.561487 1.095082 0.400808
v -0.508189 1.084165 0.294477
v -0.518057 1.080287 0.310727
v -0.527925 1.076409 0.326976
v -0.537793 1.072531 0.343225
v -0.547661 1.068653 0.359475
v -0.557529 1.064775 0.375724
v -0.567397 1.060897 0.391974
v -0.512806 1.057644 0.282971
v -0.523124 1.052688 0.299256
v -0.533443 1.047732 0.315541
v -0.543761 1.042776 0.331827
v -0.554080 1.037820 0.348112
v -0.564398 1.032863 0.364397
v -0.574717 1.027907 0.380682
v -0.518093 1.033029 0.269446
v -0.528947 1.026942 0.285708
v -0.539801 1.020855 0.301970
v -0.550655 1.014768 0.318233
v -0.561510 1.008681 0.334495
v -0.572364 1.002594 0.350757
v -0.583218 0.996508 0.367019
v -0.523804 1.010430 0.254326
v -0.535262 1.003173 0.270475
v -0.546721 0.995916 0.286624
v -0.558180 0.988660 0.302773
v -0.569639 0.981403 0.318923
v -0.581097 0.974146 0.335072
v -0.592556 0.966889 0.351221
v -0.529740 0.989911 0.237975
v -0.541855 0.981463 0.253903
v -0.553969 0.973015 0.269831
v -0.566084 0.964568 0.285758
v -0.578199 0.956120 0.301686
v -0.590314 0.947672 0.317613
v -0.602428 0.939224 0.333541
v -0.535703 0.971535 0.220761
v -0.548508 0.961894 0.236340
v -0.561313 0.952252 0.251918
v -0.574117 0.942610 0.267497
v -0.586922 0.932968 0.283075
v -0.599727 0.923327 0.298654
v -0.612532 0.913685 0.314232
v -0.561321 0.929039 0.199089
v -0.575560 0.917044 0.213498
v -0.589799 0.905049 0.227906
v -0.604038 0.893054 0.242315
v -0.618277 0.881060 0.256724
v -0.632516 0.869065 0.271132
v -0.609053 0.901263 0.278466
v -0.595541 0.912084 0.263383
v -0.582029 0.922904 0.248299
v -0.568517 0.933725 0.233216
v -0.555005 0.944545 0.218132
v -0.541493 0.955366 0.203049
v -0.552492 0.928156 0.165378
v -0.567476 0.914990 0.178909
v -0.582459 0.901823 0.192440
v -0.597443 0.888656 0.205971
v -0.612426 0.875490 0.219502
v -0.627410 0.862323 0.233032
v -0.642393 0.849156 0.246563
v -0.557588 0.916795 0.145350
v -0.573310 0.902491 0.157797
v -0.589032 0.888187 0.170244
v -0.604753 0.873884 0.182691
v -0.620475 0.859580 0.195138
v -0.636197 0.845276 0.207586
v -0.651919 0.830972 0.220033
v -0.562236 0.907010 0.124803
v -0.578666 0.891636 0.135958
v -0.595096 0.876263 0.147113
v -0.611525 0.860889 0.158267
v -0.627955 0.845515 0.169422
v -0.644385 0.830142 0.180577
v -0.660815 0.814768 0.191731
v -0.569673 0.892351 0.082946
v -0.587325 0.875175 0.090889
v -0.604977 0.857999 0.098831
v -0.622629 0.840824 0.106774
v -0.640281 0.823648 0.114717
v -0.657933 0.806472 0.122659
v -0.675584 0.789297 0.130602
v -0.668801 0.800800 0.161849
v -0.651718 0.817143 0.152199
v -0.634635 0.833487 0.142548
v -0.617552 0.849830 0.132897
v -0.600469 0.866174 0.123247
v -0.583386 0.882517 0.113596
v -0.566303 0.898861 0.103945
v -0.572315 0.887398 0.061923
v -0.590429 0.869553 0.067997
v -0.608544 0.851708 0.074070
v -0.626659 0.833863 0.080144
v -0.644774 0.816018 0.086217
v -0.662888 0.798172 0.092290
v -0.681003 0.780327 0.098364
v -0.574216 0.883940 0.041006
v -0.592676 0.865601 0.045099
v -0.611135 0.847261 0.049192
v -0.629595 0.828922 0.053285
v -0.648055 0.810583 0.057378
v -0.666515 0.792243 0.061471
v -0.684975 0.773904 0.065564
v -0.575365 0.881912 0.020322
v -0.594040 0.863267 0.022374
v -0.612716 0.844621 0.024426
v -0.631391 0.825976 0.026477
v -0.650066 0.807331 0.028529
v -0.668742 0.788686 0.030581
v -0.687418 0.770041 0.032633
v -0.575365 0.881912 -0.020318
v -0.594040 0.863266 -0.022365
v -0.612716 0.844621 -0.024412
v -0.631392 0.825975 -0.026458
v -0.650068 0.807329 -0.028503
v -0.668744 0.788683 -0.030547
v -0.687420 0.770037 -0.032591
v -0.688250 0.768750 -0.000000
v -0.669500 0.787500 -0.000000
v -0.650750 0.806250 -0.000000
v -0.632000 0.825000 -0.000000
v -0.613250 0.843750 -0.000000
v -0.594500 0.862500 -0.000000
v -0.575750 0.881250 -0.000000
v -0.574216 0.883940 -0.041006
v -0.592676 0.865601 -0.045099
v -0.611135 0.847261 -0.049192
v -0.629595 0.828922 -0.053285
v -0.648055 0.810583 -0.057378
v -0.666515 0.792243 -0.061471
v -0.684975 0.773904 -0.065564
v -0.572315 0.887398 -0.061923
v -0.590429 0.869553 -0.067997
v -0.608544 0.851708 -0.074070
v -0.626659 0.833863 -0.080144
v -0.644774 0.816018 -0.086217
v -0.662888 0.798172 -0.092290
v -0.681003 0.780327 -0.098364
v -0.569673 0.892351 -0.082946
v -0.587325 0.875175 -0.090889
v -0.604977 0.857999 -0.098831
v -0.622629 0.840824 -0.106774
v -0.640281 0.823648 -0.114717
v -0.657933 0.806472 -0.122659
v -0.675584 0.789297 -0.130602
v -0.562236 0.907010 -0.124803
v -0.578666 0.891636 -0.135958
v -0.595096 0.876263 -0.147113
v -0.611525 0.860889 -0.158267
v -0.627955 0.845515 -0.169422
v -0.644385 0.830142 -0.180577
v -0.660815 0.814768 -0.191731
v -0.668801 0.800800 -0.161849
v -0.651718 0.817143 -0.152199
v -0.634635 0.833487 -0.142548
v -0.617552 0.849830 -0.132897
v -0.600469 0.866174 -0.123247
v -0.583386 0.882517 -0.113596
v -0.566303 0.898861 -0.103945
v -0.557588 0.916795 -0.145350
v -0.573310 0.902491 -0.157797
v -0.589032 0.888187 -0.170244
v -0.604753 0.873884 -0.182691
v -0.620475 0.859580 -0.195138
v -0.636197 0.845276 -0.207586
v -0.651919 0.830972 -0.220033
v -0.552492 0.928156 -0.165378
v -0.567476 0.914990 -0.178909
v -0.582459 0.901823 -0.192440
v -0.597443 0.888656 -0.205971
v -0.612426 0.875490 -0.219502
v -0.627410 0.862323 -0.233032
v -0.642393 0.849156 -0.246563
v -0.547083 0.941033 -0.184680
v -0.561321 0.929039 -0.199089
v -0.575560 0.917044 -0.213498
v -0.589799 0.905049 -0.227906
v -0.604038 0.893054 -0.242315
v -0.618277 0.881060 -0.256724
v -0.632516 0.869065 -0.271132
v -0.535709 0.971506 -0.220760
v -0.548513 0.961866 -0.236341
v -0.561317 0.952226 -0.251923
v -0.574121 0.942586 -0.267504
v -0.586926 0.932946 -0.283085
v -0.599730 0.923306 -0.298667
v -0.612534 0.913666 -0.314248
v -0.622566 0.890443 -0.293549
v -0.609053 0.901263 -0.278466
v -0.595541 0.912084 -0.263383
v -0.582029 0.922904 -0.248299
v -0.568517 0.933725 -0.233216
v -0.555005 0.944545 -0.218132
v -0.541493 0.955366 -0.203049
v -0.529756 0.989830 -0.237971
v -0.541869 0.981387 -0.253907
v -0.553982 0.972944 -0.269843
v -0.566094 0.964501 -0.285778
v -0.578207 0.956058 -0.301714
v -0.590320 0.947615 -0.317649
v -0.602433 0.939172 -0.333585
v -0.523823 1.010329 -0.254322
v -0.535279 1.003078 -0.270481
v -0.546736 0.995827 -0.286640
v -0.558192 0.988577 -0.302799
v -0.569648 0.981326 -0.318958
v -0.581104 0.974075 -0.335117
v -0.592561 0.966824 -0.351276
v -0.518103 1.032995 -0.269441
v -0.528956 1.026910 -0.285708
v -0.539809 1.020825 -0.301975
v -0.550663 1.014741 -0.318241
v -0.561516 1.008656 -0.334508
v -0.572369 1.002572 -0.350774
v -0.583223 0.996487 -0.367041
v -0.508166 1.084174 -0.294521
v -0.518033 1.080296 -0.310766
v -0.527900 1.076417 -0.327012
v -0.537767 1.072539 -0.343258
v -0.547633 1.068661 -0.359504
v -0.557500 1.064783 -0.375750
v -0.567367 1.060904 -0.391996
v -0.574736 1.027961 -0.380664
v -0.564415 1.032927 -0.364382
v -0.554093 1.037892 -0.348099
v -0.543772 1.042857 -0.331816
v -0.533452 1.047821 -0.315533
v -0.523131 1.052785 -0.299250
v -0.512811 1.057749 -0.282967
v -0.504335 1.112070 -0.303846
v -0.513840 1.109226 -0.320023
v -0.523345 1.106382 -0.336200
v -0.532851 1.103538 -0.352376
v -0.542356 1.100694 -0.368553
v -0.551861 1.097849 -0.384730
v -0.561366 1.095005 -0.400906
v -0.501514 1.141059 -0.310619
v -0.510759 1.139200 -0.326726
v -0.520003 1.137341 -0.342833
v -0.529248 1.135483 -0.358940
v -0.538492 1.133624 -0.375046
v -0.547737 1.131766 -0.391153
v -0.556982 1.129907 -0.407260
v -0.499806 1.170570 -0.314684
v -0.508895 1.169656 -0.330742
v -0.517984 1.168742 -0.346799
v -0.527073 1.167828 -0.362856
v -0.536162 1.166914 -0.378913
v -0.545252 1.166000 -0.394970
v -0.554341 1.165086 -0.411028
v 0.000000 1.200000 0.300000
v 0.000000 1.200000 -0.300000
v 0.000000 1.234828 -0.297972
v 0.000000 1.269185 -0.291913
v 0.000000 1.302606 -0.281908
v 0.000000 1.334640 -0.268090
v 0.000000 1.364853 -0.250646
v 0.000000 1.392836 -0.229813
v 0.000000 1.418212 -0.205872
v 0.000000 1.440637 -0.179148
v 0.000000 1.459808 -0.150000
v 0.000000 1.475465 -0.118824
v 0.000000 1.487397 -0.086041
v 0.000000 1.495442 -0.052094
v 0.000000 1.499493 -0.017443
v 0.000000 1.499493 0.017443
v 0.000000 1.495442 0.052094
v -0.000000 1.487397 0.086041
v 0.000000 1.475465 0.118824
v 0.000000 1.459808 0.150000
v -0.000000 1.440637 0.179148
v 0.000000 1.418212 0.205872
v 0.000000 1.392836 0.229813
v 0.000000 1.364853 0.250646
v 0.000000 1.334640 0.268090
v 0.000000 1.302606 0.281908
v 0.000000 1.269185 0.291913
v 0.000000 1.234828 0.297972
v 0.000000 1.165172 0.297972
v 0.000000 1.130815 0.291913
v 0.000000 1.097394 0.281908
v 0.000000 1.065360 0.268090
v 0.000000 1.035147 0.250646
v 0.000000 1.007164 0.229813
v 0.000000 0.981788 0.205872
v 0.000000 0.959363 0.179148
v 0.000000 0.940192 0.150000
v 0.000000 0.924535 0.118824
v 0.000000 0.912603 0.086041
v 0.000000 0.904558 0.052094
v 0.000000 0.900508 0.017443
v 0.000000 0.900508 -0.017443
v -0.000000 0.904558 -0.052094
v 0.000000 0.912603 -0.086041
v 0.000000 0.924535 -0.118824
v 0.000000 0.940192 -0.150000
v 0.000000 0.959363 -0.179148
v -0.000000 0.981788 -0.205872
v 0.000000 1.007164 -0.229813
v 0.000000 1.035147 -0.250646
v -0.000000 1.065360 -0.268090
v -0.000000 1.097394 -0.281908
v 0.000000 1.130815 -0.291913
v 0.000000 1.165172 -0.297972
v 0.520708 2.000000 -0.223607
v 0.521157 2.026198 -0.221977
v 0.522446 2.052374 -0.217224
v 0.524489 2.077784 -0.209547
v 0.527198 2.101686 -0.199148
v 0.530421 2.123443 -0.186408
v 0.533931 2.142844 -0.171957
v 0.537533 2.159787 -0.156375
v 0.541030 2.174165 -0.140237
v 0.544354 2.186363 -0.123528
v 0.547491 2.196813 -0.106052
v 0.550318 2.205484 -0.088126
v 0.552717 2.212347 -0.070064
v 0.554598 2.217451 -0.052107
v 0.555944 2.220950 -0.034366
v 0.556742 2.222963 -0.016962
v 0.557005 2.223625 0.000033
v 0.556743 2.222968 0.016988
v 0.555946 2.220951 0.034364
v 0.554599 2.217451 0.052106
v 0.552717 2.212347 0.070064
v 0.550318 2.205484 0.088126
v 0.547491 2.196813 0.106052
v 0.544354 2.186363 0.123528
v 0.541030 2.174165 0.140237
v 0.537533 2.159787 0.156375
v 0.533931 2.142844 0.171957
v 0.530421 2.123443 0.186408
v 0.527198 2.101686 0.199148
v 0.524489 2.077784 0.209547
v 0.522446 2.052374 0.217224
v 0.521157 2.026198 0.221977
v 0.520708 2.000000 0.223607
v 0.521157 1.973802 0.221977
v 0.522446 1.947626 0.217224
v 0.524489 1.922216 0.209547
v 0.527198 1.898314 0.199148
v 0.530421 1.876557 0.186408
v 0.533931 1.857156 0.171957
v 0.537533 1.840213 0.156375
v 0.541030 1.825835 0.140237
v 0.544354 1.813637 0.123528
v 0.547491 1.803187 0.106052
v 0.550318 1.794516 0.088126
v 0.552717 1.787654 0.070064
v 0.554598 1.782549 0.052107
v 0.555943 1.779050 0.034366
v 0.556742 1.777038 0.016962
v 0.557005 1.776376 -0.000037
v 0.556743 1.777032 -0.016991
v 0.555946 1.779050 -0.034364
v 0.554600 1.782549 -0.052106
v 0.552717 1.787654 -0.070064
v 0.550324 1.794497 -0.088117
v 0.547504 1.803142 -0.106030
v 0.544365 1.813600 -0.123510
v 0.540997 1.825930 -0.140390
v 0.537480 1.840358 -0.156635
v 0.533920 1.857134 -0.172045
v 0.530426 1.876503 -0.186406
v 0.527206 1.898360 -0.199125
v 0.524470 1.922207 -0.209602
v 0.522397 1.947554 -0.217369
v 0.521131 1.973770 -0.222052
v 0.000000 2.000000 0.223607
v 0.000000 2.000000 -0.223607
v 0.000000 2.030448 -0.221524
v 0.000000 2.060328 -0.215315
v 0.000000 2.089085 -0.205095
v 0.000000 2.116183 -0.191054
v 0.000000 2.141116 -0.173454
v 0.000000 2.163420 -0.152624
v 0.000000 2.182680 -0.128950
v 0.000000 2.198537 -0.102874
v 0.000000 2.210696 -0.074881
v 0.000000 2.218930 -0.045494
v 0.000000 2.223086 -0.015259
v 0.000000 2.223086 0.015259
v 0.000000 2.218930 0.045494
v 0.000000 2.210696 0.074881
v 0.000000 2.198537 0.102874
v 0.000000 2.182680 0.128950
v 0.000000 2.163420 0.152624
v 0.000000 2.141116 0.173454
v 0.000000 2.116183 0.191054
v 0.000000 2.089085 0.205095
v 0.000000 2.060328 0.215315
v 0.000000 2.030448 0.221524
v 0.000000 1.969552 0.221524
v 0.000000 1.939672 0.215315
v 0.000000 1.910915 0.205095
v 0.000000 1.883818 0.191054
v 0.000000 1.858884 0.173454
v 0.000000 1.836580 0.152624
v 0.000000 1.817320 0.128950
v 0.000000 1.801463 0.102874
v 0.000000 1.789304 0.074881
v 0.000000 1.781070 0.045494
v 0.000000 1.776914 0.015259
v 0.000000 1.776914 -0.015259
v 0.000000 1.781070 -0.045494
v 0.000000 1.789304 -0.074881
v 0.000000 1.801463 -0.102874
v 0.000000 1.817320 -0.128950
v 0.000000 1.836580 -0.152624
v 0.000000 1.858884 -0.173454
v 0.000000 1.883818 -0.191054
v 0.000000 1.910915 -0.205095
v 0.000000 1.939672 -0.215315
v 0.000000 1.969552 -0.221524
v 0.564573 2.000000 -0.291839
v 0.558931 1.803379 -0.140899
v 0.622617 1.721274 -0.106218
v 0.612932 1.720801 -0.019267
v 0.625929 1.714033 0.085260
v 0.622617 1.721274 0.106218
v 0.558924 1.803406 0.140905
v 0.574148 1.790874 0.154869
v 0.589372 1.778342 0.168833
v 0.604595 1.765811 0.182797
v 0.619819 1.753279 0.196761
v 0.635042 1.740747 0.210725
v 0.650266 1.728216 0.224689
v 0.657009 1.711630 0.204053
v 0.641189 1.725276 0.191062
v 0.625368 1.738923 0.178071
v 0.609548 1.752569 0.165079
v 0.593728 1.766216 0.152088
v 0.577907 1.779862 0.139097
v 0.562087 1.793509 0.126105
v 0.647109 1.711218 0.169986
v 0.630702 1.725932 0.158141
v 0.614295 1.740647 0.146297
v 0.597888 1.755361 0.134452
v 0.581480 1.770075 0.122607
v 0.565073 1.784789 0.110763
v 0.635662 1.714465 0.137145
v 0.618697 1.730172 0.126619
v 0.601732 1.745878 0.116093
v 0.584767 1.761585 0.105567
v 0.567802 1.777291 0.095041
v 0.605142 1.737869 0.097179
v 0.587667 1.754464 0.088141
v 0.570192 1.771059 0.079102
v 0.572180 1.766086 0.063079
v 0.590097 1.748735 0.070472
v 0.608013 1.731384 0.077866
v 0.610294 1.726393 0.058314
v 0.592019 1.744350 0.052686
v 0.573745 1.762307 0.047057
v 0.611945 1.722876 0.038700
v 0.593406 1.741275 0.034919
v 0.574868 1.759674 0.031138
v 0.612930 1.720810 0.019203
v 0.594232 1.739474 0.017313
v 0.575534 1.758137 0.015423
v 0.594234 1.739465 -0.017371
v 0.575536 1.758130 -0.015475
v 0.575756 1.757624 -0.000073
v 0.594507 1.738873 -0.000068
v 0.613257 1.720121 -0.000061
v 0.611950 1.722872 -0.038701
v 0.593411 1.741272 -0.034920
v 0.574871 1.759673 -0.031138
v 0.610301 1.726387 -0.058317
v 0.592025 1.744346 -0.052687
v 0.573749 1.762305 -0.047057
v 0.625933 1.714029 -0.085262
v 0.608016 1.731381 -0.077867
v 0.590099 1.748733 -0.070473
v 0.572182 1.766085 -0.063079
v 0.635665 1.714453 -0.137152
v 0.618700 1.730160 -0.126623
v 0.601735 1.745866 -0.116094
v 0.584770 1.761572 -0.105566
v 0.567805 1.777278 -0.095037
v 0.570192 1.771059 -0.079102
v 0.587667 1.754464 -0.088141
v 0.605142 1.737869 -0.097179
v 0.647115 1.711184 -0.170013
v 0.630708 1.725897 -0.158160
v 0.614302 1.740611 -0.146308
v 0.597896 1.755325 -0.134456
v 0.581489 1.770039 -0.122604
v 0.565083 1.784753 -0.110752
v 0.657015 1.711584 -0.204099
v 0.641196 1.725230 -0.191098
v 0.625377 1.738876 -0.178097
v 0.609557 1.752522 -0.165095
v 0.593738 1.766168 -0.152094
v 0.577919 1.779814 -0.139093
v 0.562100 1.793460 -0.126092
v 0.650268 1.728191 -0.224716
v 0.635045 1.740722 -0.210746
v 0.619822 1.753254 -0.196777
v 0.604600 1.765785 -0.182807
v 0.589377 1.778316 -0.168838
v 0.574154 1.790848 -0.154868
v 0.643411 1.746212 -0.243761
v 0.628780 1.757600 -0.228994
v 0.614150 1.768989 -0.214226
v 0.599519 1.780377 -0.199459
v 0.584889 1.791765 -0.184692
v 0.570258 1.803154 -0.169925
v 0.555628 1.814542 -0.155157
v 0.636534 1.765739 -0.261355
v 0.622485 1.775961 -0.245940
v 0.608436 1.786183 -0.230524
v 0.594387 1.796405 -0.215108
v 0.580338 1.806627 -0.199693
v 0.566289 1.816849 -0.184277
v 0.552240 1.827071 -0.168862
v 0.629753 1.786859 -0.277498
v 0.616266 1.795897 -0.261569
v 0.602779 1.804935 -0.245640
v 0.589291 1.813973 -0.229711
v 0.575804 1.823012 -0.213782
v 0.562317 1.832050 -0.197852
v 0.548830 1.841088 -0.181923
v 0.623183 1.809659 -0.292191
v 0.610229 1.817502 -0.275868
v 0.597276 1.825344 -0.259545
v 0.584322 1.833187 -0.243222
v 0.571369 1.841030 -0.226899
v 0.558415 1.848873 -0.210576
v 0.545462 1.856715 -0.194252
v 0.616960 1.834183 -0.305387
v 0.604502 1.840827 -0.288776
v 0.592044 1.847471 -0.272164
v 0.579585 1.854115 -0.255553
v 0.567127 1.860759 -0.238941
v 0.554668 1.867403 -0.222330
v 0.542210 1.874048 -0.205718
v 0.611339 1.860122 -0.316784
v 0.599319 1.865590 -0.299978
v 0.587299 1.871057 -0.283171
v 0.575279 1.876523 -0.266365
v 0.563260 1.881990 -0.249558
v 0.551241 1.887455 -0.232751
v 0.539221 1.892921 -0.215945
v 0.606494 1.887151 -0.326232
v 0.594848 1.891458 -0.309300
v 0.583202 1.895765 -0.292368
v 0.571555 1.900073 -0.275436
v 0.559909 1.904380 -0.258504
v 0.548263 1.908687 -0.241572
v 0.536616 1.912995 -0.224640
v 0.602577 1.914996 -0.333634
v 0.591228 1.918178 -0.316632
v 0.579880 1.921359 -0.299629
v 0.568531 1.924541 -0.282627
v 0.557182 1.927722 -0.265625
v 0.545833 1.930904 -0.248622
v 0.534484 1.934085 -0.231620
v 0.599738 1.943357 -0.338889
v 0.588602 1.945447 -0.321851
v 0.577467 1.947536 -0.304812
v 0.566332 1.949626 -0.287774
v 0.555196 1.951716 -0.270735
v 0.544061 1.953806 -0.253697
v 0.532925 1.955896 -0.236658
v 0.598038 1.971828 -0.341994
v 0.587029 1.972858 -0.324939
v 0.576021 1.973889 -0.307885
v 0.565013 1.974919 -0.290830
v 0.554004 1.975950 -0.273776
v 0.542996 1.976980 -0.256721
v 0.531987 1.978011 -0.239667
v 0.552307 1.826887 0.168574
v 0.566367 1.816644 0.183974
v 0.580427 1.806402 0.199375
v 0.594488 1.796160 0.214776
v 0.608548 1.785917 0.230176
v 0.622608 1.775675 0.245577
v 0.636669 1.765432 0.260978
v 0.643483 1.746047 0.243558
v 0.628847 1.757445 0.228798
v 0.614211 1.768844 0.214038
v 0.599574 1.780242 0.199277
v 0.584938 1.791640 0.184517
v 0.570302 1.803038 0.169757
v 0.555666 1.814436 0.154997
v 0.548867 1.841024 0.181743
v 0.562362 1.831970 0.197658
v 0.575858 1.822916 0.213573
v 0.589353 1.813863 0.229488
v 0.602849 1.804809 0.245403
v 0.616344 1.795755 0.261318
v 0.629840 1.786701 0.277233
v 0.545462 1.856778 0.194220
v 0.558418 1.848928 0.210533
v 0.571375 1.841079 0.226847
v 0.584332 1.833230 0.243161
v 0.597288 1.825381 0.259475
v 0.610245 1.817531 0.275789
v 0.623202 1.809682 0.292102
v 0.542206 1.874077 0.205719
v 0.554665 1.867431 0.222327
v 0.567124 1.860785 0.238935
v 0.579583 1.854139 0.255542
v 0.592042 1.847493 0.272150
v 0.604502 1.840847 0.288758
v 0.616961 1.834202 0.305366
v 0.536627 1.912984 0.224612
v 0.548274 1.908677 0.241546
v 0.559922 1.904370 0.258481
v 0.571569 1.900064 0.275415
v 0.583216 1.895757 0.292349
v 0.594863 1.891450 0.309283
v 0.606510 1.887143 0.326217
v 0.611322 1.860087 0.316803
v 0.599304 1.865548 0.299995
v 0.587287 1.871009 0.283187
v 0.575269 1.876470 0.266379
v 0.563251 1.881931 0.249572
v 0.551233 1.887392 0.232764
v 0.539216 1.892853 0.215956
v 0.534531 1.934144 0.231501
v 0.545885 1.930960 0.248510
v 0.557239 1.927775 0.265518
v 0.568593 1.924591 0.282527
v 0.579946 1.921407 0.299536
v 0.591300 1.918222 0.316544
v 0.602654 1.915038 0.333553
v 0.532976 1.955954 0.236532
v 0.544116 1.953861 0.253578
v 0.555257 1.951768 0.270623
v 0.566397 1.949675 0.287668
v 0.577538 1.947582 0.304713
v 0.588678 1.945489 0.321758
v 0.599819 1.943396 0.338803
v 0.532007 1.978032 0.239617
v 0.543018 1.977001 0.256674
v 0.554028 1.975969 0.273731
v 0.565039 1.974937 0.290788
v 0.576049 1.973905 0.307845
v 0.587059 1.972874 0.324902
v 0.598070 1.971842 0.341959
v 0.532007 2.021968 0.239617
v 0.543018 2.023000 0.256674
v 0.554028 2.024031 0.273731
v 0.565039 2.025063 0.290788
v 0.576049 2.026095 0.307845
v 0.587059 2.027127 0.324902
v 0.598070 2.028158 0.341959
v 0.597472 2.000000 0.343013
v 0.586506 2.000000 0.325955
v 0.575540 2.000000 0.308897
v 0.564573 2.000000 0.291839
v 0.553607 2.000000 0.274781
v 0.542641 2.000000 0.257723
v 0.531674 2.000000 0.240665
v 0.532976 2.044046 0.236532
v 0.544116 2.046139 0.253578
v 0.555257 2.048232 0.270623
v 0.566397 2.050325 0.287668
v 0.577538 2.052418 0.304713
v 0.588678 2.054511 0.321758
v 0.599819 2.056604 0.338803
v 0.534531 2.065856 0.231501
v 0.545885 2.069040 0.248510
v 0.557239 2.072225 0.265518
v 0.568593 2.075409 0.282527
v 0.579946 2.078593 0.299536
v 0.591300 2.081778 0.316544
v 0.602654 2.084962 0.333553
v 0.536627 2.087016 0.224612
v 0.548274 2.091323 0.241546
v 0.559922 2.095630 0.258481
v 0.571569 2.099936 0.275415
v 0.583216 2.104244 0.292349
v 0.594863 2.108550 0.309283
v 0.606510 2.112857 0.326217
v 0.542206 2.125923 0.205719
v 0.554665 2.132569 0.222327
v 0.567124 2.139215 0.238935
v 0.579583 2.145861 0.255542
v 0.592042 2.152507 0.272150
v 0.604502 2.159153 0.288758
v 0.616961 2.165798 0.305366
v 0.611322 2.139913 0.316803
v 0.599304 2.134452 0.299995
v 0.587287 2.128991 0.283187
v 0.575269 2.123530 0.266379
v 0.563251 2.118069 0.249572
v 0.551233 2.112608 0.232764
v 0.539216 2.107147 0.215956
v 0.545462 2.143223 0.194220
v 0.558418 2.151072 0.210533
v 0.571375 2.158921 0.226847
v 0.584332 2.166770 0.243161
v 0.597288 2.174619 0.259475
v 0.610245 2.182469 0.275789
v 0.623202 2.190318 0.292102
v 0.548867 2.158976 0.181743
v 0.562362 2.168030 0.197658
v 0.575858 2.177084 0.213573
v 0.589353 2.186137 0.229488
v 0.602849 2.195191 0.245403
v 0.616344 2.204245 0.261318
v 0.629840 2.213299 0.277233
v 0.552307 2.173113 0.168574
v 0.566367 2.183356 0.183974
v 0.580427 2.193598 0.199375
v 0.594488 2.203840 0.214776
v 0.608548 2.214083 0.230176
v 0.622608 2.224325 0.245577
v 0.636669 2.234568 0.260978
v 0.558924 2.196594 0.140905
v 0.574148 2.209126 0.154869
v 0.589372 2.221658 0.168833
v 0.604595 2.234189 0.182797
v 0.619819 2.246721 0.196761
v 0.635042 2.259253 0.210725
v 0.650266 2.271785 0.224689
v 0.643483 2.253953 0.243558
v 0.628847 2.242555 0.228798
v 0.614211 2.231156 0.214038
v 0.599574 2.219758 0.199277
v 0.584938 2.208360 0.184517
v 0.570302 2.196962 0.169757
v 0.555666 2.185564 0.154997
v 0.562087 2.206491 0.126105
v 0.577907 2.220138 0.139097
v 0.593728 2.233784 0.152088
v 0.609548 2.247431 0.165079
v 0.625368 2.261077 0.178071
v 0.641189 2.274724 0.191062
v 0.657009 2.288370 0.204053
v 0.565073 2.215211 0.110763
v 0.581480 2.229925 0.122607
v 0.597888 2.244639 0.134452
v 0.614295 2.259353 0.146297
v 0.630702 2.274068 0.158141
v 0.647109 2.288782 0.169986
v 0.663517 2.303496 0.181830
v 0.567802 2.222709 0.095041
v 0.584767 2.238415 0.105567
v 0.601732 2.254122 0.116093
v 0.618697 2.269828 0.126619
v 0.635662 2.285535 0.137145
v 0.652628 2.301241 0.147671
v 0.669593 2.316947 0.158198
v 0.572182 2.233915 0.063079
v 0.590099 2.251267 0.070473
v 0.608016 2.268619 0.077867
v 0.625933 2.285971 0.085262
v 0.643850 2.303323 0.092656
v 0.661767 2.320675 0.100050
v 0.679684 2.338027 0.107445
v 0.675042 2.328510 0.133333
v 0.657567 2.311915 0.124295
v 0.640092 2.295321 0.115256
v 0.622617 2.278726 0.106218
v 0.605142 2.262131 0.097179
v 0.587667 2.245536 0.088141
v 0.570192 2.228941 0.079102
v 0.573749 2.237695 0.047057
v 0.592025 2.255654 0.052687
v 0.610301 2.273613 0.058317
v 0.628577 2.291572 0.063947
v 0.646853 2.309531 0.069577
v 0.665129 2.327491 0.075207
v 0.683405 2.345450 0.080837
v 0.574871 2.240328 0.031138
v 0.593410 2.258728 0.034920
v 0.611950 2.277128 0.038701
v 0.630490 2.295529 0.042483
v 0.649029 2.313929 0.046265
v 0.667569 2.332329 0.050047
v 0.686109 2.350730 0.053829
v 0.575536 2.241870 0.015471
v 0.594234 2.260535 0.017367
v 0.612933 2.279199 0.019262
v 0.631631 2.297863 0.021158
v 0.650329 2.316528 0.023054
v 0.669027 2.335192 0.024950
v 0.687725 2.353856 0.026845
v 0.575535 2.241863 -0.015425
v 0.594233 2.260527 -0.017315
v 0.612931 2.279191 -0.019205
v 0.631629 2.297855 -0.021095
v 0.650327 2.316519 -0.022985
v 0.669025 2.335183 -0.024875
v 0.687723 2.353847 -0.026765
v 0.688261 2.354887 0.000074
v 0.669510 2.336136 0.000076
v 0.650759 2.317384 0.000077
v 0.632009 2.298632 0.000077
v 0.613258 2.279881 0.000076
v 0.594507 2.261129 0.000074
v 0.575756 2.242377 0.000071
v 0.574868 2.240326 -0.031138
v 0.593407 2.258725 -0.034919
v 0.611946 2.277124 -0.038700
v 0.630485 2.295524 -0.042481
v 0.649023 2.313923 -0.046261
v 0.667562 2.332322 -0.050042
v 0.686101 2.350721 -0.053823
v 0.573745 2.237693 -0.047057
v 0.592020 2.255651 -0.052686
v 0.610294 2.273608 -0.058314
v 0.628569 2.291565 -0.063943
v 0.646844 2.309522 -0.069571
v 0.665119 2.327480 -0.075199
v 0.683393 2.345437 -0.080828
v 0.572181 2.233914 -0.063079
v 0.590097 2.251265 -0.070472
v 0.608013 2.268616 -0.077866
v 0.625930 2.285968 -0.085260
v 0.643846 2.303319 -0.092654
v 0.661762 2.320670 -0.100047
v 0.679679 2.338022 -0.107441
v 0.567802 2.222709 -0.095041
v 0.584767 2.238415 -0.105567
v 0.601732 2.254122 -0.116093
v 0.618697 2.269828 -0.126619
v 0.635662 2.285535 -0.137145
v 0.652628 2.301241 -0.147671
v 0.669593 2.316947 -0.158198
v 0.675042 2.328510 -0.133333
v 0.657567 2.311915 -0.124295
v 0.640092 2.295321 -0.115256
v 0.622617 2.278726 -0.106218
v 0.605142 2.262131 -0.097179
v 0.587667 2.245536 -0.088141
v 0.570192 2.228941 -0.079102
v 0.565073 2.215211 -0.110763
v 0.581480 2.229925 -0.122607
v 0.597888 2.244639 -0.134452
v 0.614295 2.259353 -0.146297
v 0.630702 2.274068 -0.158141
v 0.647109 2.288782 -0.169986
v 0.663517 2.303496 -0.181830
v 0.562087 2.206491 -0.126105
v 0.577907 2.220138 -0.139097
v 0.593728 2.233784 -0.152088
v 0.609548 2.247431 -0.165079
v 0.625368 2.261077 -0.178071
v 0.641189 2.274724 -0.191062
v 0.657009 2.288370 -0.204053
v 0.558924 2.196594 -0.140905
v 0.574148 2.209126 -0.154869
v 0.589372 2.221658 -0.168833
v 0.604595 2.234189 -0.182797
v 0.619819 2.246721 -0.196761
v 0.635042 2.259253 -0.210725
v 0.650266 2.271785 -0.224689
v 0.552307 2.173113 -0.168574
v 0.566367 2.183356 -0.183974
v 0.580427 2.193598 -0.199375
v 0.594488 2.203840 -0.214776
v 0.608548 2.214083 -0.230176
v 0.622608 2.224325 -0.245577
v 0.636669 2.234568 -0.260978
v 0.643483 2.253953 -0.243558
v 0.628847 2.242555 -0.228798
v 0.614211 2.231156 -0.214038
v 0.599574 2.219758 -0.199277
v 0.584938 2.208360 -0.184517
v 0.570302 2.196962 -0.169757
v 0.555666 2.185564 -0.154997
v 0.548867 2.158976 -0.181743
v 0.562362 2.168030 -0.197658
v 0.575858 2.177084 -0.213573
v 0.589353 2.186137 -0.229488
v 0.602849 2.195191 -0.245403
v 0.616344 2.204245 -0.261318
v 0.629840 2.213299 -0.277233
v 0.545462 2.143223 -0.194220
v 0.558418 2.151072 -0.210533
v 0.571375 2.158921 -0.226847
v 0.584332 2.166770 -0.243161
v 0.597288 2.174619 -0.259475
v 0.610245 2.182469 -0.275789
v 0.623202 2.190318 -0.292102
v 0.542206 2.125923 -0.205719
v 0.554665 2.132569 -0.222327
v 0.567124 2.139215 -0.238935
v 0.579583 2.145861 -0.255542
v 0.592042 2.152507 -0.272150
v 0.604502 2.159153 -0.288758
v 0.616961 2.165798 -0.305366
v 0.536627 2.087016 -0.224612
v 0.548274 2.091323 -0.241546
v 0.559922 2.095630 -0.258481
v 0.571569 2.099936 -0.275415
v 0.583216 2.104244 -0.292349
v 0.594863 2.108550 -0.309283
v 0.606510 2.112857 -0.326217
v 0.611322 2.139913 -0.316803
v 0.599304 2.134452 -0.299995
v 0.587287 2.128991 -0.283187
v 0.575269 2.123530 -0.266379
v 0.563251 2.118069 -0.249572
v 0.551233 2.112608 -0.232764
v 0.539216 2.107147 -0.215956
v 0.534531 2.065856 -0.231501
v 0.545885 2.069040 -0.248510
v 0.557239 2.072225 -0.265518
v 0.568593 2.075409 -0.282527
v 0.579946 2.078593 -0.299536
v 0.591300 2.081778 -0.316544
v 0.602654 2.084962 -0.333553
v 0.532976 2.044046 -0.236532
v 0.544116 2.046139 -0.253578
v 0.555257 2.048232 -0.270623
v 0.566397 2.050325 -0.287668
v 0.577538 2.052418 -0.304713
v 0.588678 2.054511 -0.321758
v 0.599819 2.056604 -0.338803
v 0.532007 2.021968 -0.239617
v 0.543018 2.023000 -0.256674
v 0.554028 2.024031 -0.273731
v 0.565039 2.025063 -0.290788
v 0.576049 2.026095 -0.307845
v 0.587059 2.027127 -0.324902
v 0.598070 2.028158 -0.341959
v 0.500000 6.597696 0.400000
v 0.499420 6.613898 0.426072
v 0.495588 6.631206 0.451212
v 0.488780 6.649369 0.475152
v 0.479259 6.668162 0.497645
v 0.467260 6.687433 0.518515
v 0.453013 6.707038 0.537590
v 0.436726 6.726860 0.554719
v 0.436727 2.819927 0.554719
v 0.453014 2.839749 0.537589
v 0.467262 2.859355 0.518513
v 0.479260 2.878628 0.497642
v 0.488782 2.897422 0.475146
v 0.495590 2.915586 0.451205
v 0.499420 2.932891 0.426067
v 0.500000 2.949090 0.400000
v 0.499242 6.182959 0.427969
v 0.499242 5.619133 0.427969
v 0.499242 5.055306 0.427969
v 0.499242 4.491480 0.427969
v 0.499242 3.927653 0.427969
v 0.499242 3.363827 0.427969
v 0.494589 6.182959 0.455559
v 0.494589 5.619133 0.455559
v 0.494589 5.055306 0.455559
v 0.494589 4.491480 0.455559
v 0.494589 3.927653 0.455559
v 0.494589 3.363827 0.455559
v 0.486130 6.182959 0.482229
v 0.486130 5.619133 0.482229
v 0.486130 5.055306 0.482229
v 0.486130 4.491480 0.482229
v 0.486130 3.927653 0.482229
v 0.486130 3.363827 0.482229
v 0.474033 6.182959 0.507458
v 0.474033 5.619133 0.507458
v 0.474033 5.055306 0.507458
v 0.474033 4.491480 0.507458
v 0.474033 3.927653 0.507458
v 0.474033 3.363827 0.507458
v 0.458533 6.182959 0.530752
v 0.458533 5.619133 0.530752
v 0.458533 5.055306 0.530752
v 0.458533 4.491480 0.530752
v 0.458533 3.927653 0.530752
v 0.458533 3.363827 0.530752
v 0.439934 6.182959 0.551654
v 0.439934 5.619133 0.551654
v 0.439934 5.055306 0.551654
v 0.439934 4.491480 0.551654
v 0.439934 3.927653 0.551654
v 0.439934 3.363827 0.551654
v 0.500000 2.955601 -0.387620
v 0.500936 2.947532 -0.401590
v 0.500900 2.939086 -0.415380
v 0.498075 2.921223 -0.442247
v 0.491849 2.902330 -0.467874
v 0.482536 2.882683 -0.491966
v 0.470414 2.862465 -0.514308
v 0.455753 2.841854 -0.534692
v 0.438800 2.820989 -0.552941
v 0.438799 6.725797 -0.552941
v 0.455753 6.704933 -0.534693
v 0.470413 6.684322 -0.514310
v 0.482535 6.664105 -0.491968
v 0.491848 6.644459 -0.467878
v 0.498073 6.625569 -0.442254
v 0.500900 6.607703 -0.415385
v 0.500936 6.599255 -0.401593
v 0.500000 6.591186 -0.387620
v 0.500959 3.363827 -0.413507
v 0.500959 3.927653 -0.413507
v 0.500959 4.491480 -0.413507
v 0.500959 5.055306 -0.413507
v 0.500959 5.619133 -0.413507
v 0.500959 6.182959 -0.413507
v 0.498564 3.363827 -0.439301
v 0.498564 3.927653 -0.439301
v 0.498564 4.491480 -0.439301
v 0.498564 5.055306 -0.439301
v 0.498564 5.619133 -0.439301
v 0.498564 6.182959 -0.439301
v 0.492856 3.363827 -0.464569
v 0.492856 3.927653 -0.464569
v 0.492856 4.491480 -0.464569
v 0.492856 5.055306 -0.464569
v 0.492856 5.619133 -0.464569
v 0.492856 6.182959 -0.464569
v 0.483929 3.363827 -0.488887
v 0.483929 3.927653 -0.488887
v 0.483929 4.491480 -0.488887
v 0.483929 5.055306 -0.488887
v 0.483929 5.619133 -0.488887
v 0.483929 6.182959 -0.488887
v 0.471934 3.363827 -0.511847
v 0.471934 3.927653 -0.511847
v 0.471934 4.491480 -0.511847
v 0.471934 5.055306 -0.511847
v 0.471934 5.619133 -0.511847
v 0.471934 6.182959 -0.511847
v 0.457072 3.363827 -0.533065
v 0.457072 3.927653 -0.533065
v 0.457072 4.491480 -0.533065
v 0.457072 5.055306 -0.533065
v 0.457072 5.619133 -0.533065
v 0.457072 6.182959 -0.533065
v 0.439593 3.363827 -0.552183
v 0.439593 3.927653 -0.552183
v 0.439593 4.491480 -0.552183
v 0.439593 5.055306 -0.552183
v 0.439593 5.619133 -0.552183
v 0.439593 6.182959 -0.552183
v 0.500000 6.588264 0.381509
v 0.500000 6.580284 0.362858
v 0.500000 6.573741 0.344636
v 0.500000 6.568190 0.326025
v 0.500000 6.559478 0.287110
v 0.500000 6.553519 0.246586
v 0.500000 6.549791 0.205231
v 0.500000 6.547774 0.163823
v 0.500000 6.546946 0.123139
v 0.500000 6.546786 0.083958
v 0.505247 6.546786 0.042125
v 0.507000 6.546786 -0.000000
v 0.505247 6.546786 -0.042125
v 0.500000 6.546786 -0.083958
v 0.500000 6.546929 -0.121458
v 0.500000 6.547666 -0.160366
v 0.500000 6.549454 -0.200000
v 0.500000 6.552751 -0.239675
v 0.500000 6.558016 -0.278706
v 0.500000 6.565706 -0.316411
v 0.500000 6.576282 -0.352106
v 0.500000 6.583055 -0.369730
v 0.448528 6.718323 -0.543872
v 0.488845 6.718323 -0.507942
v 0.484639 6.690439 -0.503572
v 0.526293 6.718323 -0.469031
v 0.521765 6.690439 -0.464995
v 0.514320 6.663703 -0.458360
v 0.504111 6.638658 -0.449262
v 0.560653 6.718323 -0.427367
v 0.555829 6.690439 -0.423690
v 0.547898 6.663703 -0.417645
v 0.537022 6.638658 -0.409354
v 0.523422 6.615814 -0.398987
v 0.507375 6.595636 -0.386755
v 0.591723 6.718323 -0.383196
v 0.586631 6.690439 -0.379899
v 0.578261 6.663703 -0.374478
v 0.566782 6.638658 -0.367044
v 0.552428 6.615814 -0.357749
v 0.535492 6.595636 -0.346781
v 0.516317 6.578535 -0.334364
v 0.619320 6.718323 -0.336775
v 0.613991 6.690439 -0.333878
v 0.605230 6.663703 -0.329114
v 0.593216 6.638658 -0.322581
v 0.578193 6.615814 -0.314411
v 0.560466 6.595636 -0.304772
v 0.540398 6.578535 -0.293859
v 0.518395 6.564859 -0.281894
v 0.643282 6.718323 -0.288379
v 0.637747 6.690439 -0.285897
v 0.628648 6.663703 -0.281818
v 0.616169 6.638658 -0.276224
v 0.600564 6.615814 -0.269228
v 0.582152 6.595636 -0.260974
v 0.561307 6.578535 -0.251630
v 0.538453 6.564859 -0.241384
v 0.514056 6.554887 -0.230447
v 0.663470 6.718323 -0.238290
v 0.657761 6.690439 -0.236240
v 0.648376 6.663703 -0.232869
v 0.635505 6.638658 -0.228246
v 0.619411 6.615814 -0.222466
v 0.600421 6.595636 -0.215645
v 0.578922 6.578535 -0.207924
v 0.555351 6.564859 -0.199458
v 0.530188 6.554887 -0.190421
v 0.503946 6.548821 -0.180996
v 0.679764 6.718323 -0.186802
v 0.673915 6.690439 -0.185195
v 0.664300 6.663703 -0.182553
v 0.651113 6.638658 -0.178929
v 0.634623 6.615814 -0.174398
v 0.615167 6.595636 -0.169051
v 0.593139 6.578535 -0.162998
v 0.568990 6.564859 -0.156361
v 0.543209 6.554887 -0.149276
v 0.516322 6.548821 -0.141888
v 0.692069 6.718323 -0.134219
v 0.686115 6.690439 -0.133064
v 0.676325 6.663703 -0.131165
v 0.662899 6.638658 -0.128562
v 0.646111 6.615814 -0.125306
v 0.626303 6.595636 -0.121464
v 0.603876 6.578535 -0.117115
v 0.579289 6.564859 -0.112347
v 0.553042 6.554887 -0.107256
v 0.525668 6.548821 -0.101947
v 0.700313 6.718323 -0.080848
v 0.694287 6.690439 -0.080152
v 0.684381 6.663703 -0.079008
v 0.670795 6.638658 -0.077440
v 0.653808 6.615814 -0.075479
v 0.633763 6.595636 -0.073165
v 0.611070 6.578535 -0.070545
v 0.586190 6.564859 -0.067673
v 0.559630 6.554887 -0.064607
v 0.531930 6.548821 -0.061409
v 0.704447 6.718323 -0.027002
v 0.698386 6.690439 -0.026770
v 0.688421 6.663703 -0.026388
v 0.674755 6.638658 -0.025864
v 0.657667 6.615814 -0.025209
v 0.637504 6.595636 -0.024436
v 0.614677 6.578535 -0.023561
v 0.589650 6.564859 -0.022602
v 0.562933 6.554887 -0.021578
v 0.535070 6.548821 -0.020510
v 0.704443 6.718323 0.027115
v 0.698382 6.690439 0.026870
v 0.688417 6.663703 0.026476
v 0.674752 6.638658 0.025940
v 0.657665 6.615814 0.025272
v 0.637502 6.595636 0.024487
v 0.614675 6.578535 0.023600
v 0.589649 6.564859 0.022630
v 0.562932 6.554887 0.021596
v 0.535070 6.548821 0.020518
v 0.700313 6.718323 0.080848
v 0.694287 6.690439 0.080152
v 0.684381 6.663703 0.079008
v 0.670795 6.638658 0.077440
v 0.653808 6.615814 0.075479
v 0.633763 6.595636 0.073165
v 0.611070 6.578535 0.070545
v 0.586190 6.564859 0.067673
v 0.559630 6.554887 0.064607
v 0.531930 6.548821 0.061409
v 0.692069 6.718323 0.134219
v 0.686115 6.690439 0.133064
v 0.676325 6.663703 0.131165
v 0.662899 6.638658 0.128562
v 0.646111 6.615814 0.125306
v 0.626303 6.595636 0.121464
v 0.603876 6.578535 0.117115
v 0.579289 6.564859 0.112347
v 0.553042 6.554887 0.107256
v 0.525668 6.548821 0.101947
v 0.679764 6.718323 0.186802
v 0.673915 6.690439 0.185195
v 0.664300 6.663703 0.182553
v 0.651113 6.638658 0.178929
v 0.634623 6.615814 0.174398
v 0.615167 6.595636 0.169051
v 0.593139 6.578535 0.162998
v 0.568990 6.564859 0.156361
v 0.543209 6.554887 0.149276
v 0.516322 6.548821 0.141888
v 0.663470 6.718323 0.238290
v 0.657761 6.690439 0.236240
v 0.648376 6.663703 0.232869
v 0.635505 6.638658 0.228246
v 0.619411 6.615814 0.222466
v 0.600421 6.595636 0.215645
v 0.578922 6.578535 0.207924
v 0.555351 6.564859 0.199458
v 0.530188 6.554887 0.190421
v 0.503946 6.548821 0.180996
v 0.643282 6.718323 0.288379
v 0.637747 6.690439 0.285897
v 0.628648 6.663703 0.281818
v 0.616169 6.638658 0.276224
v 0.600564 6.615814 0.269228
v 0.582152 6.595636 0.260974
v 0.561307 6.578535 0.251630
v 0.538453 6.564859 0.241384
v 0.514056 6.554887 0.230447
v 0.619320 6.718323 0.336775
v 0.613991 6.690439 0.333878
v 0.605230 6.663703 0.329114
v 0.593216 6.638658 0.322581
v 0.578193 6.615814 0.314411
v 0.560466 6.595636 0.304772
v 0.540398 6.578535 0.293859
v 0.518395 6.564859 0.281894
v 0.591723 6.718323 0.383196
v 0.586631 6.690439 0.379899
v 0.578261 6.663703 0.374478
v 0.566782 6.638658 0.367044
v 0.552428 6.615814 0.357749
v 0.535492 6.595636 0.346781
v 0.516317 6.578535 0.334364
v 0.560621 6.718323 0.427409
v 0.555766 6.690439 0.423772
v 0.547805 6.663703 0.417766
v 0.536901 6.638658 0.409513
v 0.523274 6.615814 0.399181
v 0.507203 6.595636 0.386980
v 0.526293 6.718323 0.469031
v 0.521765 6.690439 0.464995
v 0.514320 6.663703 0.458360
v 0.504111 6.638658 0.449262
v 0.488906 6.718323 0.507884
v 0.484759 6.690439 0.503456
v 0.448528 6.718323 0.543872
v 0.500000 2.963730 -0.369730
v 0.500000 2.970505 -0.352106
v 0.500000 2.981079 -0.316411
v 0.500000 2.988770 -0.278706
v 0.500000 2.994035 -0.239675
v 0.500000 2.997332 -0.200000
v 0.500000 2.999120 -0.160366
v 0.500000 2.999856 -0.121458
v 0.500000 3.000000 -0.083958
v 0.505247 3.000000 -0.042125
v 0.507000 3.000000 -0.000000
v 0.505247 3.000000 0.042125
v 0.500000 3.000000 0.083958
v 0.500000 2.999840 0.123139
v 0.500000 2.999012 0.163823
v 0.500000 2.996994 0.205231
v 0.500000 2.993267 0.246586
v 0.500000 2.987308 0.287110
v 0.500000 2.978596 0.326025
v 0.500000 2.973045 0.344636
v 0.500000 2.966502 0.362858
v 0.500000 2.958522 0.381509
v 0.535070 2.997964 0.020518
v 0.448528 2.828463 0.543872
v 0.488907 2.828463 0.507883
v 0.484761 2.856347 0.503454
v 0.526293 2.828463 0.469031
v 0.521765 2.856347 0.464995
v 0.514320 2.883083 0.458360
v 0.504111 2.908128 0.449262
v 0.560621 2.828463 0.427409
v 0.555766 2.856347 0.423772
v 0.547805 2.883083 0.417766
v 0.536901 2.908128 0.409513
v 0.523274 2.930972 0.399181
v 0.507203 2.951150 0.386980
v 0.591723 2.828463 0.383196
v 0.586631 2.856347 0.379899
v 0.578261 2.883083 0.374478
v 0.566782 2.908128 0.367044
v 0.552428 2.930972 0.357749
v 0.535492 2.951150 0.346781
v 0.516317 2.968251 0.334364
v 0.619320 2.828463 0.336775
v 0.613991 2.856347 0.333878
v 0.605230 2.883083 0.329114
v 0.593216 2.908128 0.322581
v 0.578193 2.930972 0.314411
v 0.560466 2.951150 0.304772
v 0.540398 2.968251 0.293859
v 0.518395 2.981926 0.281894
v 0.643282 2.828463 0.288379
v 0.637747 2.856347 0.285897
v 0.628648 2.883083 0.281818
v 0.616169 2.908128 0.276224
v 0.600564 2.930972 0.269228
v 0.582152 2.951150 0.260974
v 0.561307 2.968251 0.251630
v 0.538453 2.981926 0.241384
v 0.514056 2.991899 0.230447
v 0.663470 2.828463 0.238290
v 0.657761 2.856347 0.236240
v 0.648376 2.883083 0.232869
v 0.635505 2.908128 0.228246
v 0.619411 2.930972 0.222466
v 0.600421 2.951150 0.215645
v 0.578922 2.968251 0.207924
v 0.555351 2.981926 0.199458
v 0.530188 2.991899 0.190421
v 0.503946 2.997964 0.180996
v 0.679764 2.828463 0.186802
v 0.673915 2.856347 0.185195
v 0.664300 2.883083 0.182553
v 0.651113 2.908128 0.178929
v 0.634623 2.930972 0.174398
v 0.615167 2.951150 0.169051
v 0.593139 2.968251 0.162998
v 0.568990 2.981926 0.156361
v 0.543209 2.991899 0.149276
v 0.516322 2.997964 0.141888
v 0.692069 2.828463 0.134219
v 0.686115 2.856347 0.133064
v 0.676325 2.883083 0.131165
v 0.662899 2.908128 0.128562
v 0.646111 2.930972 0.125306
v 0.626303 2.951150 0.121464
v 0.603876 2.968251 0.117115
v 0.579289 2.981926 0.112347
v 0.553042 2.991899 0.107256
v 0.525668 2.997964 0.101947
v 0.700313 2.828463 0.080848
v 0.694287 2.856347 0.080152
v 0.684381 2.883083 0.079008
v 0.670795 2.908128 0.077440
v 0.653808 2.930972 0.075479
v 0.633763 2.951150 0.073165
v 0.611070 2.968251 0.070545
v 0.586190 2.981926 0.067673
v 0.559630 2.991899 0.064607
v 0.531930 2.997964 0.061409
v 0.704443 2.828463 0.027115
v 0.698382 2.856347 0.026870
v 0.688417 2.883083 0.026476
v 0.674752 2.908128 0.025940
v 0.657665 2.930972 0.025272
v 0.637502 2.951150 0.024487
v 0.614675 2.968251 0.023600
v 0.589649 2.981926 0.022630
v 0.562932 2.991899 0.021596
v 0.704447 2.828463 -0.027002
v 0.698386 2.856347 -0.026770
v 0.688421 2.883083 -0.026388
v 0.674755 2.908128 -0.025864
v 0.657667 2.930972 -0.025209
v 0.637504 2.951150 -0.024436
v 0.614677 2.968251 -0.023561
v 0.589650 2.981926 -0.022602
v 0.562933 2.991899 -0.021578
v 0.535070 2.997964 -0.020510
v 0.700313 2.828463 -0.080848
v 0.694287 2.856347 -0.080152
v 0.684381 2.883083 -0.079008
v 0.670795 2.908128 -0.077440
v 0.653808 2.930972 -0.075479
v 0.633763 2.951150 -0.073165
v 0.611070 2.968251 -0.070545
v 0.586190 2.981926 -0.067673
v 0.559630 2.991899 -0.064607
v 0.531930 2.997964 -0.061409
v 0.692069 2.828463 -0.134219
v 0.686115 2.856347 -0.133064
v 0.676325 2.883083 -0.131165
v 0.662899 2.908128 -0.128562
v 0.646111 2.930972 -0.125306
v 0.626303 2.951150 -0.121464
v 0.603876 2.968251 -0.117115
v 0.579289 2.981926 -0.112347
v 0.553042 2.991899 -0.107256
v 0.525668 2.997964 -0.101947
v 0.679764 2.828463 -0.186802
v 0.673915 2.856347 -0.185195
v 0.664300 2.883083 -0.182553
v 0.651113 2.908128 -0.178929
v 0.634623 2.930972 -0.174398
v 0.615167 2.951150 -0.169051
v 0.593139 2.968251 -0.162998
v 0.568990 2.981926 -0.156361
v 0.543209 2.991899 -0.149276
v 0.516322 2.997964 -0.141888
v 0.663470 2.828463 -0.238290
v 0.657761 2.856347 -0.236240
v 0.648376 2.883083 -0.232869
v 0.635505 2.908128 -0.228246
v 0.619411 2.930972 -0.222466
v 0.600421 2.951150 -0.215645
v 0.578922 2.968251 -0.207924
v 0.555351 2.981926 -0.199458
v 0.530188 2.991899 -0.190421
v 0.503946 2.997964 -0.180996
v 0.643282 2.828463 -0.288379
v 0.637747 2.856347 -0.285897
v 0.628648 2.883083 -0.281818
v 0.616169 2.908128 -0.276224
v 0.600564 2.930972 -0.269228
v 0.582152 2.951150 -0.260974
v 0.561307 2.968251 -0.251630
v 0.538453 2.981926 -0.241384
v 0.514056 2.991899 -0.230447
v 0.619320 2.828463 -0.336775
v 0.613991 2.856347 -0.333878
v 0.605230 2.883083 -0.329114
v 0.593216 2.908128 -0.322581
v 0.578193 2.930972 -0.314411
v 0.560466 2.951150 -0.304772
v 0.540398 2.968251 -0.293859
v 0.518395 2.981926 -0.281894
v 0.591723 2.828463 -0.383196
v 0.586631 2.856347 -0.379899
v 0.578261 2.883083 -0.374478
v 0.566782 2.908128 -0.367044
v 0.552428 2.930972 -0.357749
v 0.535492 2.951150 -0.346781
v 0.516317 2.968251 -0.334364
v 0.560653 2.828463 -0.427367
v 0.555829 2.856347 -0.423690
v 0.547898 2.883083 -0.417645
v 0.537022 2.908128 -0.409354
v 0.523422 2.930972 -0.398987
v 0.507375 2.951150 -0.386755
v 0.526293 2.828463 -0.469031
v 0.521765 2.856347 -0.464995
v 0.514320 2.883083 -0.458360
v 0.504111 2.908128 -0.449262
v 0.488845 2.828463 -0.507942
v 0.484639 2.856347 -0.503572
v 0.448528 2.828463 -0.543872
v -0.517024 51.572422 -0.001909
v -0.517024 9.550000 -0.001909
v -0.517024 9.550000 -0.001899
v -0.517024 51.572422 -0.001899
v -0.525168 9.549607 -0.001681
v -0.525167 9.549607 -0.001671
v -0.525168 51.580578 -0.001681
v -0.525167 51.580578 -0.001671
v 0.705696 49.007389 0.042921
v 0.691882 49.007729 0.042534
v 0.678097 49.009701 0.042148
v 0.664373 49.013302 0.041764
v 0.650745 49.018520 0.041382
v 0.637245 49.025345 0.041004
v 0.623906 49.033760 0.040630
v 0.610761 49.043743 0.040262
v 0.597841 49.055275 0.039900
v 0.585178 49.068321 0.039546
v 0.572804 49.082851 0.039199
v 0.560747 49.098831 0.038862
v 0.549038 49.116222 0.038534
v 0.537704 49.134983 0.038216
v 0.526774 49.155067 0.037910
v 0.516274 49.176426 0.037616
v 0.506229 49.199005 0.037335
v 0.496664 49.222752 0.037067
v 0.487603 49.247608 0.036813
v 0.479067 49.273514 0.036574
v 0.471077 49.300407 0.036351
v 0.456812 49.356880 0.035951
v 0.444946 49.416489 0.035619
v 0.435596 49.478645 0.035357
v 0.428851 49.542747 0.035168
v 0.424777 49.608170 0.035054
v 0.423415 49.674282 0.035016
v 0.424777 49.740433 0.035054
v 0.428851 49.805984 0.035168
v 0.435596 49.870296 0.035357
v 0.444946 49.932747 0.035619
v 0.456812 49.992725 0.035951
v 0.471077 50.049648 0.036351
v 0.479067 50.076786 0.036574
v 0.487603 50.102959 0.036813
v 0.496664 50.128101 0.037067
v 0.506229 50.152145 0.037335
v 0.516274 50.175041 0.037616
v 0.526774 50.196728 0.037910
v 0.537704 50.217152 0.038216
v 0.549038 50.236267 0.038534
v 0.560747 50.254025 0.038862
v 0.572804 50.270382 0.039199
v 0.585178 50.285301 0.039546
v 0.597841 50.298744 0.039900
v 0.610761 50.310677 0.040262
v 0.623906 50.321072 0.040630
v 0.637245 50.329903 0.041004
v 0.650745 50.337151 0.041382
v 0.664373 50.342796 0.041764
v 0.678097 50.346825 0.042148
v 0.691882 50.349228 0.042534
v 0.705696 50.349998 0.042921
v -0.694304 51.750000 0.003715
v -0.706075 51.750000 0.003385
v -0.706075 7.750000 0.003385
v 0.705696 7.750000 0.042921
v 0.705696 9.695535 0.042921
v 0.684899 9.697584 0.042339
v 0.664901 9.703652 0.041778
v 0.646471 9.713508 0.041262
v 0.630317 9.726770 0.040810
v 0.617060 9.742930 0.040439
v 0.607209 9.761368 0.040163
v 0.601143 9.781373 0.039993
v 0.599095 9.802178 0.039936
v 0.601143 9.822983 0.039993
v 0.607209 9.842989 0.040163
v 0.617060 9.861425 0.040439
v 0.630317 9.877586 0.040810
v 0.646471 9.890848 0.041262
v 0.664901 9.900703 0.041778
v 0.684899 9.906772 0.042339
v 0.705696 9.908821 0.042921
v 0.705696 9.993915 0.042921
v 0.684903 9.995963 0.042339
v 0.664909 10.002030 0.041779
v 0.646483 10.011884 0.041263
v 0.630332 10.025144 0.040810
v 0.617078 10.041301 0.040439
v 0.607228 10.059734 0.040163
v 0.601163 10.079736 0.039994
v 0.599115 10.100536 0.039936
v 0.601163 10.121338 0.039994
v 0.607228 10.141339 0.040163
v 0.617078 10.159773 0.040439
v 0.630332 10.175930 0.040810
v 0.646483 10.189190 0.041263
v 0.664909 10.199043 0.041779
v 0.684903 10.205111 0.042339
v 0.705696 10.207159 0.042921
v 0.705696 10.304423 0.042921
v 0.684779 10.306484 0.042335
v 0.664666 10.312588 0.041772
v 0.646129 10.322499 0.041253
v 0.629882 10.335838 0.040798
v 0.616548 10.352093 0.040424
v 0.606640 10.370636 0.040147
v 0.600539 10.390757 0.039976
v 0.598479 10.411682 0.039918
v 0.600539 10.432608 0.039976
v 0.606640 10.452728 0.040147
v 0.616548 10.471272 0.040424
v 0.629882 10.487526 0.040798
v 0.646129 10.500865 0.041253
v 0.664666 10.510777 0.041772
v 0.684779 10.516880 0.042335
v 0.705696 10.518941 0.042921
v 0.705696 10.594885 0.042921
v 0.684901 10.596933 0.042339
v 0.664906 10.603002 0.041779
v 0.646478 10.612855 0.041263
v 0.630326 10.626117 0.040810
v 0.617070 10.642275 0.040439
v 0.607220 10.660710 0.040163
v 0.601154 10.680714 0.039993
v 0.599106 10.701516 0.039936
v 0.601154 10.722319 0.039993
v 0.607220 10.742323 0.040163
v 0.617070 10.760757 0.040439
v 0.630326 10.776917 0.040810
v 0.646478 10.790177 0.041263
v 0.664906 10.800031 0.041779
v 0.684901 10.806099 0.042339
v 0.705696 10.808148 0.042921
v 0.705696 10.893254 0.042921
v 0.684903 10.895303 0.042339
v 0.664910 10.901370 0.041779
v 0.646484 10.911222 0.041263
v 0.630333 10.924482 0.040810
v 0.617079 10.940639 0.040439
v 0.607230 10.959073 0.040163
v 0.601165 10.979074 0.039994
v 0.599117 10.999875 0.039936
v 0.601165 11.020676 0.039994
v 0.607230 11.040677 0.040163
v 0.617079 11.059111 0.040439
v 0.630333 11.075268 0.040810
v 0.646484 11.088527 0.041263
v 0.664910 11.098380 0.041779
v 0.684903 11.104447 0.042339
v 0.705696 11.106496 0.042921
v 0.705696 11.195846 0.042921
v 0.685487 11.197780 0.042355
v 0.666011 11.203510 0.041810
v 0.647975 11.212831 0.041304
v 0.632031 11.225402 0.040858
v 0.618758 11.240769 0.040486
v 0.608638 11.258375 0.040203
v 0.602038 11.277580 0.040018
v 0.599196 11.297689 0.039938
v 0.600216 11.317972 0.039967
v 0.605061 11.337694 0.040103
v 0.613555 11.356140 0.040341
v 0.625391 11.372641 0.040672
v 0.640138 11.386597 0.041085
v 0.657262 11.397504 0.041565
v 0.646137 11.409536 0.041253
v 0.637931 11.423723 0.041023
v 0.633046 11.439368 0.040886
v 0.631721 11.455706 0.040849
v 0.634022 11.471933 0.040914
v 0.639836 11.487258 0.041077
v 0.648878 11.500926 0.041330
v 0.660705 11.512270 0.041661
v 0.642698 11.522868 0.041157
v 0.627094 11.536765 0.040720
v 0.614486 11.553431 0.040367
v 0.605357 11.572229 0.040111
v 0.600053 11.592444 0.039962
v 0.598777 11.613305 0.039927
v 0.601578 11.634017 0.040005
v 0.608349 11.653789 0.040195
v 0.618832 11.671867 0.040488
v 0.632627 11.687563 0.040875
v 0.649208 11.700278 0.041339
v 0.667943 11.709527 0.041864
v 0.649365 11.718676 0.041343
v 0.632896 11.731232 0.040882
v 0.619152 11.746725 0.040497
v 0.608648 11.764577 0.040203
v 0.601777 11.784119 0.040011
v 0.598797 11.804618 0.039927
v 0.599819 11.825307 0.039956
v 0.604804 11.845413 0.040095
v 0.613566 11.864182 0.040341
v 0.625777 11.880911 0.040683
v 0.640980 11.894975 0.041109
v 0.658606 11.905847 0.041602
v 0.641248 11.916574 0.041116
v 0.626252 11.930416 0.040696
v 0.614167 11.946861 0.040358
v 0.605436 11.965310 0.040113
v 0.600378 11.985085 0.039972
v 0.599179 12.005461 0.039938
v 0.601884 12.025692 0.040014
v 0.608392 12.045037 0.040196
v 0.618466 12.062787 0.040478
v 0.631736 12.078292 0.040850
v 0.647716 12.090983 0.041297
v 0.665820 12.100396 0.041804
v 0.685386 12.106186 0.042352
v 0.705696 12.108139 0.042921
v 0.705696 48.304615 0.042921
v 0.672432 48.306301 0.041989
v 0.639591 48.311863 0.041070
v 0.607623 48.321217 0.040174
v 0.576965 48.334236 0.039316
v 0.548034 48.350746 0.038506
v 0.521226 48.370522 0.037755
v 0.496908 48.393291 0.037074
v 0.475410 48.418739 0.036472
v 0.457028 48.446526 0.035957
v 0.442011 48.476269 0.035537
v 0.430565 48.507561 0.035216
v 0.422847 48.539974 0.035000
v 0.418961 48.573067 0.034891
v 0.418961 48.606384 0.034891
v 0.422847 48.639477 0.035000
v 0.430565 48.671890 0.035216
v 0.442011 48.703182 0.035537
v 0.457028 48.732925 0.035957
v 0.475410 48.760712 0.036472
v 0.496908 48.786163 0.037074
v 0.521226 48.808929 0.037755
v 0.548034 48.828705 0.038506
v 0.576965 48.845215 0.039316
v 0.607623 48.858234 0.040174
v 0.639591 48.867592 0.041070
v 0.672432 48.873150 0.041989
v 0.705696 48.874840 0.042921
v 0.157868 11.200000 0.027579
v 0.159902 11.223901 0.027636
v 0.165944 11.247113 0.027805
v 0.175820 11.268970 0.028082
v 0.189247 11.288844 0.028458
v 0.205838 11.306161 0.028923
v 0.225115 11.320425 0.029462
v 0.246525 11.331223 0.030062
v 0.269452 11.338247 0.030704
v 0.293235 11.341294 0.031370
v 0.317190 11.340276 0.032041
v 0.340630 11.335222 0.032697
v 0.362878 11.326279 0.033320
v 0.383295 11.313703 0.033892
v 0.401294 11.297855 0.034396
v 0.416357 11.279193 0.034818
v 0.428051 11.258252 0.035146
v 0.436039 11.235635 0.035369
v 0.440091 11.211993 0.035483
v 0.440091 11.188006 0.035483
v 0.436039 11.164365 0.035369
v 0.428051 11.141748 0.035146
v 0.416357 11.120808 0.034818
v 0.401294 11.102145 0.034396
v 0.383295 11.086298 0.033892
v 0.362878 11.073721 0.033320
v 0.340630 11.064777 0.032697
v 0.317190 11.059724 0.032041
v 0.293235 11.058706 0.031370
v 0.269452 11.061753 0.030704
v 0.246525 11.068777 0.030062
v 0.225115 11.079576 0.029462
v 0.205838 11.093839 0.028923
v 0.189247 11.111156 0.028458
v 0.175820 11.131030 0.028082
v 0.165944 11.152887 0.027805
v 0.159902 11.176100 0.027636
v 0.157868 10.000000 0.027579
v 0.159902 10.023900 0.027636
v 0.165944 10.047113 0.027805
v 0.175820 10.068971 0.028082
v 0.189247 10.088844 0.028458
v 0.205838 10.106161 0.028923
v 0.225115 10.120424 0.029462
v 0.246525 10.131224 0.030062
v 0.269452 10.138247 0.030704
v 0.293235 10.141294 0.031370
v 0.317190 10.140276 0.032041
v 0.340630 10.135222 0.032697
v 0.362878 10.126279 0.033320
v 0.383295 10.113703 0.033892
v 0.401294 10.097855 0.034396
v 0.416357 10.079192 0.034818
v 0.428051 10.058251 0.035146
v 0.436039 10.035635 0.035369
v 0.440091 10.011993 0.035483
v 0.440091 9.988007 0.035483
v 0.436039 9.964365 0.035369
v 0.428051 9.941749 0.035146
v 0.416357 9.920808 0.034818
v 0.401294 9.902145 0.034396
v 0.383295 9.886298 0.033892
v 0.362878 9.873721 0.033320
v 0.340630 9.864778 0.032697
v 0.317190 9.859724 0.032041
v 0.293235 9.858706 0.031370
v 0.269452 9.861753 0.030704
v 0.246525 9.868777 0.030062
v 0.225115 9.879576 0.029462
v 0.205838 9.893839 0.028923
v 0.189247 9.911157 0.028458
v 0.175820 9.931029 0.028082
v 0.165944 9.952888 0.027805
v 0.159902 9.976100 0.027636
v 0.157868 10.800000 0.027579
v 0.159902 10.823900 0.027636
v 0.165944 10.847114 0.027805
v 0.175820 10.868971 0.028082
v 0.189247 10.888844 0.028458
v 0.205838 10.906161 0.028923
v 0.225115 10.920424 0.029462
v 0.246525 10.931224 0.030062
v 0.269452 10.938248 0.030704
v 0.293235 10.941294 0.031370
v 0.317190 10.940276 0.032041
v 0.340630 10.935223 0.032697
v 0.362878 10.926279 0.033320
v 0.383295 10.913703 0.033892
v 0.401294 10.897855 0.034396
v 0.416357 10.879192 0.034818
v 0.428051 10.858252 0.035146
v 0.436039 10.835635 0.035369
v 0.440091 10.811994 0.035483
v 0.440091 10.788007 0.035483
v 0.436039 10.764365 0.035369
v 0.428051 10.741749 0.035146
v 0.416357 10.720808 0.034818
v 0.401294 10.702146 0.034396
v 0.383295 10.686297 0.033892
v 0.362878 10.673721 0.033320
v 0.340630 10.664778 0.032697
v 0.317190 10.659724 0.032041
v 0.293235 10.658707 0.031370
v 0.269452 10.661753 0.030704
v 0.246525 10.668777 0.030062
v 0.225115 10.679576 0.029462
v 0.205838 10.693839 0.028923
v 0.189247 10.711157 0.028458
v 0.175820 10.731030 0.028082
v 0.165944 10.752887 0.027805
v 0.159902 10.776100 0.027636
v 0.157868 10.400001 0.027579
v 0.159902 10.423901 0.027636
v 0.165944 10.447113 0.027805
v 0.175820 10.468970 0.028082
v 0.189247 10.488844 0.028458
v 0.205838 10.506162 0.028923
v 0.225115 10.520425 0.029462
v 0.246525 10.531223 0.030062
v 0.269452 10.538247 0.030704
v 0.293235 10.541294 0.031370
v 0.317190 10.540277 0.032041
v 0.340630 10.535223 0.032697
v 0.362878 10.526278 0.033320
v 0.383295 10.513702 0.033892
v 0.401294 10.497855 0.034396
v 0.416357 10.479193 0.034818
v 0.428051 10.458252 0.035146
v 0.436039 10.435636 0.035369
v 0.440091 10.411994 0.035483
v 0.440091 10.388007 0.035483
v 0.436039 10.364365 0.035369
v 0.428051 10.341748 0.035146
v 0.416357 10.320807 0.034818
v 0.401294 10.302145 0.034396
v 0.383295 10.286298 0.033892
v 0.362878 10.273722 0.033320
v 0.340630 10.264778 0.032697
v 0.317190 10.259725 0.032041
v 0.293235 10.258706 0.031370
v 0.269452 10.261753 0.030704
v 0.246525 10.268777 0.030062
v 0.225115 10.279575 0.029462
v 0.205838 10.293839 0.028923
v 0.189247 10.311156 0.028458
v 0.175820 10.331030 0.028082
v 0.165944 10.352887 0.027805
v 0.159902 10.376100 0.027636
v 0.705696 49.007336 -0.036151
v 0.705696 48.874847 -0.036151
v 0.705696 50.349987 -0.036151
v 0.705696 50.349998 -0.036151
v 0.691932 49.007931 -0.035766
v 0.678201 49.010139 -0.035381
v 0.664537 49.013958 -0.034998
v 0.650972 49.019379 -0.034618
v 0.637538 49.026390 -0.034242
v 0.624269 49.034969 -0.033871
v 0.611196 49.045101 -0.033505
v 0.598350 49.056763 -0.033145
v 0.585763 49.069916 -0.032792
v 0.573466 49.084541 -0.032448
v 0.561486 49.100594 -0.032112
v 0.549854 49.118042 -0.031787
v 0.538598 49.136837 -0.031471
v 0.527744 49.156940 -0.031168
v 0.517318 49.178299 -0.030876
v 0.507347 49.200867 -0.030596
v 0.497853 49.224583 -0.030330
v 0.488861 49.249390 -0.030079
v 0.480390 49.275234 -0.029841
v 0.472462 49.302052 -0.029619
v 0.458310 49.358337 -0.029223
v 0.446541 49.417709 -0.028893
v 0.437267 49.479595 -0.028634
v 0.430578 49.543396 -0.028446
v 0.426539 49.608501 -0.028333
v 0.425188 49.674282 -0.028296
v 0.426539 49.740105 -0.028333
v 0.430578 49.805332 -0.028446
v 0.437267 49.869347 -0.028634
v 0.446541 49.931519 -0.028893
v 0.458310 49.991261 -0.029223
v 0.472462 50.047989 -0.029619
v 0.480390 50.075050 -0.029841
v 0.488861 50.101158 -0.030079
v 0.497853 50.126251 -0.030330
v 0.507347 50.150261 -0.030596
v 0.517318 50.173138 -0.030876
v 0.527744 50.194824 -0.031168
v 0.538598 50.215267 -0.031471
v 0.549854 50.234413 -0.031787
v 0.561486 50.252224 -0.032112
v 0.573466 50.268654 -0.032448
v 0.585763 50.283661 -0.032792
v 0.598350 50.297207 -0.033145
v 0.611196 50.309269 -0.033505
v 0.624269 50.319809 -0.033871
v 0.637538 50.328804 -0.034242
v 0.650972 50.336231 -0.034618
v 0.664537 50.342079 -0.034998
v 0.678201 50.346325 -0.035381
v 0.691932 50.348965 -0.035766
v 0.705696 48.304604 -0.036151
v 0.672556 48.306534 -0.035223
v 0.639865 48.312290 -0.034307
v 0.608064 48.321800 -0.033417
v 0.577583 48.334930 -0.032563
v 0.548835 48.351509 -0.031758
v 0.522208 48.371311 -0.031013
v 0.498062 48.394062 -0.030336
v 0.476724 48.419464 -0.029739
v 0.458483 48.447166 -0.029228
v 0.443585 48.476795 -0.028811
v 0.432231 48.507954 -0.028493
v 0.424576 48.540215 -0.028278
v 0.420722 48.573147 -0.028170
v 0.420722 48.606304 -0.028170
v 0.424576 48.639236 -0.028278
v 0.432231 48.671501 -0.028493
v 0.443585 48.702656 -0.028811
v 0.458483 48.732285 -0.029228
v 0.476724 48.759987 -0.029739
v 0.498062 48.785389 -0.030336
v 0.522208 48.808140 -0.031013
v 0.548835 48.827942 -0.031758
v 0.577583 48.844521 -0.032563
v 0.608064 48.857651 -0.033417
v 0.639865 48.867161 -0.034307
v 0.672556 48.872917 -0.035223
v 0.159225 11.200000 -0.020847
v 0.161261 11.176100 -0.020904
v 0.167313 11.152887 -0.021074
v 0.177204 11.131030 -0.021351
v 0.190652 11.111156 -0.021727
v 0.207269 11.093839 -0.022193
v 0.226577 11.079576 -0.022734
v 0.248021 11.068777 -0.023334
v 0.270983 11.061753 -0.023977
v 0.294803 11.058706 -0.024644
v 0.318797 11.059724 -0.025316
v 0.342273 11.064777 -0.025974
v 0.364556 11.073721 -0.026598
v 0.385005 11.086298 -0.027170
v 0.403033 11.102145 -0.027675
v 0.418119 11.120808 -0.028098
v 0.429831 11.141748 -0.028426
v 0.437832 11.164365 -0.028650
v 0.441890 11.188006 -0.028763
v 0.441890 11.211993 -0.028763
v 0.437832 11.235635 -0.028650
v 0.429831 11.258252 -0.028426
v 0.418119 11.279193 -0.028098
v 0.403033 11.297855 -0.027675
v 0.385005 11.313703 -0.027170
v 0.364556 11.326279 -0.026598
v 0.342273 11.335222 -0.025974
v 0.318797 11.340276 -0.025316
v 0.294803 11.341294 -0.024644
v 0.270983 11.338247 -0.023977
v 0.248021 11.331223 -0.023334
v 0.226577 11.320425 -0.022734
v 0.207269 11.306161 -0.022193
v 0.190652 11.288844 -0.021727
v 0.177204 11.268970 -0.021351
v 0.167313 11.247113 -0.021074
v 0.161261 11.223901 -0.020904
v 0.159225 10.000000 -0.020847
v 0.161261 9.976100 -0.020904
v 0.167313 9.952888 -0.021074
v 0.177204 9.931029 -0.021351
v 0.190652 9.911157 -0.021727
v 0.207269 9.893839 -0.022193
v 0.226577 9.879576 -0.022734
v 0.248021 9.868777 -0.023334
v 0.270983 9.861753 -0.023977
v 0.294803 9.858706 -0.024644
v 0.318797 9.859724 -0.025316
v 0.342273 9.864778 -0.025974
v 0.364556 9.873721 -0.026598
v 0.385005 9.886298 -0.027170
v 0.403033 9.902145 -0.027675
v 0.418119 9.920808 -0.028098
v 0.429831 9.941749 -0.028426
v 0.437832 9.964365 -0.028650
v 0.441890 9.988007 -0.028763
v 0.441890 10.011993 -0.028763
v 0.437832 10.035635 -0.028650
v 0.429831 10.058251 -0.028426
v 0.418119 10.079192 -0.028098
v 0.403033 10.097855 -0.027675
v 0.385005 10.113703 -0.027170
v 0.364556 10.126279 -0.026598
v 0.342273 10.135222 -0.025974
v 0.318797 10.140276 -0.025316
v 0.294803 10.141294 -0.024644
v 0.270983 10.138247 -0.023977
v 0.248021 10.131224 -0.023334
v 0.226577 10.120424 -0.022734
v 0.207269 10.106161 -0.022193
v 0.190652 10.088844 -0.021727
v 0.177204 10.068971 -0.021351
v 0.167313 10.047113 -0.021074
v 0.161261 10.023900 -0.020904
v 0.159225 10.800000 -0.020847
v 0.161261 10.776100 -0.020904
v 0.167313 10.752887 -0.021074
v 0.177204 10.731030 -0.021351
v 0.190652 10.711157 -0.021727
v 0.207269 10.693839 -0.022193
v 0.226577 10.679576 -0.022734
v 0.248021 10.668777 -0.023334
v 0.270983 10.661753 -0.023977
v 0.294803 10.658707 -0.024644
v 0.318797 10.659724 -0.025316
v 0.342273 10.664778 -0.025974
v 0.364556 10.673721 -0.026598
v 0.385005 10.686297 -0.027170
v 0.403033 10.702146 -0.027675
v 0.418119 10.720808 -0.028098
v 0.429831 10.741749 -0.028426
v 0.437832 10.764365 -0.028650
v 0.441890 10.788007 -0.028763
v 0.441890 10.811994 -0.028763
v 0.437832 10.835635 -0.028650
v 0.429831 10.858252 -0.028426
v 0.418119 10.879192 -0.028098
v 0.403033 10.897855 -0.027675
v 0.385005 10.913703 -0.027170
v 0.364556 10.926279 -0.026598
v 0.342273 10.935223 -0.025974
v 0.318797 10.940276 -0.025316
v 0.294803 10.941294 -0.024644
v 0.270983 10.938248 -0.023977
v 0.248021 10.931224 -0.023334
v 0.226577 10.920424 -0.022734
v 0.207269 10.906161 -0.022193
v 0.190652 10.888844 -0.021727
v 0.177204 10.868971 -0.021351
v 0.167313 10.847114 -0.021074
v 0.161261 10.823900 -0.020904
v 0.159225 10.400001 -0.020847
v 0.161261 10.376100 -0.020904
v 0.167313 10.352887 -0.021074
v 0.177204 10.331030 -0.021351
v 0.190652 10.311156 -0.021727
v 0.207269 10.293839 -0.022193
v 0.226577 10.279575 -0.022734
v 0.248021 10.268777 -0.023334
v 0.270983 10.261753 -0.023977
v 0.294803 10.258706 -0.024644
v 0.318797 10.259725 -0.025316
v 0.342273 10.264778 -0.025974
v 0.364556 10.273722 -0.026598
v 0.385005 10.286298 -0.027170
v 0.403033 10.302145 -0.027675
v 0.418119 10.320807 -0.028098
v 0.429831 10.341748 -0.028426
v 0.437832 10.364365 -0.028650
v 0.441890 10.388007 -0.028763
v 0.441890 10.411994 -0.028763
v 0.437832 10.435636 -0.028650
v 0.429831 10.458252 -0.028426
v 0.418119 10.479193 -0.028098
v 0.403033 10.497855 -0.027675
v 0.385005 10.513702 -0.027170
v 0.364556 10.526278 -0.026598
v 0.342273 10.535223 -0.025974
v 0.318797 10.540277 -0.025316
v 0.294803 10.541294 -0.024644
v 0.270983 10.538247 -0.023977
v 0.248021 10.531223 -0.023334
v 0.226577 10.520425 -0.022734
v 0.207269 10.506162 -0.022193
v 0.190652 10.488844 -0.021727
v 0.177204 10.468970 -0.021351
v 0.167313 10.447113 -0.021074
v 0.161261 10.423901 -0.020904
v 0.705696 12.108116 -0.036151
v 0.685554 12.105775 -0.035587
v 0.666219 12.099670 -0.035045
v 0.648388 12.090026 -0.034546
v 0.632704 12.077187 -0.034107
v 0.619734 12.061618 -0.033744
v 0.609945 12.043880 -0.033470
v 0.603691 12.024612 -0.033294
v 0.601197 12.004513 -0.033225
v 0.602554 11.984303 -0.033263
v 0.607711 11.964715 -0.033407
v 0.616484 11.946455 -0.033653
v 0.628555 11.930181 -0.033991
v 0.643490 11.916479 -0.034409
v 0.660748 11.905847 -0.034892
v 0.643095 11.894975 -0.034398
v 0.627868 11.880911 -0.033971
v 0.615637 11.864182 -0.033629
v 0.606862 11.845413 -0.033383
v 0.601869 11.825307 -0.033243
v 0.600845 11.804618 -0.033215
v 0.603831 11.784119 -0.033298
v 0.610712 11.764577 -0.033491
v 0.621232 11.746725 -0.033786
v 0.634998 11.731232 -0.034171
v 0.651493 11.718676 -0.034633
v 0.670100 11.709527 -0.035154
v 0.651335 11.700278 -0.034629
v 0.634728 11.687563 -0.034164
v 0.620912 11.671867 -0.033777
v 0.610413 11.653789 -0.033483
v 0.603631 11.634017 -0.033293
v 0.600826 11.613305 -0.033214
v 0.602103 11.592444 -0.033250
v 0.607415 11.572229 -0.033399
v 0.616559 11.553431 -0.033655
v 0.629187 11.536765 -0.034008
v 0.644816 11.522868 -0.034446
v 0.662850 11.512270 -0.034951
v 0.651005 11.500926 -0.034619
v 0.641949 11.487258 -0.034366
v 0.636126 11.471933 -0.034203
v 0.633821 11.455706 -0.034138
v 0.635148 11.439368 -0.034175
v 0.640041 11.423723 -0.034312
v 0.648260 11.409536 -0.034543
v 0.659402 11.397504 -0.034855
v 0.642376 11.386694 -0.034378
v 0.627689 11.372878 -0.033966
v 0.615866 11.356549 -0.033635
v 0.607330 11.338290 -0.033396
v 0.602384 11.318754 -0.033258
v 0.601206 11.298637 -0.033225
v 0.603838 11.278658 -0.033299
v 0.610185 11.259529 -0.033476
v 0.620021 11.241935 -0.033752
v 0.632995 11.226503 -0.034115
v 0.648644 11.213784 -0.034553
v 0.666409 11.204232 -0.035051
v 0.685655 11.198189 -0.035590
v 0.705696 11.195868 -0.036151
v 0.705696 11.106473 -0.036151
v 0.685188 11.104053 -0.035577
v 0.665531 11.097733 -0.035026
v 0.647460 11.087751 -0.034520
v 0.631651 11.074481 -0.034077
v 0.618697 11.058418 -0.033715
v 0.609080 11.040165 -0.033445
v 0.603163 11.020404 -0.033280
v 0.601166 10.999875 -0.033224
v 0.603163 10.979345 -0.033280
v 0.609080 10.959584 -0.033445
v 0.618697 10.941332 -0.033715
v 0.631651 10.925269 -0.034077
v 0.647460 10.911999 -0.034520
v 0.665531 10.902018 -0.035026
v 0.685188 10.895698 -0.035577
v 0.705696 10.893277 -0.036151
v 0.705696 10.808125 -0.036151
v 0.685186 10.805704 -0.035577
v 0.665527 10.799384 -0.035026
v 0.647454 10.789401 -0.034520
v 0.631644 10.776130 -0.034077
v 0.618688 10.760066 -0.033714
v 0.609071 10.741811 -0.033445
v 0.603152 10.722048 -0.033279
v 0.601155 10.701516 -0.033223
v 0.603152 10.680984 -0.033279
v 0.609071 10.661222 -0.033445
v 0.618688 10.642967 -0.033714
v 0.631644 10.626903 -0.034077
v 0.647454 10.613631 -0.034520
v 0.665527 10.603649 -0.035026
v 0.685186 10.597328 -0.035577
v 0.705696 10.594908 -0.036151
v 0.705696 10.518918 -0.036151
v 0.685064 10.516485 -0.035573
v 0.665287 10.510129 -0.035019
v 0.647105 10.500089 -0.034510
v 0.631200 10.486739 -0.034065
v 0.618165 10.470580 -0.033700
v 0.608490 10.452216 -0.033429
v 0.602536 10.432336 -0.033262
v 0.600527 10.411682 -0.033206
v 0.602536 10.391028 -0.033262
v 0.608490 10.371148 -0.033429
v 0.618165 10.352784 -0.033700
v 0.631200 10.336625 -0.034065
v 0.647105 10.323276 -0.034510
v 0.665287 10.313235 -0.035019
v 0.685064 10.306879 -0.035573
v 0.705696 10.304446 -0.036151
v 0.705696 10.207136 -0.036151
v 0.685188 10.204715 -0.035577
v 0.665531 10.198396 -0.035026
v 0.647460 10.188414 -0.034520
v 0.631651 10.175143 -0.034077
v 0.618695 10.159081 -0.033715
v 0.609079 10.140827 -0.033445
v 0.603162 10.121066 -0.033280
v 0.601164 10.100536 -0.033224
v 0.603162 10.080008 -0.033280
v 0.609079 10.060246 -0.033445
v 0.618695 10.041992 -0.033715
v 0.631651 10.025930 -0.034077
v 0.647460 10.012660 -0.034520
v 0.665531 10.002678 -0.035026
v 0.685188 9.996358 -0.035577
v 0.705696 9.993937 -0.036151
v 0.705696 9.908798 -0.036151
v 0.685184 9.906377 -0.035577
v 0.665523 9.900056 -0.035026
v 0.647448 9.890073 -0.034520
v 0.631636 9.876800 -0.034077
v 0.618678 9.860734 -0.033714
v 0.609060 9.842477 -0.033445
v 0.603141 9.822712 -0.033279
v 0.601143 9.802178 -0.033223
v 0.603141 9.781645 -0.033279
v 0.609060 9.761879 -0.033445
v 0.618678 9.743622 -0.033714
v 0.631636 9.727556 -0.034077
v 0.647448 9.714284 -0.034520
v 0.665523 9.704300 -0.035026
v 0.685184 9.697979 -0.035577
v 0.705696 9.695558 -0.036151
v 0.705696 7.750000 -0.036151
v -0.694304 51.750000 0.003055
v 1.600000 7.750000 0.855312
v 1.600000 7.750000 0.120312
v 1.500000 7.650000 0.220312
v 1.500000 7.650000 0.755312
v 0.865175 7.750000 0.120312
v 0.965175 7.650000 0.220312
v 0.865175 7.750000 0.855312
v 0.965175 7.650000 0.755312
v 1.500000 7.500000 0.755312
v 0.965175 7.500000 0.755312
v 1.500000 7.500000 0.220312
v -0.790000 7.750000 -0.500000
v -0.792037 7.750000 -0.459177
v -0.798129 7.750000 -0.418760
v -0.808215 7.750000 -0.379150
v -0.822195 7.750000 -0.340742
v -0.839929 7.750000 -0.303916
v -0.861242 7.750000 -0.269039
v -0.885922 7.750000 -0.236457
v -0.913723 7.750000 -0.206495
v -0.944369 7.750000 -0.179449
v -0.977556 7.750000 -0.155589
v -1.012954 7.750000 -0.135153
v -1.050210 7.750000 -0.118342
v -1.088955 7.750000 -0.105324
v -1.128804 7.750000 -0.096229
v -1.169361 7.750000 -0.091146
v -1.210222 7.750000 -0.090127
v -1.250981 7.750000 -0.093182
v -1.291234 7.750000 -0.100280
v -1.330580 7.750000 -0.111350
v -1.368628 7.750000 -0.126283
v -1.405000 7.750000 -0.144930
v -1.439335 7.750000 -0.167105
v -1.471291 7.750000 -0.192590
v -1.500551 7.750000 -0.221129
v -1.526824 7.750000 -0.252440
v -1.549849 7.750000 -0.286212
v -1.569397 7.750000 -0.322108
v -1.585274 7.750000 -0.359772
v -1.597322 7.750000 -0.398829
v -1.605421 7.750000 -0.438893
v -1.609490 7.750000 -0.479563
v -1.609490 7.750000 -0.520437
v -1.605421 7.750000 -0.561107
v -1.597322 7.750000 -0.601171
v -1.585274 7.750000 -0.640228
v -1.569397 7.750000 -0.677892
v -1.549849 7.750000 -0.713788
v -1.526824 7.750000 -0.747560
v -1.500551 7.750000 -0.778871
v -1.471291 7.750000 -0.807410
v -1.439335 7.750000 -0.832895
v -1.405000 7.750000 -0.855070
v -1.368628 7.750000 -0.873717
v -1.330580 7.750000 -0.888650
v -1.291234 7.750000 -0.899720
v -1.250981 7.750000 -0.906818
v -1.210222 7.750000 -0.909873
v -1.169361 7.750000 -0.908854
v -1.128804 7.750000 -0.903771
v -1.088955 7.750000 -0.894676
v -1.050210 7.750000 -0.881658
v -1.012954 7.750000 -0.864847
v -0.977556 7.750000 -0.844411
v -0.944369 7.750000 -0.820551
v -0.913723 7.750000 -0.793505
v -0.885922 7.750000 -0.763543
v -0.861242 7.750000 -0.730961
v -0.839929 7.750000 -0.696084
v -0.822195 7.750000 -0.659258
v -0.808215 7.750000 -0.620850
v -0.798129 7.750000 -0.581240
v -0.792037 7.750000 -0.540823
v -0.383648 7.750000 1.348128
v -0.389818 7.750000 1.317520
v -0.394474 7.750000 1.286916
v -0.397688 7.750000 1.256305
v -0.399515 7.750000 1.225685
v -0.399987 7.750000 1.195056
v -0.399103 7.750000 1.164428
v -0.396854 7.750000 1.133806
v -0.393204 7.750000 1.103191
v -0.521544 7.750000 1.100297
v -0.584198 7.750000 1.098549
v -0.645674 7.750000 1.096604
v -0.705845 7.750000 1.094466
v -0.764592 7.750000 1.092141
v -0.821795 7.750000 1.089632
v -0.877338 7.750000 1.086945
v -0.931110 7.750000 1.084085
v -0.983002 7.750000 1.081058
v -1.032910 7.750000 1.077870
v -1.080731 7.750000 1.074527
v -1.126371 7.750000 1.071037
v -1.169736 7.750000 1.067405
v -1.210739 7.750000 1.063640
v -1.249298 7.750000 1.059750
v -1.285334 7.750000 1.055741
v -1.318774 7.750000 1.051622
v -1.349552 7.750000 1.047402
v -1.377604 7.750000 1.043089
v -1.402875 7.750000 1.038691
v -1.425313 7.750000 1.034218
v -1.444873 7.750000 1.029679
v -1.461515 7.750000 1.025082
v -1.475206 7.750000 1.020437
v -1.485918 7.750000 1.015754
v -1.493630 7.750000 1.011042
v -1.496356 7.750000 1.008677
v -1.498326 7.750000 1.006310
v -1.499539 7.750000 1.003939
v -1.499862 7.750000 1.002753
v -1.499996 7.750000 1.001567
v -1.499940 7.750000 1.000381
v -1.499695 7.750000 0.999196
v -1.499261 7.750000 0.998010
v -1.498637 7.750000 0.996825
v -1.496823 7.750000 0.994456
v -1.494252 7.750000 0.992091
v -1.486850 7.750000 0.987376
v -1.476446 7.750000 0.982689
v -1.463060 7.750000 0.978040
v -1.446720 7.750000 0.973438
v -1.427458 7.750000 0.968892
v -1.405314 7.750000 0.964412
v -1.380333 7.750000 0.960006
v -1.352564 7.750000 0.955684
v -1.322064 7.750000 0.951454
v -1.288894 7.750000 0.947325
v -1.253122 7.750000 0.943304
v -1.214820 7.750000 0.939401
v -1.174064 7.750000 0.935623
v -1.130938 7.750000 0.931977
v -1.085528 7.750000 0.928472
v -1.037927 7.750000 0.925114
v -0.988230 7.750000 0.921909
v -0.936537 7.750000 0.918865
v -0.882953 7.750000 0.915988
v -0.827587 7.750000 0.913283
v -0.770549 7.750000 0.910755
v -0.711956 7.750000 0.908411
v -0.651926 7.750000 0.906254
v -0.590579 7.750000 0.904289
v -0.528040 7.750000 0.902520
v -0.399892 7.750000 0.899585
v -0.268517 7.750000 0.897470
v -0.134975 7.750000 0.896194
v -0.000346 7.750000 0.895767
v 0.134286 7.750000 0.896192
v 0.267831 7.750000 0.897466
v 0.399212 7.750000 0.899579
v 0.527369 7.750000 0.902513
v 0.589913 7.750000 0.904281
v 0.651266 7.750000 0.906245
v 0.711303 7.750000 0.908400
v 0.769903 7.750000 0.910744
v 0.826947 7.750000 0.913271
v 0.882322 7.750000 0.915975
v 0.935914 7.750000 0.918852
v 0.987616 7.750000 0.921895
v 1.037323 7.750000 0.925098
v 1.084934 7.750000 0.928456
v 1.130354 7.750000 0.931961
v 1.173491 7.750000 0.935606
v 1.214258 7.750000 0.939383
v 1.252572 7.750000 0.943286
v 1.288356 7.750000 0.947306
v 1.321537 7.750000 0.951435
v 1.352050 7.750000 0.955664
v 1.379832 7.750000 0.959986
v 1.404826 7.750000 0.964392
v 1.426983 7.750000 0.968872
v 1.446258 7.750000 0.973417
v 1.462612 7.750000 0.978019
v 1.476012 7.750000 0.982668
v 1.486430 7.750000 0.987355
v 1.493846 7.750000 0.992069
v 1.496423 7.750000 0.994434
v 1.498245 7.750000 0.996803
v 1.498872 7.750000 0.997988
v 1.499310 7.750000 0.999174
v 1.499558 7.750000 1.000359
v 1.499618 7.750000 1.001545
v 1.499487 7.750000 1.002731
v 1.499168 7.750000 1.003917
v 1.497961 7.750000 1.006288
v 1.495998 7.750000 1.008656
v 1.493280 7.750000 1.011020
v 1.485582 7.750000 1.015732
v 1.474883 7.750000 1.020416
v 1.461206 7.750000 1.025061
v 1.444577 7.750000 1.029658
v 1.425031 7.750000 1.034197
v 1.402606 7.750000 1.038671
v 1.377348 7.750000 1.043069
v 1.349308 7.750000 1.047382
v 1.318543 7.750000 1.051603
v 1.285115 7.750000 1.055722
v 1.249091 7.750000 1.059731
v 1.210544 7.750000 1.063623
v 1.169552 7.750000 1.067388
v 1.126198 7.750000 1.071020
v 1.080568 7.750000 1.074511
v 1.032757 7.750000 1.077855
v 0.982859 7.750000 1.081044
v 0.930976 7.750000 1.084072
v 0.877212 7.750000 1.086932
v 0.821676 7.750000 1.089620
v 0.764481 7.750000 1.092130
v 0.705741 7.750000 1.094456
v 0.645576 7.750000 1.096594
v 0.584106 7.750000 1.098540
v 0.521457 7.750000 1.100289
v 0.393126 7.750000 1.103185
v 0.396800 7.750000 1.133792
v 0.399073 7.750000 1.164408
v 0.399983 7.750000 1.195033
v 0.399536 7.750000 1.225661
v 0.397735 7.750000 1.256283
v 0.394546 7.750000 1.286898
v 0.389913 7.750000 1.317509
v 0.383765 7.750000 1.348128
v 1.477346 7.750000 1.348128
v 1.536851 7.750000 1.279879
v 1.593206 7.750000 1.209006
v 1.646295 7.750000 1.135655
v 1.696010 7.750000 1.059977
v 1.742248 7.750000 0.982126
v 1.784916 7.750000 0.902261
v 1.823925 7.750000 0.820548
v 1.859195 7.750000 0.737152
v 1.890655 7.750000 0.652246
v 1.918239 7.750000 0.566002
v 1.941892 7.750000 0.478599
v 1.961564 7.750000 0.390215
v 1.977215 7.750000 0.301030
v 1.988814 7.750000 0.211229
v 1.996337 7.750000 0.120995
v 1.999767 7.750000 0.030512
v 1.999099 7.750000 -0.060032
v 1.994333 7.750000 -0.150454
v 1.985479 7.750000 -0.240568
v 1.972556 7.750000 -0.330188
v 1.955589 7.750000 -0.419131
v 1.934614 7.750000 -0.507216
v 1.909674 7.750000 -0.594261
v 1.880819 7.750000 -0.680087
v 1.848110 7.750000 -0.764520
v 1.811612 7.750000 -0.847386
v 1.771401 7.750000 -0.928514
v 1.727559 7.750000 -1.007740
v 1.680176 7.750000 -1.084900
v 1.629349 7.750000 -1.159836
v 1.575183 7.750000 -1.232395
v 1.517788 7.750000 -1.302428
v 1.457282 7.750000 -1.369792
v 0.300255 7.750000 -1.369792
v 0.306784 7.750000 -1.340576
v 0.311737 7.750000 -1.311031
v 0.315160 7.750000 -1.281242
v 0.317086 7.750000 -1.251330
v 0.317541 7.750000 -1.221393
v 0.316531 7.750000 -1.191466
v 0.314040 7.750000 -1.161623
v 0.310047 7.750000 -1.131950
v 0.443057 7.750000 -1.129518
v 0.508235 7.750000 -1.127983
v 0.572345 7.750000 -1.126239
v 0.635253 7.750000 -1.124291
v 0.696826 7.750000 -1.122141
v 0.756936 7.750000 -1.119796
v 0.815456 7.750000 -1.117259
v 0.872263 7.750000 -1.114536
v 0.927237 7.750000 -1.111633
v 0.980264 7.750000 -1.108555
v 1.031232 7.750000 -1.105310
v 1.080034 7.750000 -1.101904
v 1.126568 7.750000 -1.098344
v 1.170735 7.750000 -1.094637
v 1.212443 7.750000 -1.090793
v 1.251605 7.750000 -1.086817
v 1.288137 7.750000 -1.082720
v 1.321965 7.750000 -1.078509
v 1.353015 7.750000 -1.074194
v 1.381224 7.750000 -1.069783
v 1.406532 7.750000 -1.065285
v 1.428885 7.750000 -1.060711
v 1.448238 7.750000 -1.056069
v 1.464549 7.750000 -1.051371
v 1.477783 7.750000 -1.046624
v 1.487914 7.750000 -1.041839
v 1.494920 7.750000 -1.037027
v 1.497246 7.750000 -1.034614
v 1.498786 7.750000 -1.032198
v 1.499261 7.750000 -1.030989
v 1.499539 7.750000 -1.029779
v 1.499620 7.750000 -1.028570
v 1.499504 7.750000 -1.027361
v 1.499192 7.750000 -1.026151
v 1.498682 7.750000 -1.024943
v 1.497073 7.750000 -1.022527
v 1.494678 7.750000 -1.020114
v 1.491497 7.750000 -1.017705
v 1.482789 7.750000 -1.012907
v 1.470966 7.750000 -1.008142
v 1.456054 7.750000 -1.003420
v 1.438084 7.750000 -0.998751
v 1.417093 7.750000 -0.994145
v 1.393126 7.750000 -0.989611
v 1.366233 7.750000 -0.985159
v 1.336470 7.750000 -0.980799
v 1.303901 7.750000 -0.976539
v 1.268592 7.750000 -0.972389
v 1.230620 7.750000 -0.968357
v 1.190062 7.750000 -0.964452
v 1.147005 7.750000 -0.960682
v 1.101538 7.750000 -0.957054
v 1.053758 7.750000 -0.953577
v 1.003765 7.750000 -0.950257
v 0.951663 7.750000 -0.947103
v 0.897562 7.750000 -0.944119
v 0.841576 7.750000 -0.941313
v 0.783823 7.750000 -0.938691
v 0.724422 7.750000 -0.936257
v 0.663500 7.750000 -0.934018
v 0.601185 7.750000 -0.931977
v 0.537606 7.750000 -0.930140
v 0.407197 7.750000 -0.927089
v 0.273367 7.750000 -0.924891
v 0.137240 7.750000 -0.923564
v -0.000040 7.750000 -0.923120
v -0.137322 7.750000 -0.923562
v -0.273452 7.750000 -0.924887
v -0.407289 7.750000 -0.927083
v -0.537707 7.750000 -0.930132
v -0.601291 7.750000 -0.931969
v -0.663612 7.750000 -0.934009
v -0.724540 7.750000 -0.936247
v -0.783947 7.750000 -0.938680
v -0.841709 7.750000 -0.941301
v -0.897703 7.750000 -0.944107
v -0.951812 7.750000 -0.947089
v -1.003922 7.750000 -0.950243
v -1.053925 7.750000 -0.953562
v -1.101715 7.750000 -0.957039
v -1.147192 7.750000 -0.960666
v -1.190259 7.750000 -0.964435
v -1.230828 7.750000 -0.968340
v -1.268812 7.750000 -0.972372
v -1.304132 7.750000 -0.976521
v -1.336714 7.750000 -0.980780
v -1.366489 7.750000 -0.985140
v -1.393395 7.750000 -0.989591
v -1.417375 7.750000 -0.994125
v -1.438379 7.750000 -0.998731
v -1.456362 7.750000 -1.003399
v -1.471287 7.750000 -1.008121
v -1.483124 7.750000 -1.012886
v -1.491845 7.750000 -1.017684
v -1.495033 7.750000 -1.020093
v -1.497435 7.750000 -1.022506
v -1.499051 7.750000 -1.024922
v -1.499564 7.750000 -1.026130
v -1.499880 7.750000 -1.027340
v -1.499999 7.750000 -1.028549
v -1.499921 7.750000 -1.029758
v -1.499647 7.750000 -1.030968
v -1.499175 7.750000 -1.032177
v -1.497642 7.750000 -1.034593
v -1.495323 7.750000 -1.037006
v -1.488331 7.750000 -1.041818
v -1.478213 7.750000 -1.046603
v -1.464992 7.750000 -1.051350
v -1.448695 7.750000 -1.056049
v -1.429355 7.750000 -1.060691
v -1.407014 7.750000 -1.065266
v -1.381719 7.750000 -1.069763
v -1.353523 7.750000 -1.074175
v -1.322485 7.750000 -1.078491
v -1.288669 7.750000 -1.082702
v -1.252148 7.750000 -1.086800
v -1.212998 7.750000 -1.090776
v -1.171300 7.750000 -1.094621
v -1.127144 7.750000 -1.098328
v -1.080620 7.750000 -1.101889
v -1.031828 7.750000 -1.105295
v -0.980869 7.750000 -1.108541
v -0.927851 7.750000 -1.111620
v -0.872885 7.750000 -1.114524
v -0.816085 7.750000 -1.117247
v -0.757573 7.750000 -1.119785
v -0.697470 7.750000 -1.122132
v -0.635902 7.750000 -1.124282
v -0.573000 7.750000 -1.126231
v -0.508895 7.750000 -1.127976
v -0.443721 7.750000 -1.129512
v -0.310718 7.750000 -1.131946
v -0.314738 7.750000 -1.161615
v -0.317256 7.750000 -1.191455
v -0.318294 7.750000 -1.221380
v -0.317866 7.750000 -1.251317
v -0.315969 7.750000 -1.281231
v -0.312572 7.750000 -1.311022
v -0.307645 7.750000 -1.340571
v -0.301140 7.750000 -1.369792
v -1.457282 7.750000 -1.369792
v -1.517788 7.750000 -1.302428
v -1.575183 7.750000 -1.232395
v -1.629349 7.750000 -1.159836
v -1.680176 7.750000 -1.084900
v -1.727559 7.750000 -1.007740
v -1.771401 7.750000 -0.928514
v -1.811612 7.750000 -0.847386
v -1.848110 7.750000 -0.764520
v -1.880819 7.750000 -0.680087
v -1.909674 7.750000 -0.594261
v -1.934614 7.750000 -0.507216
v -1.955589 7.750000 -0.419131
v -1.972556 7.750000 -0.330188
v -1.985479 7.750000 -0.240568
v -1.994333 7.750000 -0.150454
v -1.999099 7.750000 -0.060032
v -1.999767 7.750000 0.030512
v -1.996337 7.750000 0.120995
v -1.988814 7.750000 0.211229
v -1.977215 7.750000 0.301030
v -1.961564 7.750000 0.390215
v -1.941892 7.750000 0.478599
v -1.918239 7.750000 0.566002
v -1.890655 7.750000 0.652246
v -1.859195 7.750000 0.737152
v -1.823925 7.750000 0.820548
v -1.784916 7.750000 0.902261
v -1.742248 7.750000 0.982126
v -1.696010 7.750000 1.059977
v -1.646295 7.750000 1.135655
v -1.593206 7.750000 1.209006
v -1.536851 7.750000 1.279879
v -1.477346 7.750000 1.348128
v -0.890000 7.650000 -0.500000
v -0.892021 7.650000 -0.464663
v -0.898056 7.650000 -0.429786
v -0.908028 7.650000 -0.395825
v -0.921807 7.650000 -0.363221
v -0.939211 7.650000 -0.332401
v -0.960016 7.650000 -0.303766
v -0.983949 7.650000 -0.277689
v -1.010699 7.650000 -0.254510
v -1.039917 7.650000 -0.234532
v -1.071221 7.650000 -0.218014
v -1.104205 7.650000 -0.205172
v -1.138437 7.650000 -0.196174
v -1.173472 7.650000 -0.191137
v -1.208852 7.650000 -0.190126
v -1.244118 7.650000 -0.193155
v -1.278808 7.650000 -0.200184
v -1.312470 7.650000 -0.211122
v -1.344667 7.650000 -0.225826
v -1.374977 7.650000 -0.244104
v -1.403007 7.650000 -0.265718
v -1.428390 7.650000 -0.290386
v -1.450795 7.650000 -0.317787
v -1.469931 7.650000 -0.347563
v -1.485548 7.650000 -0.379326
v -1.497443 7.650000 -0.412663
v -1.505460 7.650000 -0.447138
v -1.509494 7.650000 -0.482302
v -1.509494 7.650000 -0.517698
v -1.505460 7.650000 -0.552862
v -1.497443 7.650000 -0.587337
v -1.485548 7.650000 -0.620674
v -1.469931 7.650000 -0.652437
v -1.450795 7.650000 -0.682213
v -1.428390 7.650000 -0.709614
v -1.403007 7.650000 -0.734282
v -1.374977 7.650000 -0.755896
v -1.344667 7.650000 -0.774174
v -1.312470 7.650000 -0.788878
v -1.278808 7.650000 -0.799816
v -1.244118 7.650000 -0.806845
v -1.208852 7.650000 -0.809874
v -1.173472 7.650000 -0.808863
v -1.138437 7.650000 -0.803826
v -1.104205 7.650000 -0.794828
v -1.071221 7.650000 -0.781986
v -1.039917 7.650000 -0.765468
v -1.010699 7.650000 -0.745490
v -0.983949 7.650000 -0.722311
v -0.960016 7.650000 -0.696234
v -0.939211 7.650000 -0.667599
v -0.921807 7.650000 -0.636779
v -0.908028 7.650000 -0.604175
v -0.898056 7.650000 -0.570214
v -0.892021 7.650000 -0.535337
v -0.890000 7.500000 -0.500000
v -0.892021 7.500000 -0.464663
v -0.898056 7.500000 -0.429786
v -0.908028 7.500000 -0.395825
v -0.921807 7.500000 -0.363221
v -0.939211 7.500000 -0.332401
v -0.960016 7.500000 -0.303766
v -0.983949 7.500000 -0.277689
v -1.010699 7.500000 -0.254510
v -1.039917 7.500000 -0.234532
v -1.071221 7.500000 -0.218014
v -1.104205 7.500000 -0.205172
v -1.138437 7.500000 -0.196174
v -1.173472 7.500000 -0.191137
v -1.208852 7.500000 -0.190126
v -1.244118 7.500000 -0.193155
v -1.278808 7.500000 -0.200184
v -1.312470 7.500000 -0.211122
v -1.344667 7.500000 -0.225826
v -1.374977 7.500000 -0.244104
v -1.403007 7.500000 -0.265718
v -1.428390 7.500000 -0.290386
v -1.450795 7.500000 -0.317787
v -1.469931 7.500000 -0.347563
v -1.485548 7.500000 -0.379326
v -1.497443 7.500000 -0.412663
v -1.505460 7.500000 -0.447138
v -1.509494 7.500000 -0.482302
v -1.509494 7.500000 -0.517698
v -1.505460 7.500000 -0.552862
v -1.497443 7.500000 -0.587337
v -1.485548 7.500000 -0.620674
v -1.469931 7.500000 -0.652437
v -1.450795 7.500000 -0.682213
v -1.428390 7.500000 -0.709614
v -1.403007 7.500000 -0.734282
v -1.374977 7.500000 -0.755896
v -1.344667 7.500000 -0.774174
v -1.312470 7.500000 -0.788878
v -1.278808 7.500000 -0.799816
v -1.244118 7.500000 -0.806845
v -1.208852 7.500000 -0.809874
v -1.173472 7.500000 -0.808863
v -1.138437 7.500000 -0.803826
v -1.104205 7.500000 -0.794828
v -1.071221 7.500000 -0.781986
v -1.039917 7.500000 -0.765468
v -1.010699 7.500000 -0.745490
v -0.983949 7.500000 -0.722311
v -0.960016 7.500000 -0.696234
v -0.939211 7.500000 -0.667599
v -0.921807 7.500000 -0.636779
v -0.908028 7.500000 -0.604175
v -0.898056 7.500000 -0.570214
v -0.892021 7.500000 -0.535337
v -0.385406 7.500000 -1.369792
v -0.341537 7.517727 -1.369792
v -0.297618 7.535402 -1.369792
v -0.253405 7.553102 -1.369792
v -0.209102 7.570711 -1.369792
v -0.216854 7.570711 -1.341229
v -0.222715 7.570711 -1.312075
v -0.226776 7.570711 -1.282457
v -0.229076 7.570711 -1.252528
v -0.229644 7.570711 -1.222454
v -0.228480 7.570711 -1.192408
v -0.225579 7.570711 -1.162565
v -0.220908 7.570711 -1.133084
v -0.263940 7.553140 -1.132588
v -0.307081 7.535480 -1.131999
v -0.393505 7.500000 -1.130539
v -0.397109 7.500000 -1.160434
v -0.399377 7.500000 -1.190339
v -0.400342 7.500000 -1.220253
v -0.400014 7.500000 -1.250170
v -0.398394 7.500000 -1.280082
v -0.395454 7.500000 -1.309986
v -0.391146 7.500000 -1.339887
v -0.311446 7.535356 -1.161863
v -0.310676 7.535356 -1.300057
v -0.307264 7.535356 -1.323970
v -0.302830 7.535356 -1.347775
v -0.313092 7.535356 -1.276060
v -0.315022 7.535356 -1.229445
v -0.314671 7.535356 -1.206886
v -0.313481 7.535356 -1.184350
v -0.308546 7.535356 -1.139445
v 0.965175 7.500000 0.220312
v -0.521836 7.500000 -1.127643
v -0.584486 7.500000 -1.125893
v -0.645955 7.500000 -1.123948
v -0.706120 7.500000 -1.121809
v -0.764860 7.500000 -1.119483
v -0.822056 7.500000 -1.116974
v -0.877591 7.500000 -1.114286
v -0.931355 7.500000 -1.111425
v -0.983238 7.500000 -1.108397
v -1.033136 7.500000 -1.105208
v -1.080948 7.500000 -1.101865
v -1.126577 7.500000 -1.098373
v -1.169931 7.500000 -1.094741
v -1.210923 7.500000 -1.090976
v -1.249470 7.500000 -1.087085
v -1.285494 7.500000 -1.083075
v -1.318923 7.500000 -1.078956
v -1.349688 7.500000 -1.074736
v -1.377727 7.500000 -1.070422
v -1.402985 7.500000 -1.066024
v -1.425410 7.500000 -1.061551
v -1.444956 7.500000 -1.057011
v -1.461585 7.500000 -1.052414
v -1.475262 7.500000 -1.047769
v -1.485961 7.500000 -1.043086
v -1.493659 7.500000 -1.038373
v -1.496377 7.500000 -1.036009
v -1.498340 7.500000 -1.033641
v -1.499547 7.500000 -1.031270
v -1.499867 7.500000 -1.030085
v -1.499997 7.500000 -1.028899
v -1.499938 7.500000 -1.027713
v -1.499689 7.500000 -1.026527
v -1.499251 7.500000 -1.025341
v -1.498624 7.500000 -1.024156
v -1.496802 7.500000 -1.021788
v -1.494225 7.500000 -1.019423
v -1.486809 7.500000 -1.014708
v -1.476391 7.500000 -1.010021
v -1.462991 7.500000 -1.005372
v -1.446637 7.500000 -1.000770
v -1.427362 7.500000 -0.996225
v -1.405205 7.500000 -0.991745
v -1.380211 7.500000 -0.987339
v -1.352429 7.500000 -0.983018
v -1.321917 7.500000 -0.978788
v -1.288735 7.500000 -0.974659
v -1.252951 7.500000 -0.970639
v -1.214637 7.500000 -0.966736
v -1.173870 7.500000 -0.962959
v -1.130733 7.500000 -0.959314
v -1.085313 7.500000 -0.955809
v -1.037702 7.500000 -0.952452
v -0.987995 7.500000 -0.949248
v -0.936293 7.500000 -0.946205
v -0.882701 7.500000 -0.943328
v -0.827327 7.500000 -0.940624
v -0.770282 7.500000 -0.938097
v -0.711682 7.500000 -0.935754
v -0.651645 7.500000 -0.933598
v -0.590292 7.500000 -0.931634
v -0.527748 7.500000 -0.929866
v -0.399591 7.500000 -0.926932
v -0.268210 7.500000 -0.924819
v -0.134665 7.500000 -0.923545
v -0.000034 7.500000 -0.923120
v 0.134596 7.500000 -0.923547
v 0.268138 7.500000 -0.924823
v 0.399513 7.500000 -0.926938
v 0.527660 7.500000 -0.929874
v 0.590200 7.500000 -0.931643
v 0.651546 7.500000 -0.933607
v 0.711577 7.500000 -0.935764
v 0.770170 7.500000 -0.938109
v 0.827208 7.500000 -0.940636
v 0.882574 7.500000 -0.943341
v 0.936158 7.500000 -0.946218
v 0.987850 7.500000 -0.949262
v 1.037548 7.500000 -0.952467
v 1.085149 7.500000 -0.955825
v 1.130559 7.500000 -0.959331
v 1.173685 7.500000 -0.962976
v 1.214441 7.500000 -0.966754
v 1.252743 7.500000 -0.970657
v 1.288515 7.500000 -0.974678
v 1.321685 7.500000 -0.978807
v 1.352185 7.500000 -0.983037
v 1.379954 7.500000 -0.987360
v 1.404935 7.500000 -0.991765
v 1.427079 7.500000 -0.996246
v 1.446341 7.500000 -1.000791
v 1.462681 7.500000 -1.005394
v 1.476067 7.500000 -1.010043
v 1.486471 7.500000 -1.014729
v 1.493873 7.500000 -1.019444
v 1.496444 7.500000 -1.021809
v 1.498258 7.500000 -1.024178
v 1.498882 7.500000 -1.025363
v 1.499316 7.500000 -1.026549
v 1.499561 7.500000 -1.027735
v 1.499617 7.500000 -1.028921
v 1.499483 7.500000 -1.030107
v 1.499160 7.500000 -1.031292
v 1.497947 7.500000 -1.033663
v 1.495976 7.500000 -1.036031
v 1.493251 7.500000 -1.038395
v 1.485539 7.500000 -1.043107
v 1.474827 7.500000 -1.047791
v 1.461136 7.500000 -1.052435
v 1.444493 7.500000 -1.057032
v 1.424934 7.500000 -1.061572
v 1.402496 7.500000 -1.066045
v 1.377225 7.500000 -1.070442
v 1.349172 7.500000 -1.074755
v 1.318395 7.500000 -1.078976
v 1.284954 7.500000 -1.083094
v 1.248919 7.500000 -1.087103
v 1.210360 7.500000 -1.090994
v 1.169357 7.500000 -1.094758
v 1.125992 7.500000 -1.098390
v 1.080352 7.500000 -1.101880
v 1.032531 7.500000 -1.105223
v 0.982623 7.500000 -1.108411
v 0.930731 7.500000 -1.111439
v 0.876959 7.500000 -1.114299
v 0.821415 7.500000 -1.116986
v 0.764213 7.500000 -1.119494
v 0.705466 7.500000 -1.121820
v 0.645294 7.500000 -1.123957
v 0.583819 7.500000 -1.125902
v 0.521165 7.500000 -1.127650
v 0.392825 7.500000 -1.130544
v 0.396406 7.500000 -1.160448
v 0.398649 7.500000 -1.190358
v 0.399590 7.500000 -1.220275
v 0.399236 7.500000 -1.250192
v 0.397592 7.500000 -1.280103
v 0.394627 7.500000 -1.310003
v 0.390296 7.500000 -1.339897
v 0.384535 7.500000 -1.369792
v 1.457282 7.500000 -1.369792
v 1.517788 7.500000 -1.302428
v 1.575183 7.500000 -1.232395
v 1.629349 7.500000 -1.159836
v 1.680176 7.500000 -1.084900
v 1.727559 7.500000 -1.007740
v 1.771401 7.500000 -0.928514
v 1.811612 7.500000 -0.847386
v 1.848110 7.500000 -0.764520
v 1.880819 7.500000 -0.680087
v 1.909674 7.500000 -0.594261
v 1.934614 7.500000 -0.507216
v 1.955589 7.500000 -0.419131
v 1.972556 7.500000 -0.330188
v 1.985479 7.500000 -0.240568
v 1.994333 7.500000 -0.150454
v 1.999099 7.500000 -0.060032
v 1.999767 7.500000 0.030512
v 1.996337 7.500000 0.120995
v 1.988814 7.500000 0.211229
v 1.977215 7.500000 0.301030
v 1.961564 7.500000 0.390215
v 1.941892 7.500000 0.478599
v 1.918239 7.500000 0.566002
v 1.890655 7.500000 0.652246
v 1.859195 7.500000 0.737152
v 1.823925 7.500000 0.820548
v 1.784916 7.500000 0.902261
v 1.742248 7.500000 0.982126
v 1.696010 7.500000 1.059977
v 1.646295 7.500000 1.135655
v 1.593206 7.500000 1.209006
v 1.536851 7.500000 1.279879
v 1.477346 7.500000 1.348128
v 0.299293 7.500000 1.348128
v 0.306265 7.500000 1.318253
v 0.311567 7.500000 1.288024
v 0.315256 7.500000 1.257526
v 0.317367 7.500000 1.226889
v 0.317933 7.500000 1.196223
v 0.316961 7.500000 1.165563
v 0.314438 7.500000 1.134990
v 0.310339 7.500000 1.104592
v 0.443342 7.500000 1.102159
v 0.508515 7.500000 1.100623
v 0.572621 7.500000 1.098878
v 0.635523 7.500000 1.096929
v 0.697091 7.500000 1.094778
v 0.757194 7.500000 1.092432
v 0.815706 7.500000 1.089894
v 0.872505 7.500000 1.087170
v 0.927472 7.500000 1.084266
v 0.980490 7.500000 1.081188
v 1.031449 7.500000 1.077942
v 1.080241 7.500000 1.074535
v 1.126765 7.500000 1.070975
v 1.170921 7.500000 1.067268
v 1.212619 7.500000 1.063422
v 1.251769 7.500000 1.059447
v 1.288290 7.500000 1.055349
v 1.322105 7.500000 1.051138
v 1.353144 7.500000 1.046822
v 1.381340 7.500000 1.042410
v 1.406635 7.500000 1.037912
v 1.428976 7.500000 1.033338
v 1.448315 7.500000 1.028696
v 1.464613 7.500000 1.023997
v 1.477834 7.500000 1.019250
v 1.487952 7.500000 1.014465
v 1.494944 7.500000 1.009653
v 1.497263 7.500000 1.007240
v 1.498796 7.500000 1.004823
v 1.499268 7.500000 1.003615
v 1.499542 7.500000 1.002405
v 1.499620 7.500000 1.001196
v 1.499501 7.500000 0.999986
v 1.499184 7.500000 0.998777
v 1.498672 7.500000 0.997568
v 1.497056 7.500000 0.995152
v 1.494653 7.500000 0.992739
v 1.491466 7.500000 0.990331
v 1.482744 7.500000 0.985533
v 1.470908 7.500000 0.980768
v 1.455983 7.500000 0.976046
v 1.437999 7.500000 0.971377
v 1.416996 7.500000 0.966771
v 1.393016 7.500000 0.962238
v 1.366110 7.500000 0.957787
v 1.336335 7.500000 0.953427
v 1.303753 7.500000 0.949168
v 1.268433 7.500000 0.945018
v 1.230449 7.500000 0.940987
v 1.189880 7.500000 0.937082
v 1.146812 7.500000 0.933312
v 1.101336 7.500000 0.929685
v 1.053546 7.500000 0.926209
v 1.003543 7.500000 0.922890
v 0.951432 7.500000 0.919736
v 0.897323 7.500000 0.916753
v 0.841329 7.500000 0.913948
v 0.783568 7.500000 0.911327
v 0.724161 7.500000 0.908894
v 0.663233 7.500000 0.906655
v 0.600911 7.500000 0.904616
v 0.537328 7.500000 0.902779
v 0.406909 7.500000 0.899730
v 0.273073 7.500000 0.897534
v 0.136943 7.500000 0.896209
v -0.000339 7.500000 0.895767
v -0.137619 7.500000 0.896211
v -0.273746 7.500000 0.897538
v -0.407576 7.500000 0.899736
v -0.537985 7.500000 0.902786
v -0.601564 7.500000 0.904624
v -0.663880 7.500000 0.906665
v -0.724802 7.500000 0.908904
v -0.784202 7.500000 0.911337
v -0.841956 7.500000 0.913960
v -0.897942 7.500000 0.916766
v -0.952042 7.500000 0.919749
v -1.004144 7.500000 0.922904
v -1.054137 7.500000 0.926224
v -1.101918 7.500000 0.929701
v -1.147384 7.500000 0.933328
v -1.190441 7.500000 0.937099
v -1.230999 7.500000 0.941004
v -1.268972 7.500000 0.945036
v -1.304280 7.500000 0.949186
v -1.336850 7.500000 0.953446
v -1.366612 7.500000 0.957806
v -1.393505 7.500000 0.962258
v -1.417472 7.500000 0.966791
v -1.438463 7.500000 0.971397
v -1.456434 7.500000 0.976066
v -1.471346 7.500000 0.980788
v -1.483168 7.500000 0.985554
v -1.491876 7.500000 0.990352
v -1.495057 7.500000 0.992760
v -1.497452 7.500000 0.995173
v -1.499061 7.500000 0.997589
v -1.499571 7.500000 0.998798
v -1.499883 7.500000 1.000007
v -1.499999 7.500000 1.001217
v -1.499918 7.500000 1.002426
v -1.499640 7.500000 1.003636
v -1.499165 7.500000 1.004844
v -1.497625 7.500000 1.007261
v -1.495299 7.500000 1.009674
v -1.488294 7.500000 1.014486
v -1.478163 7.500000 1.019271
v -1.464928 7.500000 1.024017
v -1.448617 7.500000 1.028716
v -1.429265 7.500000 1.033358
v -1.406911 7.500000 1.037932
v -1.381603 7.500000 1.042429
v -1.353394 7.500000 1.046841
v -1.322344 7.500000 1.051156
v -1.288517 7.500000 1.055367
v -1.251984 7.500000 1.059464
v -1.212822 7.500000 1.063439
v -1.171114 7.500000 1.067284
v -1.126947 7.500000 1.070990
v -1.080413 7.500000 1.074550
v -1.031611 7.500000 1.077957
v -0.980643 7.500000 1.081202
v -0.927616 7.500000 1.084279
v -0.872642 7.500000 1.087183
v -0.815835 7.500000 1.089906
v -0.757315 7.500000 1.092443
v -0.697206 7.500000 1.094788
v -0.635632 7.500000 1.096938
v -0.572724 7.500000 1.098886
v -0.508614 7.500000 1.100630
v -0.443436 7.500000 1.102165
v -0.310426 7.500000 1.104597
v -0.314498 7.500000 1.134998
v -0.316994 7.500000 1.165575
v -0.317936 7.500000 1.196236
v -0.317342 7.500000 1.226903
v -0.315202 7.500000 1.257538
v -0.311486 7.500000 1.288033
v -0.306157 7.500000 1.318258
v -0.299161 7.500000 1.348128
v -1.477346 7.500000 1.348128
v -1.536851 7.500000 1.279879
v -1.593206 7.500000 1.209006
v -1.646295 7.500000 1.135655
v -1.696010 7.500000 1.059977
v -1.742248 7.500000 0.982126
v -1.784916 7.500000 0.902261
v -1.823925 7.500000 0.820548
v -1.859195 7.500000 0.737152
v -1.890655 7.500000 0.652246
v -1.918239 7.500000 0.566002
v -1.941892 7.500000 0.478599
v -1.961564 7.500000 0.390215
v -1.977215 7.500000 0.301030
v -1.988814 7.500000 0.211229
v -1.996337 7.500000 0.120995
v -1.999767 7.500000 0.030512
v -1.999099 7.500000 -0.060032
v -1.994333 7.500000 -0.150454
v -1.985479 7.500000 -0.240568
v -1.972556 7.500000 -0.330188
v -1.955589 7.500000 -0.419131
v -1.934614 7.500000 -0.507216
v -1.909674 7.500000 -0.594261
v -1.880819 7.500000 -0.680087
v -1.848110 7.500000 -0.764520
v -1.811612 7.500000 -0.847386
v -1.771401 7.500000 -0.928514
v -1.727559 7.500000 -1.007740
v -1.680176 7.500000 -1.084900
v -1.629349 7.500000 -1.159836
v -1.575183 7.500000 -1.232395
v -1.517788 7.500000 -1.302428
v -1.457282 7.500000 -1.369792
v -0.188183 7.602879 -1.133400
v -0.155064 7.635330 -1.133668
v -0.121617 7.667966 -1.133886
v -0.088599 7.700000 -1.134049
v -0.115034 7.711537 -1.133923
v -0.141934 7.721607 -1.133760
v -0.169257 7.730187 -1.133559
v -0.196962 7.737257 -1.133320
v -0.225006 7.742795 -1.133040
v -0.253349 7.746780 -1.132718
v -0.281949 7.749190 -1.132354
v 0.281368 7.749195 -1.132356
v 0.252806 7.746790 -1.132720
v 0.224419 7.742799 -1.133042
v 0.196264 7.737238 -1.133324
v 0.168468 7.730140 -1.133563
v 0.141135 7.721550 -1.133763
v 0.114294 7.711493 -1.133925
v 0.087974 7.700000 -1.134050
v 0.120112 7.668813 -1.133892
v 0.153117 7.636607 -1.133679
v 0.220250 7.570711 -1.133087
v 0.263370 7.553101 -1.132590
v 0.306523 7.535433 -1.132002
v 0.224891 7.570711 -1.162571
v 0.227760 7.570711 -1.192417
v 0.228891 7.570711 -1.222463
v 0.228290 7.570711 -1.252538
v 0.225957 7.570711 -1.282466
v 0.221866 7.570711 -1.312083
v 0.215975 7.570711 -1.341234
v 0.208195 7.570711 -1.369792
v 0.252506 7.553103 -1.369792
v 0.296726 7.535405 -1.369792
v 0.340656 7.517729 -1.369792
v 0.309845 7.535356 -1.300108
v 0.306408 7.535356 -1.324029
v 0.307880 7.535356 -1.139525
v 0.312767 7.535356 -1.184414
v 0.314262 7.535356 -1.229487
v 0.312286 7.535356 -1.276101
v 0.301949 7.535356 -1.347841
v -0.339650 7.732263 1.348128
v -0.295599 7.714586 1.348128
v -0.251229 7.696886 1.348128
v -0.206762 7.679289 1.348128
v -0.215119 7.679289 1.318977
v -0.221469 7.679289 1.289182
v -0.225917 7.679289 1.258874
v -0.228513 7.679289 1.228219
v -0.229285 7.679289 1.197391
v -0.228238 7.679289 1.166578
v -0.225364 7.679289 1.135968
v -0.220629 7.679289 1.105733
v -0.263657 7.696861 1.105238
v -0.306793 7.714522 1.104650
v -0.311242 7.714644 1.135575
v -0.314626 7.714644 1.204626
v -0.309679 7.714644 1.277080
v -0.305942 7.714644 1.301656
v -0.301115 7.714644 1.326112
v -0.312357 7.714644 1.252408
v -0.313962 7.714644 1.228536
v -0.314376 7.714644 1.181579
v -0.313249 7.714644 1.158553
v -0.308332 7.714644 1.112667
v -0.266583 7.500987 1.348128
v -0.234171 7.503923 1.348128
v -0.201954 7.508767 1.348128
v -0.170101 7.515448 1.348128
v -0.140281 7.523407 1.348128
v -0.113031 7.532117 1.348128
v -0.088425 7.541130 1.348128
v -0.066537 7.550000 1.348128
v -0.084099 7.565489 1.348128
v -0.102447 7.581995 1.348128
v -0.139636 7.616149 1.348128
v -0.157545 7.632843 1.348128
v -0.174377 7.648643 1.348128
v 0.306812 7.714566 1.104645
v 0.263654 7.696898 1.105234
v 0.220529 7.679289 1.105730
v 0.225295 7.679289 1.135961
v 0.228202 7.679289 1.166569
v 0.229282 7.679289 1.197381
v 0.228544 7.679289 1.228208
v 0.225982 7.679289 1.258864
v 0.221565 7.679289 1.289173
v 0.215246 7.679289 1.318972
v 0.206916 7.679289 1.348128
v 0.251373 7.696887 1.348128
v 0.295731 7.714586 1.348128
v 0.339775 7.732264 1.348128
v 0.309756 7.714644 1.277028
v 0.306045 7.714644 1.301597
v 0.314631 7.714644 1.204583
v 0.311175 7.714644 1.135502
v 0.308241 7.714644 1.112586
v 0.313207 7.714644 1.158489
v 0.313991 7.714644 1.228493
v 0.312409 7.714644 1.252366
v 0.301243 7.714644 1.326047
v 0.174452 7.648560 1.348128
v 0.157688 7.632818 1.348128
v 0.139823 7.616159 1.348128
v 0.102669 7.582022 1.348128
v 0.084319 7.565506 1.348128
v 0.066748 7.550000 1.348128
v 0.088579 7.541147 1.348128
v 0.113131 7.532146 1.348128
v 0.140329 7.523445 1.348128
v 0.170097 7.515488 1.348128
v 0.201958 7.508795 1.348128
v 0.234217 7.503935 1.348128
v 0.266672 7.500990 1.348128
v -0.281662 7.500810 1.105004
v -0.253068 7.503219 1.105368
v -0.224730 7.507204 1.105689
v -0.196691 7.512742 1.105969
v -0.168991 7.519812 1.106208
v -0.141674 7.528393 1.106408
v -0.114781 7.538463 1.106571
v -0.088353 7.550000 1.106697
v -0.094884 7.550000 1.137019
v -0.098803 7.550000 1.169074
v -0.099990 7.550000 1.201984
v -0.098426 7.550000 1.234839
v -0.094140 7.550000 1.266731
v -0.087262 7.550000 1.296787
v -0.077973 7.550000 1.324166
v -0.072505 7.550000 1.336619
v -0.124925 7.536660 1.134688
v -0.129139 7.536660 1.172424
v -0.129807 7.536660 1.213172
v -0.104464 7.536660 1.338599
v -0.207802 7.507892 1.345432
v -0.185580 7.512661 1.338343
v -0.148853 7.523139 1.326627
v -0.113041 7.536660 1.315203
v -0.259837 7.501977 1.322203
v -0.216910 7.507892 1.312239
v -0.194195 7.512661 1.306967
v -0.156651 7.523139 1.298253
v -0.120042 7.536660 1.289756
v -0.267071 7.501977 1.284657
v -0.223521 7.507892 1.277920
v -0.200476 7.512661 1.274355
v -0.162387 7.523139 1.268462
v -0.125247 7.536660 1.262716
v -0.271596 7.501977 1.246464
v -0.227679 7.507892 1.242814
v -0.204439 7.512661 1.240883
v -0.166030 7.523139 1.237691
v -0.128577 7.536660 1.234579
v -0.273242 7.501977 1.217723
v -0.229197 7.507892 1.216326
v -0.205890 7.512661 1.215586
v -0.167369 7.523139 1.214364
v -0.273426 7.501977 1.188944
v -0.229367 7.507892 1.189780
v -0.206052 7.512661 1.190223
v -0.167518 7.523139 1.190954
v -0.129943 7.536660 1.191666
v -0.272348 7.501977 1.163147
v -0.228373 7.507892 1.165996
v -0.205102 7.512661 1.167503
v -0.166642 7.523139 1.169994
v -0.270084 7.501977 1.137459
v -0.226290 7.507892 1.142349
v -0.203115 7.512661 1.144936
v -0.164813 7.523139 1.149213
v -0.127464 7.536660 1.153383
v -0.162032 7.523139 1.128738
v -0.200087 7.512661 1.122635
v -0.223112 7.507892 1.118942
v -0.266623 7.501977 1.111964
v -0.158272 7.523139 1.108516
v -0.121530 7.536660 1.116416
v -0.187907 7.647119 1.106050
v -0.154796 7.614666 1.106316
v -0.121359 7.582033 1.106534
v 0.281655 7.500805 1.104999
v 0.253087 7.503211 1.105364
v 0.224694 7.507201 1.105686
v 0.196533 7.512763 1.105968
v 0.168732 7.519861 1.106208
v 0.141393 7.528452 1.106408
v 0.114546 7.538507 1.106570
v 0.088220 7.550000 1.106696
v 0.120366 7.581184 1.106537
v 0.153381 7.613392 1.106323
v 0.072700 7.550000 1.336619
v 0.078150 7.550000 1.324166
v 0.087400 7.550000 1.296786
v 0.094235 7.550000 1.266731
v 0.098475 7.550000 1.234838
v 0.099993 7.550000 1.201983
v 0.098759 7.550000 1.169073
v 0.094794 7.550000 1.137018
v 0.111270 7.536669 1.320971
v 0.123945 7.536669 1.271002
v 0.128577 7.536669 1.234865
v 0.129914 7.536669 1.191902
v 0.270007 7.501978 1.137439
v 0.127393 7.536669 1.153507
v 0.124823 7.536669 1.134738
v 0.158183 7.523142 1.108675
v 0.266486 7.501978 1.111728
v 0.222976 7.507897 1.118801
v 0.199985 7.512661 1.122537
v 0.161931 7.523142 1.128717
v 0.121416 7.536669 1.116510
v 0.226205 7.507897 1.142374
v 0.203058 7.512661 1.144982
v 0.164749 7.523142 1.149298
v 0.272301 7.501978 1.163199
v 0.228316 7.507897 1.166087
v 0.205073 7.512661 1.167614
v 0.166603 7.523142 1.170140
v 0.129092 7.536669 1.172603
v 0.273405 7.501978 1.189069
v 0.229333 7.507897 1.189939
v 0.206044 7.512661 1.190399
v 0.167499 7.523142 1.191160
v 0.273241 7.501978 1.217885
v 0.229183 7.507897 1.216518
v 0.205901 7.512661 1.215796
v 0.167368 7.523142 1.214600
v 0.129794 7.536669 1.213434
v 0.271612 7.501978 1.246663
v 0.227680 7.507897 1.243039
v 0.204465 7.512661 1.241124
v 0.166043 7.523142 1.237955
v 0.269012 7.501978 1.271378
v 0.225289 7.507897 1.265771
v 0.202184 7.512661 1.262808
v 0.163944 7.523142 1.257905
v 0.126656 7.536669 1.253123
v 0.265291 7.501978 1.295874
v 0.221878 7.507897 1.288235
v 0.198938 7.512661 1.284198
v 0.160969 7.523142 1.277517
v 0.260433 7.501978 1.320057
v 0.217441 7.507897 1.310320
v 0.194723 7.512661 1.305175
v 0.157123 7.523142 1.296659
v 0.120459 7.536669 1.288355
v 0.254405 7.501978 1.343872
v 0.211961 7.507897 1.331949
v 0.189532 7.512661 1.325648
v 0.152411 7.523142 1.315220
v 0.116214 7.536669 1.305052
v 0.183375 7.512661 1.345505
v 0.146868 7.523142 1.333083
v 0.105691 7.536669 1.335990
v -0.070195 7.700000 -1.369792
v -0.092182 7.709050 -1.369792
v -0.116772 7.718138 -1.369792
v -0.143894 7.726846 -1.369792
v -0.173476 7.734752 -1.369792
v -0.204986 7.741354 -1.369792
v -0.236852 7.746133 -1.369792
v -0.268916 7.749027 -1.369792
v -0.095005 7.700000 -1.163382
v -0.098968 7.700000 -1.194367
v -0.100374 7.700000 -1.226207
v -0.099198 7.700000 -1.258077
v -0.095460 7.700000 -1.289150
v -0.089267 7.700000 -1.318627
v -0.080768 7.700000 -1.345738
v -0.121773 7.713339 -1.143668
v -0.125153 7.713339 -1.161672
v -0.129429 7.713339 -1.199050
v -0.130239 7.713339 -1.239159
v -0.107447 7.713339 -1.359959
v -0.210533 7.742107 -1.365628
v -0.188185 7.737339 -1.358970
v -0.151240 7.726861 -1.347963
v -0.115214 7.713339 -1.337230
v -0.261749 7.748023 -1.343240
v -0.218686 7.742107 -1.333874
v -0.195904 7.737339 -1.328920
v -0.158241 7.726861 -1.320729
v -0.121516 7.713339 -1.312742
v -0.268206 7.748023 -1.307489
v -0.224592 7.742107 -1.301166
v -0.201518 7.737339 -1.297821
v -0.163374 7.726861 -1.292291
v -0.126179 7.713339 -1.286899
v -0.272228 7.748023 -1.271188
v -0.228289 7.742107 -1.267789
v -0.205043 7.737339 -1.265991
v -0.166615 7.726861 -1.263019
v -0.129143 7.713339 -1.260120
v -0.273695 7.748023 -1.243058
v -0.229642 7.742107 -1.241861
v -0.206336 7.737339 -1.241227
v -0.167808 7.726861 -1.240180
v -0.273762 7.748023 -1.214897
v -0.229704 7.742107 -1.215885
v -0.206395 7.737339 -1.216408
v -0.167862 7.726861 -1.217272
v -0.130288 7.713339 -1.218115
v -0.272610 7.748023 -1.189334
v -0.228642 7.742107 -1.192318
v -0.205381 7.737339 -1.193896
v -0.166926 7.726861 -1.196505
v -0.270294 7.748023 -1.163884
v -0.226510 7.742107 -1.168891
v -0.203347 7.737339 -1.171540
v -0.165054 7.726861 -1.175918
v -0.127715 7.713339 -1.180188
v -0.266802 7.748023 -1.138627
v -0.223304 7.742107 -1.145704
v -0.200292 7.737339 -1.149448
v -0.162249 7.726861 -1.155637
v -0.158532 7.726861 -1.135842
v 0.267985 7.749025 -1.369792
v 0.235876 7.746124 -1.369792
v 0.203964 7.741333 -1.369792
v 0.172431 7.734721 -1.369792
v 0.142870 7.726817 -1.369792
v 0.115769 7.718116 -1.369792
v 0.091200 7.709037 -1.369792
v 0.069233 7.700000 -1.369792
v 0.079841 7.700000 -1.345738
v 0.088378 7.700000 -1.318628
v 0.094613 7.700000 -1.289150
v 0.098396 7.700000 -1.258078
v 0.099617 7.700000 -1.226208
v 0.098256 7.700000 -1.194368
v 0.094338 7.700000 -1.163383
v 0.107620 7.713339 -1.357078
v 0.112703 7.713339 -1.342434
v 0.121035 7.713339 -1.310939
v 0.128364 7.713339 -1.259832
v 0.129537 7.713339 -1.217880
v 0.127005 7.713339 -1.180067
v 0.124471 7.713339 -1.161606
v 0.157879 7.726861 -1.135815
v 0.121117 7.713339 -1.143632
v 0.266145 7.748023 -1.138719
v 0.222640 7.742107 -1.145747
v 0.199623 7.737339 -1.149465
v 0.161574 7.726861 -1.155612
v 0.269600 7.748023 -1.163905
v 0.225812 7.742107 -1.168868
v 0.202646 7.737339 -1.171494
v 0.164349 7.726861 -1.175834
v 0.271886 7.748023 -1.189283
v 0.227915 7.742107 -1.192227
v 0.204652 7.737339 -1.193785
v 0.166196 7.726861 -1.196360
v 0.128696 7.713339 -1.198871
v 0.273014 7.748023 -1.214772
v 0.228954 7.742107 -1.215726
v 0.205645 7.737339 -1.216231
v 0.167112 7.726861 -1.217066
v 0.272925 7.748023 -1.242895
v 0.228873 7.742107 -1.241668
v 0.205568 7.737339 -1.241018
v 0.167041 7.726861 -1.239944
v 0.129473 7.713339 -1.238896
v 0.271442 7.748023 -1.270988
v 0.227505 7.742107 -1.267562
v 0.204261 7.737339 -1.265750
v 0.165834 7.726861 -1.262753
v 0.269103 7.748023 -1.294501
v 0.225353 7.742107 -1.289197
v 0.202207 7.737339 -1.286391
v 0.163944 7.726861 -1.281752
v 0.126633 7.713339 -1.277229
v 0.265756 7.748023 -1.317828
v 0.222282 7.742107 -1.310605
v 0.199283 7.737339 -1.306784
v 0.161261 7.726861 -1.300467
v 0.124186 7.713339 -1.294307
v 0.261386 7.748023 -1.340888
v 0.218287 7.742107 -1.331691
v 0.195485 7.737339 -1.326825
v 0.157791 7.726861 -1.318782
v 0.255968 7.748023 -1.363637
v 0.213352 7.742107 -1.352391
v 0.190807 7.737339 -1.346442
v 0.153536 7.726861 -1.336607
v 0.117192 7.713339 -1.327017
v 0.185255 7.737339 -1.365537
v 0.148522 7.726861 -1.353840
v 0.086615 7.684415 -1.369792
v 0.104673 7.667963 -1.369792
v 0.141210 7.634094 -1.369792
v 0.158887 7.617501 -1.369792
v 0.175636 7.601681 -1.369792
v 0.194478 7.600000 -1.156351
v 0.115305 7.675000 -1.140531
v 0.122075 7.675000 -1.181120
v 0.185136 7.600000 -1.343886
v 0.160946 7.625000 -1.337571
v 0.136757 7.650000 -1.331257
v 0.112567 7.675000 -1.324942
v 0.106646 7.675000 -1.344925
v 0.130362 7.650000 -1.352843
v 0.154079 7.625000 -1.360760
v 0.177796 7.600000 -1.368677
v 0.190941 7.600000 -1.318418
v 0.166406 7.625000 -1.313612
v 0.141871 7.650000 -1.308805
v 0.117336 7.675000 -1.303999
v 0.195246 7.600000 -1.292408
v 0.170473 7.625000 -1.289039
v 0.145699 7.650000 -1.285670
v 0.120926 7.675000 -1.282301
v 0.198081 7.600000 -1.266002
v 0.173160 7.625000 -1.264021
v 0.148239 7.650000 -1.262040
v 0.123317 7.675000 -1.260059
v 0.199469 7.600000 -1.239353
v 0.174476 7.625000 -1.238732
v 0.149483 7.650000 -1.238111
v 0.124490 7.675000 -1.237490
v 0.199170 7.600000 -1.205954
v 0.174193 7.625000 -1.207024
v 0.149215 7.650000 -1.208093
v 0.124237 7.675000 -1.209163
v 0.196610 7.600000 -1.172765
v 0.171765 7.625000 -1.175550
v 0.146920 7.650000 -1.178335
v 0.169747 7.625000 -1.160014
v 0.145015 7.650000 -1.163678
v 0.120284 7.675000 -1.167342
v 0.118025 7.675000 -1.153795
v 0.142607 7.650000 -1.149231
v 0.167188 7.625000 -1.144667
v 0.191770 7.600000 -1.140104
v 0.139695 7.650000 -1.135040
v 0.099594 7.675000 -1.363768
v -0.176625 7.601612 -1.369792
v -0.159843 7.617468 -1.369792
v -0.142145 7.634087 -1.369792
v -0.105603 7.667974 -1.369792
v -0.087557 7.684424 -1.369792
v -0.102406 7.675000 -1.359145
v -0.211109 7.575000 -1.346696
v -0.110660 7.675000 -1.335034
v -0.117128 7.675000 -1.309280
v -0.220364 7.575000 -1.155961
v -0.207988 7.587500 -1.157721
v -0.195612 7.600000 -1.159482
v -0.170860 7.625000 -1.163003
v -0.146108 7.650000 -1.166524
v -0.121356 7.675000 -1.170045
v -0.117638 7.675000 -1.148418
v -0.142141 7.650000 -1.143453
v -0.166645 7.625000 -1.138489
v -0.191148 7.600000 -1.133524
v -0.223514 7.575000 -1.183724
v -0.211059 7.587500 -1.184788
v -0.198605 7.600000 -1.185853
v -0.173695 7.625000 -1.187981
v -0.148786 7.650000 -1.190110
v -0.123877 7.675000 -1.192239
v -0.225137 7.575000 -1.211718
v -0.212643 7.587500 -1.212101
v -0.200148 7.600000 -1.212484
v -0.175159 7.625000 -1.213251
v -0.150170 7.650000 -1.214017
v -0.125181 7.675000 -1.214783
v -0.225239 7.575000 -1.239795
v -0.212742 7.587500 -1.239502
v -0.200245 7.600000 -1.239210
v -0.175251 7.625000 -1.238624
v -0.150257 7.650000 -1.238039
v -0.125263 7.675000 -1.237453
v -0.223819 7.575000 -1.267806
v -0.211357 7.587500 -1.266833
v -0.198895 7.600000 -1.265860
v -0.173971 7.625000 -1.263915
v -0.149046 7.650000 -1.261969
v -0.124122 7.675000 -1.260023
v -0.220874 7.575000 -1.295604
v -0.208485 7.587500 -1.293936
v -0.196096 7.600000 -1.292269
v -0.171319 7.625000 -1.288935
v -0.146541 7.650000 -1.285600
v -0.121763 7.675000 -1.282265
v -0.214994 7.575000 -1.329850
v -0.202760 7.587500 -1.327279
v -0.190527 7.600000 -1.324708
v -0.166061 7.625000 -1.319565
v -0.141595 7.650000 -1.314422
v -0.198986 7.587500 -1.343651
v -0.186862 7.600000 -1.340607
v -0.162615 7.625000 -1.334518
v -0.138368 7.650000 -1.328429
v -0.114121 7.675000 -1.322340
v -0.134641 7.650000 -1.342105
v -0.158621 7.625000 -1.349176
v -0.182601 7.600000 -1.356247
v -0.194592 7.587500 -1.359783
v -0.206582 7.575000 -1.363318
v -0.154068 7.625000 -1.363507
v -0.130411 7.650000 -1.355412
v -0.106754 7.675000 -1.347316
v -0.125669 7.650000 -1.368312
v -0.220337 7.675000 1.130583
v -0.195567 7.650000 1.133977
v -0.170797 7.625000 1.137371
v -0.146028 7.600000 1.140765
v -0.121258 7.575000 1.144160
v -0.117510 7.575000 1.121793
v -0.142030 7.600000 1.116911
v -0.166550 7.625000 1.112028
v -0.191070 7.650000 1.107145
v -0.223419 7.675000 1.159278
v -0.198496 7.650000 1.161237
v -0.173572 7.625000 1.163196
v -0.148649 7.600000 1.165156
v -0.123726 7.575000 1.167115
v -0.224875 7.675000 1.188203
v -0.199880 7.650000 1.188758
v -0.174885 7.625000 1.189312
v -0.149890 7.600000 1.189866
v -0.124895 7.575000 1.190420
v -0.224708 7.675000 1.217194
v -0.199721 7.650000 1.216353
v -0.174735 7.625000 1.215511
v -0.149748 7.600000 1.214670
v -0.124761 7.575000 1.213828
v -0.222918 7.675000 1.246089
v -0.198020 7.650000 1.243839
v -0.173121 7.625000 1.241589
v -0.148223 7.600000 1.239339
v -0.123324 7.575000 1.237089
v -0.219501 7.675000 1.274723
v -0.194773 7.650000 1.271031
v -0.170046 7.625000 1.267339
v -0.145319 7.600000 1.263646
v -0.120591 7.575000 1.259954
v -0.214410 7.675000 1.302956
v -0.189954 7.650000 1.297764
v -0.165497 7.625000 1.292572
v -0.141041 7.600000 1.287380
v -0.116584 7.575000 1.282188
v -0.207587 7.675000 1.330656
v -0.183522 7.650000 1.323882
v -0.159457 7.625000 1.317108
v -0.135392 7.600000 1.310334
v -0.111327 7.575000 1.303560
v -0.151905 7.625000 1.340778
v -0.128377 7.600000 1.332314
v -0.104850 7.575000 1.323849
v -0.097173 7.575000 1.342859
v 0.194993 7.650000 1.130457
v 0.115657 7.575000 1.113571
v 0.197151 7.650000 1.147423
v 0.122590 7.575000 1.155542
v 0.124703 7.575000 1.184538
v 0.183695 7.650000 1.323755
v 0.171659 7.637500 1.320383
v 0.159622 7.625000 1.317012
v 0.135548 7.600000 1.310270
v 0.111474 7.575000 1.303528
v 0.105025 7.575000 1.323819
v 0.128563 7.600000 1.332254
v 0.152102 7.625000 1.340689
v 0.163871 7.637500 1.344906
v 0.190092 7.650000 1.297630
v 0.177860 7.637500 1.295051
v 0.165628 7.625000 1.292471
v 0.141164 7.600000 1.287313
v 0.116701 7.575000 1.282154
v 0.194874 7.650000 1.270892
v 0.182508 7.637500 1.269063
v 0.170142 7.625000 1.267235
v 0.145409 7.600000 1.263577
v 0.120677 7.575000 1.259919
v 0.198082 7.650000 1.243697
v 0.185631 7.637500 1.242590
v 0.173181 7.625000 1.241482
v 0.148279 7.600000 1.239268
v 0.123377 7.575000 1.237053
v 0.199745 7.650000 1.216210
v 0.187251 7.637500 1.215807
v 0.174757 7.625000 1.215404
v 0.149769 7.600000 1.214598
v 0.124781 7.575000 1.213792
v 0.199652 7.650000 1.181720
v 0.187161 7.637500 1.182190
v 0.174669 7.625000 1.182660
v 0.149686 7.600000 1.183599
v 0.198702 7.650000 1.164525
v 0.186236 7.637500 1.165433
v 0.173769 7.625000 1.166342
v 0.148835 7.600000 1.168160
v 0.123901 7.575000 1.169978
v 0.147443 7.600000 1.152835
v 0.172297 7.625000 1.150129
v 0.184724 7.637500 1.148776
v 0.182623 7.637500 1.132263
v 0.170254 7.625000 1.134069
v 0.145514 7.600000 1.137680
v 0.120775 7.575000 1.141291
v 0.118462 7.575000 1.127282
v 0.143048 7.600000 1.122744
v 0.167635 7.625000 1.118206
v 0.179928 7.637500 1.115937
v 0.192221 7.650000 1.113667
v 0.140047 7.600000 1.108078
v 0.097374 7.575000 1.342832
v -0.400000 6.404097 -0.451577
v -0.400474 6.409067 -0.468656
v -0.399518 6.415014 -0.485412
v -0.397214 6.421804 -0.501752
v -0.393644 6.429304 -0.517578
v -0.388894 6.437393 -0.532806
v -0.383044 6.445991 -0.547384
v -0.376170 6.455029 -0.561269
v -0.368349 6.464437 -0.574417
v -0.359655 6.474143 -0.586786
v -0.350158 6.484094 -0.598343
v -0.339917 6.494250 -0.609066
v -0.328994 6.504571 -0.618932
v -0.317447 6.515017 -0.627914
v -0.305329 6.525556 -0.635996
v -0.292691 6.536156 -0.643155
v -0.293274 6.024138 -0.642851
v -0.306303 6.026243 -0.635392
v -0.318589 6.029525 -0.627084
v -0.330058 6.033731 -0.618032
v -0.340682 6.038610 -0.608319
v -0.350673 6.044065 -0.597759
v -0.360058 6.049994 -0.586256
v -0.368738 6.056241 -0.573816
v -0.376616 6.062652 -0.560447
v -0.383511 6.069003 -0.546332
v -0.389310 6.075115 -0.531626
v -0.393961 6.080861 -0.516386
v -0.397411 6.086113 -0.500672
v -0.399601 6.090740 -0.484570
v -0.400481 6.094597 -0.468175
v -0.400000 6.097538 -0.451577
v -0.400000 5.880720 -0.451577
v -0.400474 5.885690 -0.468656
v -0.399518 5.891637 -0.485412
v -0.397214 5.898427 -0.501752
v -0.393644 5.905927 -0.517578
v -0.388894 5.914015 -0.532806
v -0.383044 5.922614 -0.547384
v -0.376170 5.931652 -0.561269
v -0.368349 5.941059 -0.574417
v -0.359655 5.950766 -0.586786
v -0.350158 5.960716 -0.598343
v -0.339917 5.970873 -0.609066
v -0.328994 5.981194 -0.618932
v -0.317447 5.991639 -0.627914
v -0.305329 6.002178 -0.635996
v -0.292691 6.012779 -0.643155
v -0.294152 5.486261 -0.642388
v -0.306938 5.490929 -0.634991
v -0.317206 5.496341 -0.628088
v -0.327129 5.502667 -0.620474
v -0.337181 5.510004 -0.611676
v -0.347180 5.518132 -0.601628
v -0.356820 5.526719 -0.590424
v -0.365801 5.535453 -0.578256
v -0.374011 5.544203 -0.565141
v -0.381338 5.552838 -0.551099
v -0.387669 5.561227 -0.536149
v -0.392879 5.569225 -0.520344
v -0.396813 5.576640 -0.503882
v -0.399372 5.583330 -0.486860
v -0.400462 5.589148 -0.469383
v -0.400000 5.593919 -0.451577
v -0.400000 5.341640 -0.451577
v -0.400474 5.346611 -0.468656
v -0.399518 5.352558 -0.485412
v -0.397214 5.359348 -0.501752
v -0.393644 5.366848 -0.517578
v -0.388894 5.374936 -0.532806
v -0.383044 5.383535 -0.547384
v -0.376170 5.392573 -0.561269
v -0.368349 5.401980 -0.574417
v -0.359655 5.411686 -0.586786
v -0.350158 5.421637 -0.598343
v -0.339917 5.431794 -0.609066
v -0.328994 5.442115 -0.618932
v -0.317447 5.452560 -0.627914
v -0.305329 5.463099 -0.635996
v -0.292691 5.473700 -0.643155
v -0.293801 4.998370 -0.642574
v -0.307380 4.999785 -0.634717
v -0.320225 5.002041 -0.625876
v -0.332251 5.005010 -0.616140
v -0.343406 5.008542 -0.605589
v -0.353657 5.012489 -0.594288
v -0.362982 5.016710 -0.582284
v -0.371363 5.021076 -0.569615
v -0.378764 5.025460 -0.556339
v -0.385146 5.029737 -0.542515
v -0.390471 5.033782 -0.528201
v -0.394706 5.037482 -0.513449
v -0.397814 5.040715 -0.498322
v -0.399754 5.043357 -0.482893
v -0.400490 5.045272 -0.467280
v -0.400000 5.046319 -0.451577
v -0.400000 4.855198 -0.451577
v -0.400474 4.860168 -0.468656
v -0.399518 4.866116 -0.485412
v -0.397214 4.872906 -0.501752
v -0.393644 4.880405 -0.517578
v -0.388894 4.888494 -0.532806
v -0.383044 4.897092 -0.547384
v -0.376170 4.906130 -0.561269
v -0.368349 4.915538 -0.574417
v -0.359655 4.925244 -0.586786
v -0.350158 4.935194 -0.598343
v -0.339917 4.945352 -0.609066
v -0.328994 4.955672 -0.618932
v -0.317447 4.966118 -0.627914
v -0.305329 4.976656 -0.635996
v -0.292691 4.987257 -0.643155
v -0.293819 4.450136 -0.642564
v -0.307410 4.451600 -0.634697
v -0.320262 4.453931 -0.625848
v -0.332289 4.456994 -0.616107
v -0.343441 4.460633 -0.605554
v -0.353684 4.464694 -0.594255
v -0.363000 4.469031 -0.582260
v -0.371369 4.473514 -0.569610
v -0.378758 4.478017 -0.556354
v -0.385133 4.482414 -0.542546
v -0.390459 4.486583 -0.528238
v -0.394697 4.490408 -0.513488
v -0.397808 4.493768 -0.498358
v -0.399751 4.496540 -0.482923
v -0.400490 4.498585 -0.467299
v -0.400000 4.499765 -0.451577
v -0.400000 4.306948 -0.451577
v -0.400474 4.311918 -0.468656
v -0.399518 4.317865 -0.485412
v -0.397214 4.324655 -0.501752
v -0.393644 4.332155 -0.517578
v -0.388894 4.340243 -0.532806
v -0.383044 4.348842 -0.547384
v -0.376170 4.357880 -0.561269
v -0.368349 4.367287 -0.574417
v -0.359655 4.376994 -0.586786
v -0.350158 4.386944 -0.598343
v -0.339917 4.397101 -0.609066
v -0.328994 4.407422 -0.618932
v -0.317447 4.417867 -0.627914
v -0.305329 4.428406 -0.635996
v -0.292691 4.439007 -0.643155
v -0.288651 3.774800 -0.645196
v -0.297643 3.777869 -0.640497
v -0.307075 3.782743 -0.634908
v -0.317204 3.789306 -0.628089
v -0.328001 3.797385 -0.619758
v -0.339165 3.806670 -0.609794
v -0.350191 3.816657 -0.598305
v -0.360468 3.826747 -0.585712
v -0.369861 3.836792 -0.572054
v -0.378248 3.846652 -0.557356
v -0.385507 3.856191 -0.541644
v -0.391503 3.865259 -0.524973
v -0.396071 3.873670 -0.507515
v -0.399087 3.881266 -0.489377
v -0.400434 3.887875 -0.470680
v -0.400000 3.893286 -0.451577
v -0.400053 4.111674 -0.478995
v -0.396356 4.111674 -0.506162
v -0.388933 4.111674 -0.532692
v -0.378057 4.111674 -0.557717
v -0.363800 4.111674 -0.581136
v -0.346474 4.111674 -0.602386
v -0.326405 4.111674 -0.621065
v -0.303969 4.111674 -0.636825
v -0.400000 3.631022 -0.451577
v -0.400474 3.635993 -0.468656
v -0.399518 3.641939 -0.485412
v -0.397214 3.648730 -0.501752
v -0.393644 3.656229 -0.517578
v -0.388894 3.664318 -0.532806
v -0.383044 3.672916 -0.547384
v -0.376170 3.681954 -0.561269
v -0.368349 3.691362 -0.574417
v -0.359655 3.701068 -0.586786
v -0.350158 3.711019 -0.598343
v -0.339917 3.721175 -0.609066
v -0.328994 3.731497 -0.618932
v -0.317447 3.741942 -0.627914
v -0.305329 3.752481 -0.635996
v -0.292691 3.763081 -0.643155
v -0.292691 3.060630 -0.643155
v -0.305329 3.071230 -0.635996
v -0.317447 3.081769 -0.627914
v -0.328994 3.092215 -0.618932
v -0.339917 3.102535 -0.609066
v -0.350158 3.112692 -0.598343
v -0.359655 3.122643 -0.586786
v -0.368349 3.132349 -0.574417
v -0.376170 3.141757 -0.561269
v -0.383044 3.150795 -0.547384
v -0.388894 3.159393 -0.532806
v -0.393644 3.167482 -0.517578
v -0.397214 3.174981 -0.501752
v -0.399518 3.181772 -0.485412
v -0.400474 3.187719 -0.468656
v -0.400000 3.192689 -0.451577
v -0.400053 3.411855 -0.478995
v -0.396356 3.411855 -0.506162
v -0.388893 3.411855 -0.532806
v -0.378057 3.411855 -0.557717
v -0.363800 3.411855 -0.581136
v -0.346474 3.411855 -0.602386
v -0.326405 3.411855 -0.621065
v -0.303969 3.411855 -0.636825
v -0.400000 3.199748 0.400000
v -0.405284 3.197654 0.419717
v -0.408504 3.193680 0.439589
v -0.409708 3.188102 0.459390
v -0.408974 3.181205 0.478829
v -0.406428 3.173198 0.497720
v -0.402196 3.164267 0.515932
v -0.396408 3.154593 0.533338
v -0.389189 3.144302 0.549859
v -0.380649 3.133490 0.565434
v -0.370899 3.122251 0.580003
v -0.360048 3.110679 0.593506
v -0.348194 3.098850 0.605900
v -0.335423 3.086814 0.617152
v -0.321818 3.074624 0.627224
v -0.307465 3.062335 0.636079
v -0.307465 3.761376 0.636079
v -0.321818 3.749087 0.627224
v -0.335423 3.736897 0.617152
v -0.348194 3.724861 0.605900
v -0.360048 3.713032 0.593506
v -0.370899 3.701461 0.580003
v -0.380649 3.690221 0.565434
v -0.389189 3.679409 0.549859
v -0.396408 3.669118 0.533338
v -0.402196 3.659445 0.515932
v -0.406428 3.650513 0.497720
v -0.408974 3.642506 0.478829
v -0.409708 3.635609 0.459390
v -0.408504 3.630032 0.439589
v -0.405284 3.626057 0.419717
v -0.400000 3.623963 0.400000
v -0.406927 3.411855 0.428286
v -0.409673 3.411855 0.457278
v -0.408180 3.411855 0.486362
v -0.402479 3.411855 0.514920
v -0.392691 3.411855 0.542348
v -0.379024 3.411855 0.568063
v -0.361767 3.411855 0.591521
v -0.341286 3.411855 0.612225
v -0.318016 3.411855 0.629734
v -0.400000 3.899846 0.400000
v -0.405563 3.897785 0.421040
v -0.408782 3.893600 0.442261
v -0.409712 3.887631 0.463382
v -0.408453 3.880215 0.484052
v -0.405154 3.871601 0.504075
v -0.399965 3.862024 0.523291
v -0.393035 3.851679 0.541570
v -0.384493 3.840728 0.558830
v -0.374462 3.829337 0.574997
v -0.363060 3.817676 0.589993
v -0.350728 3.806199 0.603425
v -0.338313 3.795771 0.614770
v -0.326195 3.786878 0.624174
v -0.314743 3.779998 0.631797
v -0.303968 3.775491 0.637992
v -0.298304 3.774176 0.640903
v -0.307465 4.437302 0.636079
v -0.321818 4.425012 0.627224
v -0.335423 4.412822 0.617152
v -0.348194 4.400786 0.605900
v -0.360048 4.388957 0.593506
v -0.370899 4.377386 0.580003
v -0.380649 4.366147 0.565434
v -0.389189 4.355334 0.549859
v -0.396408 4.345044 0.533338
v -0.402196 4.335370 0.515932
v -0.406428 4.326439 0.497720
v -0.408974 4.318431 0.478829
v -0.409708 4.311534 0.459390
v -0.408504 4.305957 0.439589
v -0.405284 4.301982 0.419717
v -0.400000 4.299888 0.400000
v -0.403339 6.100000 0.411476
v -0.407201 6.099150 0.429968
v -0.409301 6.096737 0.448662
v -0.409637 6.093008 0.467344
v -0.408257 6.088202 0.485733
v -0.405235 6.082515 0.503708
v -0.400643 6.076141 0.521159
v -0.394604 6.069314 0.537868
v -0.387290 6.062287 0.553620
v -0.378829 6.055259 0.568372
v -0.369349 6.048431 0.582084
v -0.358921 6.041969 0.594778
v -0.347467 6.036026 0.606590
v -0.335044 6.030901 0.617454
v -0.321714 6.026896 0.627294
v -0.307512 6.024312 0.636053
v -0.307465 6.534451 0.636079
v -0.321818 6.522161 0.627224
v -0.335423 6.509972 0.617152
v -0.348194 6.497935 0.605900
v -0.360048 6.486106 0.593506
v -0.370899 6.474535 0.580003
v -0.380649 6.463296 0.565434
v -0.389189 6.452484 0.549859
v -0.396408 6.442193 0.533338
v -0.402196 6.432519 0.515932
v -0.406428 6.423588 0.497720
v -0.408974 6.415581 0.478829
v -0.409708 6.408684 0.459390
v -0.408504 6.403106 0.439589
v -0.405284 6.399132 0.419717
v -0.400000 6.397038 0.400000
v -0.400000 6.100000 0.400000
v -0.401189 6.100000 0.403803
v -0.402302 6.100000 0.407629
v -0.400000 5.599926 0.400000
v -0.405401 5.598239 0.420266
v -0.408627 5.594562 0.440732
v -0.409719 5.589200 0.461150
v -0.408756 5.582465 0.481195
v -0.405863 5.574593 0.500675
v -0.401168 5.565799 0.519449
v -0.394799 5.556277 0.537394
v -0.386866 5.546185 0.554431
v -0.377479 5.535719 0.570480
v -0.366746 5.525071 0.585457
v -0.354917 5.514565 0.599132
v -0.342616 5.504915 0.611047
v -0.330148 5.496620 0.621264
v -0.317791 5.490157 0.629877
v -0.305541 5.485923 0.637143
v -0.307465 6.011074 0.636079
v -0.321818 5.998784 0.627224
v -0.335423 5.986594 0.617152
v -0.348194 5.974558 0.605900
v -0.360048 5.962729 0.593506
v -0.370899 5.951158 0.580003
v -0.380649 5.939919 0.565434
v -0.389189 5.929106 0.549859
v -0.396408 5.918816 0.533338
v -0.402196 5.909142 0.515932
v -0.406428 5.900211 0.497720
v -0.408974 5.892203 0.478829
v -0.409708 5.885306 0.459390
v -0.408504 5.879729 0.439589
v -0.405284 5.875754 0.419717
v -0.400000 5.873660 0.400000
v -0.407964 5.046472 0.435146
v -0.409411 5.045971 0.450483
v -0.409672 5.044546 0.465958
v -0.408726 5.042305 0.481506
v -0.406552 5.039352 0.497054
v -0.403126 5.035791 0.512525
v -0.398435 5.031731 0.527824
v -0.392541 5.027341 0.542685
v -0.385499 5.022775 0.556991
v -0.377352 5.018177 0.570675
v -0.368142 5.013692 0.583668
v -0.357898 5.009466 0.595917
v -0.346637 5.005657 0.607378
v -0.334395 5.002435 0.617976
v -0.321213 4.999969 0.627631
v -0.307194 4.998417 0.636230
v -0.307465 5.471994 0.636079
v -0.321818 5.459705 0.627224
v -0.335423 5.447515 0.617152
v -0.348194 5.435479 0.605900
v -0.360048 5.423650 0.593506
v -0.370899 5.412079 0.580003
v -0.380649 5.400840 0.565434
v -0.389189 5.390027 0.549859
v -0.396408 5.379736 0.533338
v -0.402196 5.370063 0.515932
v -0.406428 5.361132 0.497720
v -0.408974 5.353124 0.478829
v -0.409708 5.346227 0.459390
v -0.408504 5.340650 0.439589
v -0.405284 5.336675 0.419717
v -0.400000 5.334581 0.400000
v -0.400000 5.046472 0.400000
v -0.403358 5.046472 0.411549
v -0.406016 5.046472 0.423278
v -0.407694 4.500000 0.433196
v -0.409300 4.499485 0.448650
v -0.409702 4.498018 0.464244
v -0.408879 4.495713 0.479916
v -0.406810 4.492675 0.495590
v -0.403472 4.489008 0.511191
v -0.398850 4.484823 0.526628
v -0.393000 4.480286 0.541640
v -0.385982 4.475562 0.556094
v -0.377841 4.470797 0.569919
v -0.368619 4.466142 0.583045
v -0.358348 4.461746 0.595419
v -0.347039 4.457775 0.607000
v -0.334728 4.454407 0.617710
v -0.321455 4.451823 0.627468
v -0.307324 4.450194 0.636158
v -0.307465 4.985552 0.636079
v -0.321818 4.973263 0.627224
v -0.335423 4.961073 0.617152
v -0.348194 4.949037 0.605900
v -0.360048 4.937207 0.593506
v -0.370899 4.925636 0.580003
v -0.380649 4.914397 0.565434
v -0.389189 4.903585 0.549859
v -0.396408 4.893294 0.533338
v -0.402196 4.883620 0.515932
v -0.406428 4.874689 0.497720
v -0.408974 4.866682 0.478829
v -0.409708 4.859785 0.459390
v -0.408504 4.854208 0.439589
v -0.405284 4.850233 0.419717
v -0.400000 4.848138 0.400000
v -0.400000 4.500000 0.400000
v -0.403193 4.500000 0.410913
v -0.405760 4.500000 0.421991
v -0.400000 6.398660 -0.419244
v -0.400000 6.397256 -0.403135
v -0.400000 6.396786 -0.387620
v -0.431647 6.396786 -0.352037
v -0.460139 6.396786 -0.313881
v -0.485268 6.396786 -0.273430
v -0.506850 6.396786 -0.230981
v -0.524727 6.396786 -0.186844
v -0.538769 6.396786 -0.141341
v -0.548872 6.396786 -0.094806
v -0.554964 6.396786 -0.047577
v -0.557000 6.396786 -0.000000
v -0.554964 6.396786 0.047577
v -0.548872 6.396786 0.094806
v -0.538769 6.396786 0.141341
v -0.524727 6.396786 0.186844
v -0.506850 6.396786 0.230981
v -0.485268 6.396786 0.273430
v -0.460139 6.396786 0.313881
v -0.431647 6.396786 0.352037
v -0.400000 6.396786 0.387620
v -0.519568 6.397298 -0.232918
v -0.519568 6.397298 0.232918
v -0.360245 6.522097 0.605957
v -0.357137 6.498081 0.600730
v -0.405573 6.522097 0.576603
v -0.402074 6.498081 0.571628
v -0.396349 6.475394 0.563489
v -0.388554 6.454654 0.552406
v -0.448522 6.522097 0.543865
v -0.444652 6.498081 0.539173
v -0.438321 6.475394 0.531495
v -0.429700 6.454654 0.521041
v -0.419024 6.436427 0.508097
v -0.488838 6.522097 0.507935
v -0.484621 6.498081 0.503553
v -0.477720 6.475394 0.496383
v -0.468324 6.454654 0.486619
v -0.456689 6.436427 0.474530
v -0.443133 6.421211 0.460444
v -0.428024 6.409420 0.444745
v -0.411776 6.401376 0.427862
v -0.526286 6.522097 0.469024
v -0.521746 6.498081 0.464978
v -0.514316 6.475394 0.458357
v -0.504200 6.454654 0.449342
v -0.491674 6.436427 0.438178
v -0.477079 6.421211 0.425171
v -0.460813 6.409420 0.410675
v -0.443320 6.401376 0.395086
v -0.425078 6.397298 0.378828
v -0.560645 6.522097 0.427361
v -0.555808 6.498081 0.423674
v -0.547894 6.475394 0.417641
v -0.537118 6.454654 0.409427
v -0.523774 6.436427 0.399255
v -0.508226 6.421211 0.387404
v -0.490898 6.409420 0.374195
v -0.472263 6.401376 0.359990
v -0.452829 6.397298 0.345177
v -0.591714 6.522097 0.383190
v -0.586609 6.498081 0.379884
v -0.578257 6.475394 0.374475
v -0.566883 6.454654 0.367110
v -0.552800 6.436427 0.357989
v -0.536390 6.421211 0.347363
v -0.518102 6.409420 0.335519
v -0.498434 6.401376 0.322783
v -0.477924 6.397298 0.309500
v -0.619311 6.522097 0.336771
v -0.613968 6.498081 0.333865
v -0.605226 6.475394 0.329111
v -0.593322 6.454654 0.322638
v -0.578581 6.436427 0.314623
v -0.561406 6.421211 0.305283
v -0.542265 6.409420 0.294875
v -0.521681 6.401376 0.283681
v -0.500213 6.397298 0.272007
v -0.643273 6.522097 0.288375
v -0.637724 6.498081 0.285887
v -0.628643 6.475394 0.281816
v -0.616279 6.454654 0.276273
v -0.600968 6.436427 0.269409
v -0.583128 6.421211 0.261412
v -0.563247 6.409420 0.252499
v -0.541865 6.401376 0.242914
v -0.663461 6.522097 0.238286
v -0.657737 6.498081 0.236231
v -0.648371 6.475394 0.232867
v -0.635619 6.454654 0.228287
v -0.619828 6.436427 0.222615
v -0.601428 6.421211 0.216007
v -0.580923 6.409420 0.208642
v -0.558870 6.401376 0.200722
v -0.535873 6.397298 0.192462
v -0.679755 6.522097 0.186800
v -0.673890 6.498081 0.185188
v -0.664295 6.475394 0.182551
v -0.651229 6.454654 0.178961
v -0.635050 6.436427 0.174515
v -0.616199 6.421211 0.169334
v -0.595190 6.409420 0.163561
v -0.572596 6.401376 0.157352
v -0.549033 6.397298 0.150877
v -0.692059 6.522097 0.134217
v -0.686089 6.498081 0.133059
v -0.676320 6.475394 0.131164
v -0.663017 6.454654 0.128585
v -0.646545 6.436427 0.125390
v -0.627353 6.421211 0.121668
v -0.605964 6.409420 0.117520
v -0.582961 6.401376 0.113059
v -0.558972 6.397298 0.108406
v -0.700303 6.522097 0.080847
v -0.694261 6.498081 0.080149
v -0.684376 6.475394 0.079008
v -0.670915 6.454654 0.077454
v -0.654247 6.436427 0.075530
v -0.634826 6.421211 0.073288
v -0.613182 6.409420 0.070789
v -0.589905 6.401376 0.068102
v -0.565630 6.397298 0.065299
v -0.704437 6.522097 0.027002
v -0.698360 6.498081 0.026769
v -0.688416 6.475394 0.026388
v -0.674875 6.454654 0.025869
v -0.658109 6.436427 0.025226
v -0.638573 6.421211 0.024477
v -0.616801 6.409420 0.023643
v -0.593387 6.401376 0.022745
v -0.568969 6.397298 0.021809
v -0.704437 6.522097 -0.027002
v -0.698360 6.498081 -0.026769
v -0.688416 6.475394 -0.026388
v -0.674875 6.454654 -0.025869
v -0.658109 6.436427 -0.025226
v -0.638573 6.421211 -0.024477
v -0.616801 6.409420 -0.023643
v -0.593387 6.401376 -0.022745
v -0.568969 6.397298 -0.021809
v -0.700303 6.522097 -0.080847
v -0.694261 6.498081 -0.080149
v -0.684376 6.475394 -0.079008
v -0.670915 6.454654 -0.077454
v -0.654247 6.436427 -0.075530
v -0.634826 6.421211 -0.073288
v -0.613182 6.409420 -0.070789
v -0.589905 6.401376 -0.068102
v -0.565630 6.397298 -0.065299
v -0.692059 6.522097 -0.134217
v -0.686089 6.498081 -0.133059
v -0.676320 6.475394 -0.131164
v -0.663017 6.454654 -0.128585
v -0.646545 6.436427 -0.125390
v -0.627353 6.421211 -0.121668
v -0.605964 6.409420 -0.117520
v -0.582961 6.401376 -0.113059
v -0.558972 6.397298 -0.108406
v -0.679755 6.522097 -0.186800
v -0.673890 6.498081 -0.185188
v -0.664295 6.475394 -0.182551
v -0.651229 6.454654 -0.178961
v -0.635050 6.436427 -0.174515
v -0.616199 6.421211 -0.169334
v -0.595190 6.409420 -0.163561
v -0.572596 6.401376 -0.157352
v -0.549033 6.397298 -0.150877
v -0.663407 6.522097 -0.238436
v -0.657690 6.498081 -0.236361
v -0.648331 6.475394 -0.232979
v -0.635585 6.454654 -0.228379
v -0.619801 6.436427 -0.222689
v -0.601408 6.421211 -0.216063
v -0.580909 6.409420 -0.208681
v -0.558862 6.401376 -0.200744
v -0.535870 6.397298 -0.192469
v -0.643273 6.522097 -0.288375
v -0.637724 6.498081 -0.285887
v -0.628643 6.475394 -0.281816
v -0.616279 6.454654 -0.276273
v -0.600968 6.436427 -0.269409
v -0.583128 6.421211 -0.261412
v -0.563247 6.409420 -0.252499
v -0.541865 6.401376 -0.242914
v -0.619311 6.522097 -0.336771
v -0.613968 6.498081 -0.333865
v -0.605226 6.475394 -0.329111
v -0.593322 6.454654 -0.322638
v -0.578581 6.436427 -0.314623
v -0.561406 6.421211 -0.305283
v -0.542265 6.409420 -0.294875
v -0.521681 6.401376 -0.283681
v -0.500213 6.397298 -0.272007
v -0.591714 6.522097 -0.383190
v -0.586609 6.498081 -0.379884
v -0.578257 6.475394 -0.374475
v -0.566883 6.454654 -0.367110
v -0.552800 6.436427 -0.357989
v -0.536390 6.421211 -0.347363
v -0.518102 6.409420 -0.335519
v -0.498434 6.401376 -0.322783
v -0.477924 6.397298 -0.309500
v -0.560645 6.522097 -0.427361
v -0.555808 6.498081 -0.423674
v -0.547894 6.475394 -0.417641
v -0.537118 6.454654 -0.409427
v -0.523774 6.436427 -0.399255
v -0.508226 6.421211 -0.387404
v -0.490898 6.409420 -0.374195
v -0.472263 6.401376 -0.359990
v -0.452829 6.397298 -0.345177
v -0.526286 6.522097 -0.469024
v -0.521746 6.498081 -0.464978
v -0.514316 6.475394 -0.458357
v -0.504200 6.454654 -0.449342
v -0.491674 6.436427 -0.438178
v -0.477079 6.421211 -0.425171
v -0.460813 6.409420 -0.410675
v -0.443320 6.401376 -0.395086
v -0.425078 6.397298 -0.378828
v -0.488838 6.522097 -0.507935
v -0.484621 6.498081 -0.503553
v -0.477720 6.475394 -0.496383
v -0.468324 6.454654 -0.486619
v -0.456689 6.436427 -0.474530
v -0.443133 6.421211 -0.460444
v -0.428024 6.409420 -0.444745
v -0.411776 6.401376 -0.427862
v -0.448522 6.522097 -0.543865
v -0.444652 6.498081 -0.539173
v -0.438321 6.475394 -0.531495
v -0.429700 6.454654 -0.521041
v -0.419024 6.436427 -0.508097
v -0.406586 6.421211 -0.493014
v -0.405573 6.522097 -0.576603
v -0.402074 6.498081 -0.571628
v -0.396349 6.475394 -0.563489
v -0.388554 6.454654 -0.552406
v -0.360245 6.522097 -0.605957
v -0.357137 6.498081 -0.600730
v -0.312802 6.522097 -0.631756
v -0.327128 6.023408 -0.626767
v -0.372853 6.023408 -0.600691
v -0.416512 6.023408 -0.571285
v -0.457862 6.023408 -0.538713
v -0.496673 6.023408 -0.503154
v -0.532732 6.023408 -0.464807
v -0.565838 6.023408 -0.423883
v -0.595807 6.023408 -0.380609
v -0.622473 6.023408 -0.335225
v -0.645689 6.023408 -0.287984
v -0.665326 6.023408 -0.239145
v -0.681275 6.023408 -0.188982
v -0.693447 6.023408 -0.137770
v -0.701775 6.023408 -0.085795
v -0.706213 6.023408 -0.033344
v -0.706737 6.023408 0.019291
v -0.703343 6.023408 0.071820
v -0.696050 6.023408 0.123950
v -0.684899 6.023408 0.175393
v -0.669951 6.023408 0.225864
v -0.651290 6.023408 0.275084
v -0.629018 6.023408 0.322778
v -0.603259 6.023408 0.368683
v -0.574157 6.023408 0.412544
v -0.541872 6.023408 0.454119
v -0.506583 6.023408 0.493176
v -0.468486 6.023408 0.529499
v -0.427792 6.023408 0.562888
v -0.384727 6.023408 0.593156
v -0.339530 6.023408 0.620136
v -0.436497 6.100000 0.376119
v -0.466565 6.100000 0.338100
v -0.493332 6.100000 0.297689
v -0.516607 6.100000 0.255170
v -0.536227 6.100000 0.210846
v -0.552051 6.100000 0.165030
v -0.563968 6.100000 0.118045
v -0.571894 6.100000 0.070226
v -0.575773 6.100000 0.021909
v -0.575577 6.100000 -0.026563
v -0.571308 6.100000 -0.074846
v -0.562996 6.100000 -0.122600
v -0.550699 6.100000 -0.169487
v -0.534505 6.100000 -0.215174
v -0.514528 6.100000 -0.259338
v -0.490910 6.100000 -0.301667
v -0.463817 6.100000 -0.341860
v -0.433442 6.100000 -0.379635
v -0.400000 6.100000 -0.414723
v -0.400000 6.099417 -0.432797
v -0.572709 6.042132 0.392962
v -0.558874 6.060359 0.383469
v -0.542754 6.075575 0.372409
v -0.524788 6.087366 0.360082
v -0.505467 6.095410 0.346825
v -0.485318 6.099488 0.333000
v -0.424828 6.042132 -0.549487
v -0.414565 6.060359 -0.536213
v -0.402607 6.075575 -0.520747
v -0.382054 6.042132 -0.580043
v -0.465168 6.042132 -0.515785
v -0.453931 6.060359 -0.503325
v -0.440838 6.075575 -0.488807
v -0.426246 6.087366 -0.472627
v -0.410553 6.095410 -0.455226
v -0.502844 6.042132 -0.479127
v -0.490697 6.060359 -0.467553
v -0.476543 6.075575 -0.454067
v -0.460769 6.087366 -0.439037
v -0.443805 6.095410 -0.422873
v -0.426114 6.099488 -0.406017
v -0.537640 6.042132 -0.439726
v -0.524652 6.060359 -0.429103
v -0.509519 6.075575 -0.416726
v -0.492653 6.087366 -0.402932
v -0.474516 6.095410 -0.388098
v -0.455600 6.099488 -0.372627
v -0.569356 6.042132 -0.397805
v -0.555602 6.060359 -0.388195
v -0.539576 6.075575 -0.376998
v -0.521716 6.087366 -0.364519
v -0.502508 6.095410 -0.351099
v -0.482477 6.099488 -0.337104
v -0.597811 6.042132 -0.353606
v -0.583369 6.060359 -0.345064
v -0.566542 6.075575 -0.335111
v -0.547790 6.087366 -0.324019
v -0.527622 6.095410 -0.312089
v -0.506590 6.099488 -0.299649
v -0.622841 6.042132 -0.307382
v -0.607795 6.060359 -0.299956
v -0.590264 6.075575 -0.291304
v -0.570726 6.087366 -0.281662
v -0.549714 6.095410 -0.271292
v -0.527801 6.099488 -0.260478
v -0.644306 6.042132 -0.259394
v -0.628742 6.060359 -0.253125
v -0.610608 6.075575 -0.245821
v -0.590397 6.087366 -0.237682
v -0.568662 6.095410 -0.228929
v -0.545995 6.099488 -0.219801
v -0.662077 6.042132 -0.209926
v -0.646083 6.060359 -0.204855
v -0.627447 6.075575 -0.198946
v -0.606678 6.087366 -0.192361
v -0.584343 6.095410 -0.185279
v -0.561050 6.099488 -0.177893
v -0.676057 6.042132 -0.159253
v -0.659726 6.060359 -0.155406
v -0.640696 6.075575 -0.150923
v -0.619489 6.087366 -0.145927
v -0.596682 6.095410 -0.140555
v -0.572897 6.099488 -0.134952
v -0.686165 6.042132 -0.107667
v -0.669589 6.060359 -0.105066
v -0.650276 6.075575 -0.102036
v -0.628751 6.087366 -0.098658
v -0.605603 6.095410 -0.095026
v -0.581462 6.099488 -0.091238
v -0.692343 6.042132 -0.055465
v -0.675618 6.060359 -0.054125
v -0.656130 6.075575 -0.052564
v -0.634412 6.087366 -0.050824
v -0.611055 6.095410 -0.048953
v -0.586697 6.099488 -0.047002
v -0.694555 6.042132 -0.002945
v -0.677776 6.060359 -0.002874
v -0.658226 6.075575 -0.002791
v -0.636439 6.087366 -0.002699
v -0.613007 6.095410 -0.002599
v -0.588572 6.099488 -0.002496
v -0.692788 6.042132 0.049592
v -0.676052 6.060359 0.048394
v -0.656552 6.075575 0.046998
v -0.634820 6.087366 0.045442
v -0.611448 6.095410 0.043769
v -0.587075 6.099488 0.042024
v -0.687054 6.042132 0.101844
v -0.670456 6.060359 0.099384
v -0.651118 6.075575 0.096517
v -0.629565 6.087366 0.093323
v -0.606387 6.095410 0.089887
v -0.582215 6.099488 0.086304
v -0.677384 6.042132 0.153514
v -0.661020 6.060359 0.149805
v -0.641953 6.075575 0.145484
v -0.620704 6.087366 0.140668
v -0.597852 6.095410 0.135490
v -0.574021 6.099488 0.130089
v -0.663834 6.042132 0.204304
v -0.647797 6.060359 0.199368
v -0.629112 6.075575 0.193618
v -0.608288 6.087366 0.187209
v -0.585893 6.095410 0.180316
v -0.562538 6.099488 0.173129
v -0.646468 6.042132 0.253957
v -0.630837 6.060359 0.247859
v -0.612627 6.075575 0.240745
v -0.592335 6.087366 0.232810
v -0.570515 6.095410 0.224271
v -0.547760 6.099488 0.215363
v -0.625426 6.042132 0.302089
v -0.610317 6.060359 0.294791
v -0.592713 6.075575 0.286288
v -0.573094 6.087366 0.276812
v -0.551995 6.095410 0.266621
v -0.529991 6.099488 0.255993
v -0.600788 6.042132 0.348524
v -0.586275 6.060359 0.340104
v -0.569364 6.075575 0.330294
v -0.550518 6.087366 0.319361
v -0.530250 6.095410 0.307604
v -0.509113 6.099488 0.295342
v -0.541350 6.042132 0.435150
v -0.528272 6.060359 0.424638
v -0.513034 6.075575 0.412390
v -0.496053 6.087366 0.398739
v -0.477790 6.095410 0.384059
v -0.458744 6.099488 0.368750
v -0.506889 6.042132 0.474846
v -0.494644 6.060359 0.463375
v -0.480377 6.075575 0.450009
v -0.464476 6.087366 0.435113
v -0.447376 6.095410 0.419094
v -0.429542 6.099488 0.402388
v -0.469526 6.042132 0.511821
v -0.458183 6.060359 0.499457
v -0.444967 6.075575 0.485050
v -0.430239 6.087366 0.468995
v -0.414399 6.095410 0.451728
v -0.429473 6.042132 0.545865
v -0.419098 6.060359 0.532678
v -0.407009 6.075575 0.517314
v -0.386959 6.042132 0.576782
v -0.400000 5.875283 -0.419244
v -0.400000 5.873878 -0.403135
v -0.400000 5.873408 -0.387620
v -0.431647 5.873408 -0.352037
v -0.460139 5.873408 -0.313881
v -0.485268 5.873408 -0.273430
v -0.506850 5.873408 -0.230981
v -0.524727 5.873408 -0.186844
v -0.538769 5.873408 -0.141341
v -0.548872 5.873408 -0.094806
v -0.554964 5.873408 -0.047577
v -0.557000 5.873408 -0.000000
v -0.554964 5.873408 0.047577
v -0.548872 5.873408 0.094806
v -0.538769 5.873408 0.141341
v -0.524727 5.873408 0.186844
v -0.506850 5.873408 0.230981
v -0.485268 5.873408 0.273430
v -0.460139 5.873408 0.313881
v -0.431647 5.873408 0.352037
v -0.400000 5.873408 0.387620
v -0.519568 5.873920 -0.232918
v -0.519568 5.873920 0.232918
v -0.360245 5.998719 0.605957
v -0.357137 5.974703 0.600730
v -0.405573 5.998719 0.576603
v -0.402074 5.974703 0.571628
v -0.396349 5.952016 0.563489
v -0.388554 5.931276 0.552406
v -0.448522 5.998719 0.543865
v -0.444652 5.974703 0.539173
v -0.438321 5.952016 0.531495
v -0.429700 5.931276 0.521041
v -0.419024 5.913050 0.508097
v -0.488838 5.998719 0.507935
v -0.484621 5.974703 0.503553
v -0.477720 5.952016 0.496383
v -0.468324 5.931276 0.486619
v -0.456689 5.913050 0.474530
v -0.443133 5.897833 0.460444
v -0.428024 5.886042 0.444745
v -0.411776 5.877998 0.427862
v -0.526286 5.998719 0.469024
v -0.521746 5.974703 0.464978
v -0.514316 5.952016 0.458357
v -0.504200 5.931276 0.449342
v -0.491674 5.913050 0.438178
v -0.477079 5.897833 0.425171
v -0.460813 5.886042 0.410675
v -0.443320 5.877998 0.395086
v -0.425078 5.873920 0.378828
v -0.560645 5.998719 0.427361
v -0.555808 5.974703 0.423674
v -0.547894 5.952016 0.417641
v -0.537118 5.931276 0.409427
v -0.523774 5.913050 0.399255
v -0.508226 5.897833 0.387404
v -0.490898 5.886042 0.374195
v -0.472263 5.877998 0.359990
v -0.452829 5.873920 0.345177
v -0.591714 5.998719 0.383190
v -0.586609 5.974703 0.379884
v -0.578257 5.952016 0.374475
v -0.566883 5.931276 0.367110
v -0.552800 5.913050 0.357989
v -0.536390 5.897833 0.347363
v -0.518102 5.886042 0.335519
v -0.498434 5.877998 0.322783
v -0.477924 5.873920 0.309500
v -0.619311 5.998719 0.336771
v -0.613968 5.974703 0.333865
v -0.605226 5.952016 0.329111
v -0.593322 5.931276 0.322638
v -0.578581 5.913050 0.314623
v -0.561406 5.897833 0.305283
v -0.542265 5.886042 0.294875
v -0.521681 5.877998 0.283681
v -0.500213 5.873920 0.272007
v -0.643273 5.998719 0.288375
v -0.637724 5.974703 0.285887
v -0.628643 5.952016 0.281816
v -0.616279 5.931276 0.276273
v -0.600968 5.913050 0.269409
v -0.583128 5.897833 0.261412
v -0.563247 5.886042 0.252499
v -0.541865 5.877998 0.242914
v -0.663461 5.998719 0.238286
v -0.657737 5.974703 0.236231
v -0.648371 5.952016 0.232867
v -0.635619 5.931276 0.228287
v -0.619828 5.913050 0.222615
v -0.601428 5.897833 0.216007
v -0.580923 5.886042 0.208642
v -0.558870 5.877998 0.200722
v -0.535873 5.873920 0.192462
v -0.679755 5.998719 0.186800
v -0.673890 5.974703 0.185188
v -0.664295 5.952016 0.182551
v -0.651229 5.931276 0.178961
v -0.635050 5.913050 0.174515
v -0.616199 5.897833 0.169334
v -0.595190 5.886042 0.163561
v -0.572596 5.877998 0.157352
v -0.549033 5.873920 0.150877
v -0.692059 5.998719 0.134217
v -0.686089 5.974703 0.133059
v -0.676320 5.952016 0.131164
v -0.663017 5.931276 0.128585
v -0.646545 5.913050 0.125390
v -0.627353 5.897833 0.121668
v -0.605964 5.886042 0.117520
v -0.582961 5.877998 0.113059
v -0.558972 5.873920 0.108406
v -0.700303 5.998719 0.080847
v -0.694261 5.974703 0.080149
v -0.684376 5.952016 0.079008
v -0.670915 5.931276 0.077454
v -0.654247 5.913050 0.075530
v -0.634826 5.897833 0.073288
v -0.613182 5.886042 0.070789
v -0.589905 5.877998 0.068102
v -0.565630 5.873920 0.065299
v -0.704437 5.998719 0.027002
v -0.698360 5.974703 0.026769
v -0.688416 5.952016 0.026388
v -0.674875 5.931276 0.025869
v -0.658109 5.913050 0.025226
v -0.638573 5.897833 0.024477
v -0.616801 5.886042 0.023643
v -0.593387 5.877998 0.022745
v -0.568969 5.873920 0.021809
v -0.704437 5.998719 -0.027002
v -0.698360 5.974703 -0.026769
v -0.688416 5.952016 -0.026388
v -0.674875 5.931276 -0.025869
v -0.658109 5.913050 -0.025226
v -0.638573 5.897833 -0.024477
v -0.616801 5.886042 -0.023643
v -0.593387 5.877998 -0.022745
v -0.568969 5.873920 -0.021809
v -0.700303 5.998719 -0.080847
v -0.694261 5.974703 -0.080149
v -0.684376 5.952016 -0.079008
v -0.670915 5.931276 -0.077454
v -0.654247 5.913050 -0.075530
v -0.634826 5.897833 -0.073288
v -0.613182 5.886042 -0.070789
v -0.589905 5.877998 -0.068102
v -0.565630 5.873920 -0.065299
v -0.692059 5.998719 -0.134217
v -0.686089 5.974703 -0.133059
v -0.676320 5.952016 -0.131164
v -0.663017 5.931276 -0.128585
v -0.646545 5.913050 -0.125390
v -0.627353 5.897833 -0.121668
v -0.605964 5.886042 -0.117520
v -0.582961 5.877998 -0.113059
v -0.558972 5.873920 -0.108406
v -0.679755 5.998719 -0.186800
v -0.673890 5.974703 -0.185188
v -0.664295 5.952016 -0.182551
v -0.651229 5.931276 -0.178961
v -0.635050 5.913050 -0.174515
v -0.616199 5.897833 -0.169334
v -0.595190 5.886042 -0.163561
v -0.572596 5.877998 -0.157352
v -0.549033 5.873920 -0.150877
v -0.663407 5.998719 -0.238436
v -0.657690 5.974703 -0.236361
v -0.648331 5.952016 -0.232979
v -0.635585 5.931276 -0.228379
v -0.619801 5.913050 -0.222689
v -0.601408 5.897833 -0.216063
v -0.580909 5.886042 -0.208681
v -0.558862 5.877998 -0.200744
v -0.535870 5.873920 -0.192469
v -0.643273 5.998719 -0.288375
v -0.637724 5.974703 -0.285887
v -0.628643 5.952016 -0.281816
v -0.616279 5.931276 -0.276273
v -0.600968 5.913050 -0.269409
v -0.583128 5.897833 -0.261412
v -0.563247 5.886042 -0.252499
v -0.541865 5.877998 -0.242914
v -0.619311 5.998719 -0.336771
v -0.613968 5.974703 -0.333865
v -0.605226 5.952016 -0.329111
v -0.593322 5.931276 -0.322638
v -0.578581 5.913050 -0.314623
v -0.561406 5.897833 -0.305283
v -0.542265 5.886042 -0.294875
v -0.521681 5.877998 -0.283681
v -0.500213 5.873920 -0.272007
v -0.591714 5.998719 -0.383190
v -0.586609 5.974703 -0.379884
v -0.578257 5.952016 -0.374475
v -0.566883 5.931276 -0.367110
v -0.552800 5.913050 -0.357989
v -0.536390 5.897833 -0.347363
v -0.518102 5.886042 -0.335519
v -0.498434 5.877998 -0.322783
v -0.477924 5.873920 -0.309500
v -0.560645 5.998719 -0.427361
v -0.555808 5.974703 -0.423674
v -0.547894 5.952016 -0.417641
v -0.537118 5.931276 -0.409427
v -0.523774 5.913050 -0.399255
v -0.508226 5.897833 -0.387404
v -0.490898 5.886042 -0.374195
v -0.472263 5.877998 -0.359990
v -0.452829 5.873920 -0.345177
v -0.526286 5.998719 -0.469024
v -0.521746 5.974703 -0.464978
v -0.514316 5.952016 -0.458357
v -0.504200 5.931276 -0.449342
v -0.491674 5.913050 -0.438178
v -0.477079 5.897833 -0.425171
v -0.460813 5.886042 -0.410675
v -0.443320 5.877998 -0.395086
v -0.425078 5.873920 -0.378828
v -0.488838 5.998719 -0.507935
v -0.484621 5.974703 -0.503553
v -0.477720 5.952016 -0.496383
v -0.468324 5.931276 -0.486619
v -0.456689 5.913050 -0.474530
v -0.443133 5.897833 -0.460444
v -0.428024 5.886042 -0.444745
v -0.411776 5.877998 -0.427862
v -0.448522 5.998719 -0.543865
v -0.444652 5.974703 -0.539173
v -0.438321 5.952016 -0.531495
v -0.429700 5.931276 -0.521041
v -0.419024 5.913050 -0.508097
v -0.406586 5.897833 -0.493014
v -0.405573 5.998719 -0.576603
v -0.402074 5.974703 -0.571628
v -0.396349 5.952016 -0.563489
v -0.388554 5.931276 -0.552406
v -0.360245 5.998719 -0.605957
v -0.357137 5.974703 -0.600730
v -0.312802 5.998719 -0.631756
v -0.327128 5.484329 -0.626767
v -0.372853 5.484329 -0.600691
v -0.416512 5.484329 -0.571285
v -0.457862 5.484329 -0.538713
v -0.496673 5.484329 -0.503154
v -0.532732 5.484329 -0.464807
v -0.565838 5.484329 -0.423883
v -0.595807 5.484329 -0.380609
v -0.622473 5.484329 -0.335225
v -0.645689 5.484329 -0.287984
v -0.665326 5.484329 -0.239145
v -0.681275 5.484329 -0.188982
v -0.693447 5.484329 -0.137770
v -0.701775 5.484329 -0.085795
v -0.706213 5.484329 -0.033344
v -0.706737 5.484329 0.019291
v -0.703343 5.484329 0.071820
v -0.696050 5.484329 0.123950
v -0.684899 5.484329 0.175393
v -0.669951 5.484329 0.225864
v -0.651290 5.484329 0.275084
v -0.629018 5.484329 0.322778
v -0.603259 5.484329 0.368683
v -0.574157 5.484329 0.412544
v -0.541872 5.484329 0.454119
v -0.506583 5.484329 0.493176
v -0.468486 5.484329 0.529499
v -0.427792 5.484329 0.562888
v -0.384727 5.484329 0.593156
v -0.339530 5.484329 0.620136
v -0.400000 5.600000 0.393319
v -0.430795 5.600000 0.359326
v -0.458711 5.600000 0.322931
v -0.483560 5.600000 0.284376
v -0.505176 5.600000 0.243921
v -0.523414 5.600000 0.201835
v -0.538154 5.600000 0.158399
v -0.549295 5.600000 0.113905
v -0.556765 5.600000 0.068649
v -0.560512 5.600000 0.022934
v -0.560512 5.600000 -0.022934
v -0.556765 5.600000 -0.068649
v -0.549295 5.600000 -0.113905
v -0.538154 5.600000 -0.158399
v -0.523414 5.600000 -0.201835
v -0.505176 5.600000 -0.243921
v -0.483560 5.600000 -0.284376
v -0.458711 5.600000 -0.322931
v -0.430795 5.600000 -0.359326
v -0.400000 5.600000 -0.393319
v -0.400000 5.598554 -0.422059
v -0.579547 5.498705 0.397654
v -0.571341 5.521392 0.392024
v -0.560168 5.542132 0.384358
v -0.546333 5.560359 0.374865
v -0.530213 5.575575 0.363804
v -0.512248 5.587366 0.351477
v -0.492927 5.595410 0.338220
v -0.472778 5.599488 0.324395
v -0.534256 5.599488 0.208138
v -0.375164 5.498705 -0.594353
v -0.369852 5.521392 -0.585938
v -0.328566 5.498705 -0.621327
v -0.419561 5.498705 -0.563890
v -0.413620 5.521392 -0.555906
v -0.405532 5.542132 -0.545035
v -0.395516 5.560359 -0.531574
v -0.461495 5.498705 -0.530119
v -0.454961 5.521392 -0.522613
v -0.446064 5.542132 -0.512393
v -0.435047 5.560359 -0.499738
v -0.422210 5.575575 -0.484992
v -0.407904 5.587366 -0.468559
v -0.500721 5.498705 -0.493236
v -0.493631 5.521392 -0.486253
v -0.483978 5.542132 -0.476744
v -0.472025 5.560359 -0.464969
v -0.458097 5.575575 -0.451249
v -0.442575 5.587366 -0.435960
v -0.425882 5.595410 -0.419516
v -0.408474 5.599488 -0.402368
v -0.537009 5.498705 -0.453459
v -0.529405 5.521392 -0.447039
v -0.519053 5.542132 -0.438297
v -0.506233 5.560359 -0.427471
v -0.491296 5.575575 -0.414858
v -0.474649 5.587366 -0.400802
v -0.456746 5.595410 -0.385684
v -0.438076 5.599488 -0.369919
v -0.570145 5.498705 -0.411021
v -0.562072 5.521392 -0.405201
v -0.551081 5.542132 -0.397278
v -0.537470 5.560359 -0.387465
v -0.521611 5.575575 -0.376033
v -0.503937 5.587366 -0.363291
v -0.484930 5.595410 -0.349589
v -0.465108 5.599488 -0.335299
v -0.599935 5.498705 -0.366171
v -0.591441 5.521392 -0.360986
v -0.579875 5.542132 -0.353927
v -0.565553 5.560359 -0.345186
v -0.548866 5.575575 -0.335000
v -0.530268 5.587366 -0.323649
v -0.510268 5.595410 -0.311442
v -0.489410 5.599488 -0.298712
v -0.626205 5.498705 -0.319172
v -0.617339 5.521392 -0.314653
v -0.605267 5.542132 -0.308499
v -0.590317 5.560359 -0.300880
v -0.572899 5.575575 -0.292002
v -0.553488 5.587366 -0.282108
v -0.532611 5.595410 -0.271468
v -0.510840 5.599488 -0.260371
v -0.648800 5.498705 -0.270300
v -0.639614 5.521392 -0.266473
v -0.627106 5.542132 -0.261262
v -0.611618 5.560359 -0.254809
v -0.593571 5.575575 -0.247290
v -0.573459 5.587366 -0.238911
v -0.551829 5.595410 -0.229900
v -0.529273 5.599488 -0.220503
v -0.667588 5.498705 -0.219841
v -0.658135 5.521392 -0.216729
v -0.645265 5.542132 -0.212491
v -0.629328 5.560359 -0.207242
v -0.610759 5.575575 -0.201127
v -0.590065 5.587366 -0.194313
v -0.567809 5.595410 -0.186984
v -0.544599 5.599488 -0.179340
v -0.682457 5.498705 -0.168093
v -0.672795 5.521392 -0.165713
v -0.659638 5.542132 -0.162472
v -0.643346 5.560359 -0.158460
v -0.624363 5.575575 -0.153784
v -0.603208 5.587366 -0.148573
v -0.580456 5.595410 -0.142970
v -0.556729 5.599488 -0.137125
v -0.693322 5.498705 -0.115358
v -0.683506 5.521392 -0.113725
v -0.670140 5.542132 -0.111501
v -0.653588 5.560359 -0.108747
v -0.634303 5.575575 -0.105538
v -0.612811 5.587366 -0.101962
v -0.589697 5.595410 -0.098117
v -0.565593 5.599488 -0.094106
v -0.700119 5.498705 -0.061946
v -0.690206 5.521392 -0.061069
v -0.676709 5.542132 -0.059875
v -0.659995 5.560359 -0.058396
v -0.640521 5.575575 -0.056673
v -0.618818 5.587366 -0.054753
v -0.595478 5.595410 -0.052688
v -0.571137 5.599488 -0.050534
v -0.702806 5.498705 -0.008171
v -0.692855 5.521392 -0.008055
v -0.679306 5.542132 -0.007898
v -0.662529 5.560359 -0.007703
v -0.642980 5.575575 -0.007476
v -0.621193 5.587366 -0.007222
v -0.597764 5.595410 -0.006950
v -0.573329 5.599488 -0.006666
v -0.701370 5.498705 0.045652
v -0.691439 5.521392 0.045006
v -0.677918 5.542132 0.044126
v -0.661174 5.560359 0.043036
v -0.641666 5.575575 0.041766
v -0.619924 5.587366 0.040351
v -0.596542 5.595410 0.038829
v -0.572157 5.599488 0.037242
v -0.695817 5.498705 0.099208
v -0.685965 5.521392 0.097803
v -0.672551 5.542132 0.095890
v -0.655940 5.560359 0.093522
v -0.636586 5.575575 0.090763
v -0.615016 5.587366 0.087687
v -0.591819 5.595410 0.084380
v -0.567628 5.599488 0.080931
v -0.686181 5.498705 0.152181
v -0.676466 5.521392 0.150026
v -0.663237 5.542132 0.147092
v -0.646856 5.560359 0.143459
v -0.627770 5.575575 0.139226
v -0.606499 5.587366 0.134509
v -0.583623 5.595410 0.129436
v -0.559767 5.599488 0.124145
v -0.672518 5.498705 0.204261
v -0.662996 5.521392 0.201369
v -0.650031 5.542132 0.197431
v -0.633977 5.560359 0.192555
v -0.615270 5.575575 0.186873
v -0.594423 5.587366 0.180541
v -0.572003 5.595410 0.173732
v -0.548621 5.599488 0.166630
v -0.654909 5.498705 0.255142
v -0.645636 5.521392 0.251530
v -0.633011 5.542132 0.246611
v -0.617376 5.560359 0.240520
v -0.599160 5.575575 0.233423
v -0.578858 5.587366 0.225514
v -0.557025 5.595410 0.217008
v -0.633456 5.498705 0.304526
v -0.624487 5.521392 0.300215
v -0.612275 5.542132 0.294344
v -0.597153 5.560359 0.287074
v -0.579534 5.575575 0.278604
v -0.559897 5.587366 0.269164
v -0.538779 5.595410 0.259011
v -0.516756 5.599488 0.248424
v -0.608286 5.498705 0.352123
v -0.599674 5.521392 0.347138
v -0.587947 5.542132 0.340349
v -0.573426 5.560359 0.331943
v -0.556506 5.575575 0.322149
v -0.537650 5.587366 0.311233
v -0.517371 5.595410 0.299495
v -0.496223 5.599488 0.287252
v -0.547406 5.498705 0.440851
v -0.539656 5.521392 0.434609
v -0.529102 5.542132 0.426110
v -0.516034 5.560359 0.415586
v -0.500808 5.575575 0.403324
v -0.483839 5.587366 0.389658
v -0.465590 5.595410 0.374961
v -0.446558 5.599488 0.359634
v -0.512053 5.498705 0.481461
v -0.504803 5.521392 0.474644
v -0.494932 5.542132 0.465362
v -0.482708 5.560359 0.453869
v -0.468465 5.575575 0.440477
v -0.452591 5.587366 0.425552
v -0.435521 5.595410 0.409501
v -0.417718 5.599488 0.392762
v -0.473695 5.498705 0.519246
v -0.466988 5.521392 0.511894
v -0.457856 5.542132 0.501884
v -0.446548 5.560359 0.489488
v -0.433372 5.575575 0.475045
v -0.418688 5.587366 0.458949
v -0.432557 5.498705 0.553983
v -0.426433 5.521392 0.546140
v -0.418094 5.542132 0.535460
v -0.407768 5.560359 0.522235
v -0.388881 5.498705 0.585470
v -0.383375 5.521392 0.577180
v -0.342923 5.498705 0.613520
v -0.400000 5.336204 -0.419244
v -0.400000 5.334799 -0.403135
v -0.400000 5.334329 -0.387620
v -0.431647 5.334329 -0.352037
v -0.460139 5.334329 -0.313881
v -0.485268 5.334329 -0.273430
v -0.506850 5.334329 -0.230981
v -0.524727 5.334329 -0.186844
v -0.538769 5.334329 -0.141341
v -0.548872 5.334329 -0.094806
v -0.554964 5.334329 -0.047577
v -0.557000 5.334329 -0.000000
v -0.554964 5.334329 0.047577
v -0.548872 5.334329 0.094806
v -0.538769 5.334329 0.141341
v -0.524727 5.334329 0.186844
v -0.506850 5.334329 0.230981
v -0.485268 5.334329 0.273430
v -0.460139 5.334329 0.313881
v -0.431647 5.334329 0.352037
v -0.400000 5.334329 0.387620
v -0.519568 5.334842 -0.232918
v -0.519568 5.334842 0.232918
v -0.360245 5.459640 0.605957
v -0.357137 5.435625 0.600730
v -0.405573 5.459640 0.576603
v -0.402074 5.435625 0.571628
v -0.396349 5.412937 0.563489
v -0.388554 5.392198 0.552406
v -0.448522 5.459640 0.543865
v -0.444652 5.435625 0.539173
v -0.438321 5.412937 0.531495
v -0.429700 5.392198 0.521041
v -0.419024 5.373971 0.508097
v -0.488838 5.459640 0.507935
v -0.484621 5.435625 0.503553
v -0.477720 5.412937 0.496383
v -0.468324 5.392198 0.486619
v -0.456689 5.373971 0.474530
v -0.443133 5.358754 0.460444
v -0.428024 5.346963 0.444745
v -0.411776 5.338919 0.427862
v -0.526286 5.459640 0.469024
v -0.521746 5.435625 0.464978
v -0.514316 5.412937 0.458357
v -0.504200 5.392198 0.449342
v -0.491674 5.373971 0.438178
v -0.477079 5.358754 0.425171
v -0.460813 5.346963 0.410675
v -0.443320 5.338919 0.395086
v -0.425078 5.334842 0.378828
v -0.560645 5.459640 0.427361
v -0.555808 5.435625 0.423674
v -0.547894 5.412937 0.417641
v -0.537118 5.392198 0.409427
v -0.523774 5.373971 0.399255
v -0.508226 5.358754 0.387404
v -0.490898 5.346963 0.374195
v -0.472263 5.338919 0.359990
v -0.452829 5.334842 0.345177
v -0.591714 5.459640 0.383190
v -0.586609 5.435625 0.379884
v -0.578257 5.412937 0.374475
v -0.566883 5.392198 0.367110
v -0.552800 5.373971 0.357989
v -0.536390 5.358754 0.347363
v -0.518102 5.346963 0.335519
v -0.498434 5.338919 0.322783
v -0.477924 5.334842 0.309500
v -0.619311 5.459640 0.336771
v -0.613968 5.435625 0.333865
v -0.605226 5.412937 0.329111
v -0.593322 5.392198 0.322638
v -0.578581 5.373971 0.314623
v -0.561406 5.358754 0.305283
v -0.542265 5.346963 0.294875
v -0.521681 5.338919 0.283681
v -0.500213 5.334842 0.272007
v -0.643273 5.459640 0.288375
v -0.637724 5.435625 0.285887
v -0.628643 5.412937 0.281816
v -0.616279 5.392198 0.276273
v -0.600968 5.373971 0.269409
v -0.583128 5.358754 0.261412
v -0.563247 5.346963 0.252499
v -0.541865 5.338919 0.242914
v -0.663461 5.459640 0.238286
v -0.657737 5.435625 0.236231
v -0.648371 5.412937 0.232867
v -0.635619 5.392198 0.228287
v -0.619828 5.373971 0.222615
v -0.601428 5.358754 0.216007
v -0.580923 5.346963 0.208642
v -0.558870 5.338919 0.200722
v -0.535873 5.334842 0.192462
v -0.679755 5.459640 0.186800
v -0.673890 5.435625 0.185188
v -0.664295 5.412937 0.182551
v -0.651229 5.392198 0.178961
v -0.635050 5.373971 0.174515
v -0.616199 5.358754 0.169334
v -0.595190 5.346963 0.163561
v -0.572596 5.338919 0.157352
v -0.549033 5.334842 0.150877
v -0.692059 5.459640 0.134217
v -0.686089 5.435625 0.133059
v -0.676320 5.412937 0.131164
v -0.663017 5.392198 0.128585
v -0.646545 5.373971 0.125390
v -0.627353 5.358754 0.121668
v -0.605964 5.346963 0.117520
v -0.582961 5.338919 0.113059
v -0.558972 5.334842 0.108406
v -0.700303 5.459640 0.080847
v -0.694261 5.435625 0.080149
v -0.684376 5.412937 0.079008
v -0.670915 5.392198 0.077454
v -0.654247 5.373971 0.075530
v -0.634826 5.358754 0.073288
v -0.613182 5.346963 0.070789
v -0.589905 5.338919 0.068102
v -0.565630 5.334842 0.065299
v -0.704437 5.459640 0.027002
v -0.698360 5.435625 0.026769
v -0.688416 5.412937 0.026388
v -0.674875 5.392198 0.025869
v -0.658109 5.373971 0.025226
v -0.638573 5.358754 0.024477
v -0.616801 5.346963 0.023643
v -0.593387 5.338919 0.022745
v -0.568969 5.334842 0.021809
v -0.704437 5.459640 -0.027002
v -0.698360 5.435625 -0.026769
v -0.688416 5.412937 -0.026388
v -0.674875 5.392198 -0.025869
v -0.658109 5.373971 -0.025226
v -0.638573 5.358754 -0.024477
v -0.616801 5.346963 -0.023643
v -0.593387 5.338919 -0.022745
v -0.568969 5.334842 -0.021809
v -0.700303 5.459640 -0.080847
v -0.694261 5.435625 -0.080149
v -0.684376 5.412937 -0.079008
v -0.670915 5.392198 -0.077454
v -0.654247 5.373971 -0.075530
v -0.634826 5.358754 -0.073288
v -0.613182 5.346963 -0.070789
v -0.589905 5.338919 -0.068102
v -0.565630 5.334842 -0.065299
v -0.692059 5.459640 -0.134217
v -0.686089 5.435625 -0.133059
v -0.676320 5.412937 -0.131164
v -0.663017 5.392198 -0.128585
v -0.646545 5.373971 -0.125390
v -0.627353 5.358754 -0.121668
v -0.605964 5.346963 -0.117520
v -0.582961 5.338919 -0.113059
v -0.558972 5.334842 -0.108406
v -0.679755 5.459640 -0.186800
v -0.673890 5.435625 -0.185188
v -0.664295 5.412937 -0.182551
v -0.651229 5.392198 -0.178961
v -0.635050 5.373971 -0.174515
v -0.616199 5.358754 -0.169334
v -0.595190 5.346963 -0.163561
v -0.572596 5.338919 -0.157352
v -0.549033 5.334842 -0.150877
v -0.663407 5.459640 -0.238436
v -0.657690 5.435625 -0.236361
v -0.648331 5.412937 -0.232979
v -0.635585 5.392198 -0.228379
v -0.619801 5.373971 -0.222689
v -0.601408 5.358754 -0.216063
v -0.580909 5.346963 -0.208681
v -0.558862 5.338919 -0.200744
v -0.535870 5.334842 -0.192469
v -0.643273 5.459640 -0.288375
v -0.637724 5.435625 -0.285887
v -0.628643 5.412937 -0.281816
v -0.616279 5.392198 -0.276273
v -0.600968 5.373971 -0.269409
v -0.583128 5.358754 -0.261412
v -0.563247 5.346963 -0.252499
v -0.541865 5.338919 -0.242914
v -0.619311 5.459640 -0.336771
v -0.613968 5.435625 -0.333865
v -0.605226 5.412937 -0.329111
v -0.593322 5.392198 -0.322638
v -0.578581 5.373971 -0.314623
v -0.561406 5.358754 -0.305283
v -0.542265 5.346963 -0.294875
v -0.521681 5.338919 -0.283681
v -0.500213 5.334842 -0.272007
v -0.591714 5.459640 -0.383190
v -0.586609 5.435625 -0.379884
v -0.578257 5.412937 -0.374475
v -0.566883 5.392198 -0.367110
v -0.552800 5.373971 -0.357989
v -0.536390 5.358754 -0.347363
v -0.518102 5.346963 -0.335519
v -0.498434 5.338919 -0.322783
v -0.477924 5.334842 -0.309500
v -0.560645 5.459640 -0.427361
v -0.555808 5.435625 -0.423674
v -0.547894 5.412937 -0.417641
v -0.537118 5.392198 -0.409427
v -0.523774 5.373971 -0.399255
v -0.508226 5.358754 -0.387404
v -0.490898 5.346963 -0.374195
v -0.472263 5.338919 -0.359990
v -0.452829 5.334842 -0.345177
v -0.526286 5.459640 -0.469024
v -0.521746 5.435625 -0.464978
v -0.514316 5.412937 -0.458357
v -0.504200 5.392198 -0.449342
v -0.491674 5.373971 -0.438178
v -0.477079 5.358754 -0.425171
v -0.460813 5.346963 -0.410675
v -0.443320 5.338919 -0.395086
v -0.425078 5.334842 -0.378828
v -0.488838 5.459640 -0.507935
v -0.484621 5.435625 -0.503553
v -0.477720 5.412937 -0.496383
v -0.468324 5.392198 -0.486619
v -0.456689 5.373971 -0.474530
v -0.443133 5.358754 -0.460444
v -0.428024 5.346963 -0.444745
v -0.411776 5.338919 -0.427862
v -0.448522 5.459640 -0.543865
v -0.444652 5.435625 -0.539173
v -0.438321 5.412937 -0.531495
v -0.429700 5.392198 -0.521041
v -0.419024 5.373971 -0.508097
v -0.406586 5.358754 -0.493014
v -0.405573 5.459640 -0.576603
v -0.402074 5.435625 -0.571628
v -0.396349 5.412937 -0.563489
v -0.388554 5.392198 -0.552406
v -0.360245 5.459640 -0.605957
v -0.357137 5.435625 -0.600730
v -0.312802 5.459640 -0.631756
v -0.327128 4.997887 -0.626767
v -0.372853 4.997887 -0.600691
v -0.416512 4.997887 -0.571285
v -0.457862 4.997887 -0.538713
v -0.496673 4.997887 -0.503154
v -0.532732 4.997887 -0.464807
v -0.565838 4.997887 -0.423883
v -0.595807 4.997887 -0.380609
v -0.622473 4.997887 -0.335225
v -0.645689 4.997887 -0.287984
v -0.665326 4.997887 -0.239145
v -0.681275 4.997887 -0.188982
v -0.693447 4.997887 -0.137770
v -0.701775 4.997887 -0.085795
v -0.706213 4.997887 -0.033344
v -0.706737 4.997887 0.019291
v -0.703343 4.997887 0.071820
v -0.696050 4.997887 0.123950
v -0.684899 4.997887 0.175393
v -0.669951 4.997887 0.225864
v -0.651290 4.997887 0.275084
v -0.629018 4.997887 0.322778
v -0.603259 4.997887 0.368683
v -0.574157 4.997887 0.412544
v -0.541872 4.997887 0.454119
v -0.506583 4.997887 0.493176
v -0.468486 4.997887 0.529499
v -0.427792 4.997887 0.562888
v -0.384727 4.997887 0.593156
v -0.339530 4.997887 0.620136
v -0.442503 5.046472 0.399972
v -0.474020 5.046472 0.362066
v -0.502299 5.046472 0.321687
v -0.527147 5.046472 0.279110
v -0.548395 5.046472 0.234627
v -0.565897 5.046472 0.188542
v -0.579533 5.046472 0.141168
v -0.589211 5.046472 0.092831
v -0.594864 5.046472 0.043859
v -0.596454 5.046472 -0.005412
v -0.593970 5.046472 -0.054647
v -0.587429 5.046472 -0.103508
v -0.576876 5.046472 -0.151662
v -0.562382 5.046472 -0.198780
v -0.544047 5.046472 -0.244540
v -0.521995 5.046472 -0.288631
v -0.496379 5.046472 -0.330749
v -0.467372 5.046472 -0.370608
v -0.435172 5.046472 -0.407936
v -0.400000 5.046472 -0.442478
v -0.575603 5.006830 0.394948
v -0.559483 5.022047 0.383887
v -0.541517 5.033838 0.371560
v -0.522197 5.041882 0.358304
v -0.502048 5.045959 0.344478
v -0.607025 5.045959 0.047303
v -0.350829 5.006830 -0.603508
v -0.394948 5.006830 -0.575603
v -0.383887 5.022047 -0.559483
v -0.436859 5.006830 -0.544479
v -0.424624 5.022047 -0.529231
v -0.410989 5.033838 -0.512236
v -0.476326 5.006830 -0.510310
v -0.462986 5.022047 -0.496018
v -0.448119 5.033838 -0.480091
v -0.432131 5.041882 -0.462962
v -0.415457 5.045959 -0.445098
v -0.513130 5.006830 -0.473287
v -0.498759 5.022047 -0.460033
v -0.482744 5.033838 -0.445260
v -0.465520 5.041882 -0.429374
v -0.447558 5.045959 -0.412807
v -0.547055 5.006830 -0.433629
v -0.531717 5.022047 -0.421507
v -0.514626 5.033838 -0.407993
v -0.496248 5.041882 -0.393457
v -0.477085 5.045959 -0.378295
v -0.577938 5.006830 -0.391523
v -0.561753 5.022047 -0.380558
v -0.543714 5.033838 -0.368338
v -0.524315 5.041882 -0.355196
v -0.504085 5.045959 -0.341491
v -0.605581 5.006830 -0.347239
v -0.588621 5.022047 -0.337514
v -0.569720 5.033838 -0.326676
v -0.549393 5.041882 -0.315021
v -0.528195 5.045959 -0.302866
v -0.629837 5.006830 -0.301013
v -0.612198 5.022047 -0.292583
v -0.592539 5.033838 -0.283188
v -0.571398 5.041882 -0.273084
v -0.549351 5.045959 -0.262547
v -0.650570 5.006830 -0.253103
v -0.632351 5.022047 -0.246015
v -0.612045 5.033838 -0.238115
v -0.590208 5.041882 -0.229620
v -0.567435 5.045959 -0.220760
v -0.667666 5.006830 -0.203778
v -0.648967 5.022047 -0.198071
v -0.628128 5.033838 -0.191711
v -0.605717 5.041882 -0.184871
v -0.582346 5.045959 -0.177738
v -0.681027 5.006830 -0.153314
v -0.661954 5.022047 -0.149020
v -0.640698 5.033838 -0.144235
v -0.617839 5.041882 -0.139089
v -0.594000 5.045959 -0.133722
v -0.690580 5.006830 -0.101992
v -0.671240 5.022047 -0.099136
v -0.649686 5.033838 -0.095952
v -0.626506 5.041882 -0.092529
v -0.602332 5.045959 -0.088959
v -0.696271 5.006830 -0.050100
v -0.676771 5.022047 -0.048697
v -0.655039 5.033838 -0.047133
v -0.631668 5.041882 -0.045451
v -0.607296 5.045959 -0.043698
v -0.698068 5.006830 0.002073
v -0.678518 5.022047 0.002015
v -0.656730 5.033838 0.001950
v -0.633299 5.041882 0.001880
v -0.608863 5.045959 0.001808
v -0.695961 5.006830 0.054234
v -0.676470 5.022047 0.052715
v -0.654748 5.033838 0.051022
v -0.631387 5.041882 0.049202
v -0.689962 5.006830 0.106091
v -0.670639 5.022047 0.103120
v -0.649104 5.033838 0.099809
v -0.625945 5.041882 0.096248
v -0.601793 5.045959 0.092534
v -0.680105 5.006830 0.157355
v -0.661058 5.022047 0.152949
v -0.639831 5.033838 0.148037
v -0.617002 5.041882 0.142755
v -0.593195 5.045959 0.137247
v -0.666444 5.006830 0.207740
v -0.647779 5.022047 0.201922
v -0.626979 5.033838 0.195438
v -0.604609 5.041882 0.188465
v -0.581280 5.045959 0.181193
v -0.649056 5.006830 0.256962
v -0.630878 5.022047 0.249766
v -0.610620 5.033838 0.241746
v -0.588834 5.041882 0.233120
v -0.566114 5.045959 0.224125
v -0.628038 5.006830 0.304748
v -0.610449 5.022047 0.296213
v -0.590847 5.033838 0.286701
v -0.569767 5.041882 0.276472
v -0.547782 5.045959 0.265805
v -0.603508 5.006830 0.350829
v -0.586606 5.022047 0.341004
v -0.567770 5.033838 0.330054
v -0.547513 5.041882 0.318278
v -0.526387 5.045959 0.305997
v -0.544479 5.006830 0.436859
v -0.529231 5.022047 0.424624
v -0.512236 5.033838 0.410989
v -0.493960 5.041882 0.396325
v -0.474901 5.045959 0.381033
v -0.510310 5.006830 0.476326
v -0.496018 5.022047 0.462986
v -0.480091 5.033838 0.448119
v -0.462962 5.041882 0.432131
v -0.445098 5.045959 0.415457
v -0.473287 5.006830 0.513130
v -0.460033 5.022047 0.498759
v -0.445260 5.033838 0.482744
v -0.429374 5.041882 0.465520
v -0.412807 5.045959 0.447558
v -0.433618 5.006830 0.547064
v -0.421474 5.022047 0.531743
v -0.407940 5.033838 0.514668
v -0.391523 5.006830 0.577938
v -0.400000 4.849761 -0.419244
v -0.400000 4.848357 -0.403135
v -0.400000 4.847887 -0.387620
v -0.431647 4.847887 -0.352037
v -0.460139 4.847887 -0.313881
v -0.485268 4.847887 -0.273430
v -0.506850 4.847887 -0.230981
v -0.524727 4.847887 -0.186844
v -0.538769 4.847887 -0.141341
v -0.548872 4.847887 -0.094806
v -0.554964 4.847887 -0.047577
v -0.557000 4.847887 -0.000000
v -0.554964 4.847887 0.047577
v -0.548872 4.847887 0.094806
v -0.538769 4.847887 0.141341
v -0.524727 4.847887 0.186844
v -0.506850 4.847887 0.230981
v -0.485268 4.847887 0.273430
v -0.460139 4.847887 0.313881
v -0.431647 4.847887 0.352037
v -0.400000 4.847887 0.387620
v -0.519568 4.848399 -0.232918
v -0.519568 4.848399 0.232918
v -0.360245 4.973197 0.605957
v -0.357137 4.949182 0.600730
v -0.405573 4.973197 0.576603
v -0.402074 4.949182 0.571628
v -0.396349 4.926495 0.563489
v -0.388554 4.905755 0.552406
v -0.448522 4.973197 0.543865
v -0.444652 4.949182 0.539173
v -0.438321 4.926495 0.531495
v -0.429700 4.905755 0.521041
v -0.419024 4.887528 0.508097
v -0.488838 4.973197 0.507935
v -0.484621 4.949182 0.503553
v -0.477720 4.926495 0.496383
v -0.468324 4.905755 0.486619
v -0.456689 4.887528 0.474530
v -0.443133 4.872312 0.460444
v -0.428024 4.860521 0.444745
v -0.411776 4.852477 0.427862
v -0.526286 4.973197 0.469024
v -0.521746 4.949182 0.464978
v -0.514316 4.926495 0.458357
v -0.504200 4.905755 0.449342
v -0.491674 4.887528 0.438178
v -0.477079 4.872312 0.425171
v -0.460813 4.860521 0.410675
v -0.443320 4.852477 0.395086
v -0.425078 4.848399 0.378828
v -0.560645 4.973197 0.427361
v -0.555808 4.949182 0.423674
v -0.547894 4.926495 0.417641
v -0.537118 4.905755 0.409427
v -0.523774 4.887528 0.399255
v -0.508226 4.872312 0.387404
v -0.490898 4.860521 0.374195
v -0.472263 4.852477 0.359990
v -0.452829 4.848399 0.345177
v -0.591714 4.973197 0.383190
v -0.586609 4.949182 0.379884
v -0.578257 4.926495 0.374475
v -0.566883 4.905755 0.367110
v -0.552800 4.887528 0.357989
v -0.536390 4.872312 0.347363
v -0.518102 4.860521 0.335519
v -0.498434 4.852477 0.322783
v -0.477924 4.848399 0.309500
v -0.619311 4.973197 0.336771
v -0.613968 4.949182 0.333865
v -0.605226 4.926495 0.329111
v -0.593322 4.905755 0.322638
v -0.578581 4.887528 0.314623
v -0.561406 4.872312 0.305283
v -0.542265 4.860521 0.294875
v -0.521681 4.852477 0.283681
v -0.500213 4.848399 0.272007
v -0.643273 4.973197 0.288375
v -0.637724 4.949182 0.285887
v -0.628643 4.926495 0.281816
v -0.616279 4.905755 0.276273
v -0.600968 4.887528 0.269409
v -0.583128 4.872312 0.261412
v -0.563247 4.860521 0.252499
v -0.541865 4.852477 0.242914
v -0.663461 4.973197 0.238286
v -0.657737 4.949182 0.236231
v -0.648371 4.926495 0.232867
v -0.635619 4.905755 0.228287
v -0.619828 4.887528 0.222615
v -0.601428 4.872312 0.216007
v -0.580923 4.860521 0.208642
v -0.558870 4.852477 0.200722
v -0.535873 4.848399 0.192462
v -0.679755 4.973197 0.186800
v -0.673890 4.949182 0.185188
v -0.664295 4.926495 0.182551
v -0.651229 4.905755 0.178961
v -0.635050 4.887528 0.174515
v -0.616199 4.872312 0.169334
v -0.595190 4.860521 0.163561
v -0.572596 4.852477 0.157352
v -0.549033 4.848399 0.150877
v -0.692059 4.973197 0.134217
v -0.686089 4.949182 0.133059
v -0.676320 4.926495 0.131164
v -0.663017 4.905755 0.128585
v -0.646545 4.887528 0.125390
v -0.627353 4.872312 0.121668
v -0.605964 4.860521 0.117520
v -0.582961 4.852477 0.113059
v -0.558972 4.848399 0.108406
v -0.700303 4.973197 0.080847
v -0.694261 4.949182 0.080149
v -0.684376 4.926495 0.079008
v -0.670915 4.905755 0.077454
v -0.654247 4.887528 0.075530
v -0.634826 4.872312 0.073288
v -0.613182 4.860521 0.070789
v -0.589905 4.852477 0.068102
v -0.565630 4.848399 0.065299
v -0.704437 4.973197 0.027002
v -0.698360 4.949182 0.026769
v -0.688416 4.926495 0.026388
v -0.674875 4.905755 0.025869
v -0.658109 4.887528 0.025226
v -0.638573 4.872312 0.024477
v -0.616801 4.860521 0.023643
v -0.593387 4.852477 0.022745
v -0.568969 4.848399 0.021809
v -0.704437 4.973197 -0.027002
v -0.698360 4.949182 -0.026769
v -0.688416 4.926495 -0.026388
v -0.674875 4.905755 -0.025869
v -0.658109 4.887528 -0.025226
v -0.638573 4.872312 -0.024477
v -0.616801 4.860521 -0.023643
v -0.593387 4.852477 -0.022745
v -0.568969 4.848399 -0.021809
v -0.700303 4.973197 -0.080847
v -0.694261 4.949182 -0.080149
v -0.684376 4.926495 -0.079008
v -0.670915 4.905755 -0.077454
v -0.654247 4.887528 -0.075530
v -0.634826 4.872312 -0.073288
v -0.613182 4.860521 -0.070789
v -0.589905 4.852477 -0.068102
v -0.565630 4.848399 -0.065299
v -0.692059 4.973197 -0.134217
v -0.686089 4.949182 -0.133059
v -0.676320 4.926495 -0.131164
v -0.663017 4.905755 -0.128585
v -0.646545 4.887528 -0.125390
v -0.627353 4.872312 -0.121668
v -0.605964 4.860521 -0.117520
v -0.582961 4.852477 -0.113059
v -0.558972 4.848399 -0.108406
v -0.679755 4.973197 -0.186800
v -0.673890 4.949182 -0.185188
v -0.664295 4.926495 -0.182551
v -0.651229 4.905755 -0.178961
v -0.635050 4.887528 -0.174515
v -0.616199 4.872312 -0.169334
v -0.595190 4.860521 -0.163561
v -0.572596 4.852477 -0.157352
v -0.549033 4.848399 -0.150877
v -0.663407 4.973197 -0.238436
v -0.657690 4.949182 -0.236361
v -0.648331 4.926495 -0.232979
v -0.635585 4.905755 -0.228379
v -0.619801 4.887528 -0.222689
v -0.601408 4.872312 -0.216063
v -0.580909 4.860521 -0.208681
v -0.558862 4.852477 -0.200744
v -0.535870 4.848399 -0.192469
v -0.643273 4.973197 -0.288375
v -0.637724 4.949182 -0.285887
v -0.628643 4.926495 -0.281816
v -0.616279 4.905755 -0.276273
v -0.600968 4.887528 -0.269409
v -0.583128 4.872312 -0.261412
v -0.563247 4.860521 -0.252499
v -0.541865 4.852477 -0.242914
v -0.619311 4.973197 -0.336771
v -0.613968 4.949182 -0.333865
v -0.605226 4.926495 -0.329111
v -0.593322 4.905755 -0.322638
v -0.578581 4.887528 -0.314623
v -0.561406 4.872312 -0.305283
v -0.542265 4.860521 -0.294875
v -0.521681 4.852477 -0.283681
v -0.500213 4.848399 -0.272007
v -0.591714 4.973197 -0.383190
v -0.586609 4.949182 -0.379884
v -0.578257 4.926495 -0.374475
v -0.566883 4.905755 -0.367110
v -0.552800 4.887528 -0.357989
v -0.536390 4.872312 -0.347363
v -0.518102 4.860521 -0.335519
v -0.498434 4.852477 -0.322783
v -0.477924 4.848399 -0.309500
v -0.560645 4.973197 -0.427361
v -0.555808 4.949182 -0.423674
v -0.547894 4.926495 -0.417641
v -0.537118 4.905755 -0.409427
v -0.523774 4.887528 -0.399255
v -0.508226 4.872312 -0.387404
v -0.490898 4.860521 -0.374195
v -0.472263 4.852477 -0.359990
v -0.452829 4.848399 -0.345177
v -0.526286 4.973197 -0.469024
v -0.521746 4.949182 -0.464978
v -0.514316 4.926495 -0.458357
v -0.504200 4.905755 -0.449342
v -0.491674 4.887528 -0.438178
v -0.477079 4.872312 -0.425171
v -0.460813 4.860521 -0.410675
v -0.443320 4.852477 -0.395086
v -0.425078 4.848399 -0.378828
v -0.488838 4.973197 -0.507935
v -0.484621 4.949182 -0.503553
v -0.477720 4.926495 -0.496383
v -0.468324 4.905755 -0.486619
v -0.456689 4.887528 -0.474530
v -0.443133 4.872312 -0.460444
v -0.428024 4.860521 -0.444745
v -0.411776 4.852477 -0.427862
v -0.448522 4.973197 -0.543865
v -0.444652 4.949182 -0.539173
v -0.438321 4.926495 -0.531495
v -0.429700 4.905755 -0.521041
v -0.419024 4.887528 -0.508097
v -0.406586 4.872312 -0.493014
v -0.405573 4.973197 -0.576603
v -0.402074 4.949182 -0.571628
v -0.396349 4.926495 -0.563489
v -0.388554 4.905755 -0.552406
v -0.360245 4.973197 -0.605957
v -0.357137 4.949182 -0.600730
v -0.312802 4.973197 -0.631756
v -0.327128 4.449636 -0.626767
v -0.372853 4.449636 -0.600691
v -0.416512 4.449636 -0.571285
v -0.457862 4.449636 -0.538713
v -0.496673 4.449636 -0.503154
v -0.532732 4.449636 -0.464807
v -0.565838 4.449636 -0.423883
v -0.595807 4.449636 -0.380609
v -0.622473 4.449636 -0.335225
v -0.645689 4.449636 -0.287984
v -0.665326 4.449636 -0.239145
v -0.681275 4.449636 -0.188982
v -0.693447 4.449636 -0.137770
v -0.701775 4.449636 -0.085795
v -0.706213 4.449636 -0.033344
v -0.706737 4.449636 0.019291
v -0.703343 4.449636 0.071820
v -0.696050 4.449636 0.123950
v -0.684899 4.449636 0.175393
v -0.669951 4.449636 0.225864
v -0.651290 4.449636 0.275084
v -0.629018 4.449636 0.322778
v -0.603259 4.449636 0.368683
v -0.574157 4.449636 0.412544
v -0.541872 4.449636 0.454119
v -0.506583 4.449636 0.493176
v -0.468486 4.449636 0.529499
v -0.427792 4.449636 0.562888
v -0.384727 4.449636 0.593156
v -0.339530 4.449636 0.620136
v -0.441986 4.500000 0.398147
v -0.473276 4.500000 0.360393
v -0.501350 4.500000 0.320190
v -0.526017 4.500000 0.277811
v -0.547110 4.500000 0.233545
v -0.564486 4.500000 0.187693
v -0.578027 4.500000 0.140564
v -0.587640 4.500000 0.092481
v -0.593260 4.500000 0.043770
v -0.594849 4.500000 -0.005239
v -0.592397 4.500000 -0.054213
v -0.585919 4.500000 -0.102818
v -0.575461 4.500000 -0.150724
v -0.561092 4.500000 -0.197607
v -0.542911 4.500000 -0.243146
v -0.521042 4.500000 -0.287034
v -0.495632 4.500000 -0.328971
v -0.466854 4.500000 -0.368674
v -0.434905 4.500000 -0.405871
v -0.400000 4.500000 -0.440310
v -0.574279 4.460359 0.394039
v -0.558158 4.475575 0.382979
v -0.540193 4.487366 0.370652
v -0.520872 4.495410 0.357395
v -0.500723 4.499488 0.343570
v -0.605424 4.499488 0.047178
v -0.446377 4.499488 -0.411718
v -0.350022 4.460359 -0.602119
v -0.394039 4.460359 -0.574279
v -0.382979 4.475575 -0.558158
v -0.435853 4.460359 -0.543226
v -0.423619 4.475575 -0.527978
v -0.409984 4.487366 -0.510984
v -0.475230 4.460359 -0.509136
v -0.461890 4.475575 -0.494844
v -0.447023 4.487366 -0.478917
v -0.431035 4.495410 -0.461787
v -0.414361 4.499488 -0.443924
v -0.511949 4.460359 -0.472198
v -0.497578 4.475575 -0.458943
v -0.481563 4.487366 -0.444171
v -0.464339 4.495410 -0.428285
v -0.545805 4.460359 -0.432620
v -0.530484 4.475575 -0.420476
v -0.513409 4.487366 -0.406942
v -0.495046 4.495410 -0.392387
v -0.475896 4.499488 -0.377209
v -0.576608 4.460359 -0.390622
v -0.560423 4.475575 -0.379657
v -0.542384 4.487366 -0.367437
v -0.522985 4.495410 -0.354295
v -0.502755 4.499488 -0.340590
v -0.604187 4.460359 -0.346440
v -0.587228 4.475575 -0.336715
v -0.568326 4.487366 -0.325877
v -0.547999 4.495410 -0.314222
v -0.526801 4.499488 -0.302067
v -0.628387 4.460359 -0.300320
v -0.610748 4.475575 -0.291890
v -0.591090 4.487366 -0.282495
v -0.569949 4.495410 -0.272391
v -0.547902 4.499488 -0.261854
v -0.649073 4.460359 -0.252521
v -0.630853 4.475575 -0.245433
v -0.610548 4.487366 -0.237533
v -0.588711 4.495410 -0.229037
v -0.565938 4.499488 -0.220177
v -0.666129 4.460359 -0.203310
v -0.647431 4.475575 -0.197603
v -0.626592 4.487366 -0.191242
v -0.604181 4.495410 -0.184402
v -0.580809 4.499488 -0.177269
v -0.679460 4.460359 -0.152961
v -0.660387 4.475575 -0.148667
v -0.639131 4.487366 -0.143882
v -0.616272 4.495410 -0.138736
v -0.592433 4.499488 -0.133369
v -0.688991 4.460359 -0.101757
v -0.669651 4.475575 -0.098901
v -0.648096 4.487366 -0.095718
v -0.624916 4.495410 -0.092294
v -0.600743 4.499488 -0.088724
v -0.694669 4.460359 -0.049984
v -0.675169 4.475575 -0.048581
v -0.653437 4.487366 -0.047018
v -0.630066 4.495410 -0.045336
v -0.605693 4.499488 -0.043582
v -0.696461 4.460359 0.002068
v -0.676912 4.475575 0.002010
v -0.655124 4.487366 0.001945
v -0.631692 4.495410 0.001876
v -0.607257 4.499488 0.001803
v -0.694359 4.460359 0.054109
v -0.674869 4.475575 0.052590
v -0.653147 4.487366 0.050897
v -0.629786 4.495410 0.049077
v -0.688374 4.460359 0.105847
v -0.669051 4.475575 0.102876
v -0.647517 4.487366 0.099565
v -0.624357 4.495410 0.096004
v -0.600205 4.499488 0.092290
v -0.678540 4.460359 0.156993
v -0.659493 4.475575 0.152587
v -0.638266 4.487366 0.147675
v -0.615437 4.495410 0.142393
v -0.591630 4.499488 0.136885
v -0.664910 4.460359 0.207262
v -0.646246 4.475575 0.201444
v -0.625445 4.487366 0.194960
v -0.603075 4.495410 0.187987
v -0.579746 4.499488 0.180715
v -0.647562 4.460359 0.256371
v -0.629385 4.475575 0.249175
v -0.609127 4.487366 0.241154
v -0.587341 4.495410 0.232529
v -0.564620 4.499488 0.223534
v -0.626593 4.460359 0.304046
v -0.609004 4.475575 0.295512
v -0.589402 4.487366 0.286000
v -0.568321 4.495410 0.275771
v -0.546337 4.499488 0.265103
v -0.602119 4.460359 0.350022
v -0.585218 4.475575 0.340196
v -0.566381 4.487366 0.329246
v -0.546124 4.495410 0.317471
v -0.524998 4.499488 0.305190
v -0.543226 4.460359 0.435853
v -0.527978 4.475575 0.423619
v -0.510984 4.487366 0.409984
v -0.492708 4.495410 0.395320
v -0.473648 4.499488 0.380028
v -0.509136 4.460359 0.475230
v -0.494844 4.475575 0.461890
v -0.478917 4.487366 0.447023
v -0.461787 4.495410 0.431035
v -0.443924 4.499488 0.414361
v -0.472198 4.460359 0.511949
v -0.458943 4.475575 0.497578
v -0.444171 4.487366 0.481563
v -0.428285 4.495410 0.464339
v -0.411718 4.499488 0.446377
v -0.432620 4.460359 0.545805
v -0.420476 4.475575 0.530484
v -0.406942 4.487366 0.513409
v -0.390622 4.460359 0.576608
v -0.400000 4.301511 -0.419244
v -0.400000 4.300106 -0.403135
v -0.400000 4.299636 -0.387620
v -0.431647 4.299636 -0.352037
v -0.460139 4.299636 -0.313881
v -0.485268 4.299636 -0.273430
v -0.506850 4.299636 -0.230981
v -0.524727 4.299636 -0.186844
v -0.538769 4.299636 -0.141341
v -0.548872 4.299636 -0.094806
v -0.554964 4.299636 -0.047577
v -0.557000 4.299636 -0.000000
v -0.554964 4.299636 0.047577
v -0.548872 4.299636 0.094806
v -0.538769 4.299636 0.141341
v -0.524727 4.299636 0.186844
v -0.506850 4.299636 0.230981
v -0.485268 4.299636 0.273430
v -0.460139 4.299636 0.313881
v -0.431647 4.299636 0.352037
v -0.400000 4.299636 0.387620
v -0.519568 4.300148 -0.232918
v -0.519568 4.300148 0.232918
v -0.360245 4.424947 0.605957
v -0.357137 4.400931 0.600730
v -0.405573 4.424947 0.576603
v -0.402074 4.400931 0.571628
v -0.396349 4.378244 0.563489
v -0.388554 4.357504 0.552406
v -0.448522 4.424947 0.543865
v -0.444652 4.400931 0.539173
v -0.438321 4.378244 0.531495
v -0.429700 4.357504 0.521041
v -0.419024 4.339278 0.508097
v -0.488838 4.424947 0.507935
v -0.484621 4.400931 0.503553
v -0.477720 4.378244 0.496383
v -0.468324 4.357504 0.486619
v -0.456689 4.339278 0.474530
v -0.443133 4.324061 0.460444
v -0.428024 4.312270 0.444745
v -0.411776 4.304226 0.427862
v -0.526286 4.424947 0.469024
v -0.521746 4.400931 0.464978
v -0.514316 4.378244 0.458357
v -0.504200 4.357504 0.449342
v -0.491674 4.339278 0.438178
v -0.477079 4.324061 0.425171
v -0.460813 4.312270 0.410675
v -0.443320 4.304226 0.395086
v -0.425078 4.300148 0.378828
v -0.560645 4.424947 0.427361
v -0.555808 4.400931 0.423674
v -0.547894 4.378244 0.417641
v -0.537118 4.357504 0.409427
v -0.523774 4.339278 0.399255
v -0.508226 4.324061 0.387404
v -0.490898 4.312270 0.374195
v -0.472263 4.304226 0.359990
v -0.452829 4.300148 0.345177
v -0.591714 4.424947 0.383190
v -0.586609 4.400931 0.379884
v -0.578257 4.378244 0.374475
v -0.566883 4.357504 0.367110
v -0.552800 4.339278 0.357989
v -0.536390 4.324061 0.347363
v -0.518102 4.312270 0.335519
v -0.498434 4.304226 0.322783
v -0.477924 4.300148 0.309500
v -0.619311 4.424947 0.336771
v -0.613968 4.400931 0.333865
v -0.605226 4.378244 0.329111
v -0.593322 4.357504 0.322638
v -0.578581 4.339278 0.314623
v -0.561406 4.324061 0.305283
v -0.542265 4.312270 0.294875
v -0.521681 4.304226 0.283681
v -0.500213 4.300148 0.272007
v -0.643273 4.424947 0.288375
v -0.637724 4.400931 0.285887
v -0.628643 4.378244 0.281816
v -0.616279 4.357504 0.276273
v -0.600968 4.339278 0.269409
v -0.583128 4.324061 0.261412
v -0.563247 4.312270 0.252499
v -0.541865 4.304226 0.242914
v -0.663461 4.424947 0.238286
v -0.657737 4.400931 0.236231
v -0.648371 4.378244 0.232867
v -0.635619 4.357504 0.228287
v -0.619828 4.339278 0.222615
v -0.601428 4.324061 0.216007
v -0.580923 4.312270 0.208642
v -0.558870 4.304226 0.200722
v -0.535873 4.300148 0.192462
v -0.679755 4.424947 0.186800
v -0.673890 4.400931 0.185188
v -0.664295 4.378244 0.182551
v -0.651229 4.357504 0.178961
v -0.635050 4.339278 0.174515
v -0.616199 4.324061 0.169334
v -0.595190 4.312270 0.163561
v -0.572596 4.304226 0.157352
v -0.549033 4.300148 0.150877
v -0.692059 4.424947 0.134217
v -0.686089 4.400931 0.133059
v -0.676320 4.378244 0.131164
v -0.663017 4.357504 0.128585
v -0.646545 4.339278 0.125390
v -0.627353 4.324061 0.121668
v -0.605964 4.312270 0.117520
v -0.582961 4.304226 0.113059
v -0.558972 4.300148 0.108406
v -0.700303 4.424947 0.080847
v -0.694261 4.400931 0.080149
v -0.684376 4.378244 0.079008
v -0.670915 4.357504 0.077454
v -0.654247 4.339278 0.075530
v -0.634826 4.324061 0.073288
v -0.613182 4.312270 0.070789
v -0.589905 4.304226 0.068102
v -0.565630 4.300148 0.065299
v -0.704437 4.424947 0.027002
v -0.698360 4.400931 0.026769
v -0.688416 4.378244 0.026388
v -0.674875 4.357504 0.025869
v -0.658109 4.339278 0.025226
v -0.638573 4.324061 0.024477
v -0.616801 4.312270 0.023643
v -0.593387 4.304226 0.022745
v -0.568969 4.300148 0.021809
v -0.704437 4.424947 -0.027002
v -0.698360 4.400931 -0.026769
v -0.688416 4.378244 -0.026388
v -0.674875 4.357504 -0.025869
v -0.658109 4.339278 -0.025226
v -0.638573 4.324061 -0.024477
v -0.616801 4.312270 -0.023643
v -0.593387 4.304226 -0.022745
v -0.568969 4.300148 -0.021809
v -0.700303 4.424947 -0.080847
v -0.694261 4.400931 -0.080149
v -0.684376 4.378244 -0.079008
v -0.670915 4.357504 -0.077454
v -0.654247 4.339278 -0.075530
v -0.634826 4.324061 -0.073288
v -0.613182 4.312270 -0.070789
v -0.589905 4.304226 -0.068102
v -0.565630 4.300148 -0.065299
v -0.692059 4.424947 -0.134217
v -0.686089 4.400931 -0.133059
v -0.676320 4.378244 -0.131164
v -0.663017 4.357504 -0.128585
v -0.646545 4.339278 -0.125390
v -0.627353 4.324061 -0.121668
v -0.605964 4.312270 -0.117520
v -0.582961 4.304226 -0.113059
v -0.558972 4.300148 -0.108406
v -0.679755 4.424947 -0.186800
v -0.673890 4.400931 -0.185188
v -0.664295 4.378244 -0.182551
v -0.651229 4.357504 -0.178961
v -0.635050 4.339278 -0.174515
v -0.616199 4.324061 -0.169334
v -0.595190 4.312270 -0.163561
v -0.572596 4.304226 -0.157352
v -0.549033 4.300148 -0.150877
v -0.663407 4.424947 -0.238436
v -0.657690 4.400931 -0.236361
v -0.648331 4.378244 -0.232979
v -0.635585 4.357504 -0.228379
v -0.619801 4.339278 -0.222689
v -0.601408 4.324061 -0.216063
v -0.580909 4.312270 -0.208681
v -0.558862 4.304226 -0.200744
v -0.535870 4.300148 -0.192469
v -0.643273 4.424947 -0.288375
v -0.637724 4.400931 -0.285887
v -0.628643 4.378244 -0.281816
v -0.616279 4.357504 -0.276273
v -0.600968 4.339278 -0.269409
v -0.583128 4.324061 -0.261412
v -0.563247 4.312270 -0.252499
v -0.541865 4.304226 -0.242914
v -0.619311 4.424947 -0.336771
v -0.613968 4.400931 -0.333865
v -0.605226 4.378244 -0.329111
v -0.593322 4.357504 -0.322638
v -0.578581 4.339278 -0.314623
v -0.561406 4.324061 -0.305283
v -0.542265 4.312270 -0.294875
v -0.521681 4.304226 -0.283681
v -0.500213 4.300148 -0.272007
v -0.591714 4.424947 -0.383190
v -0.586609 4.400931 -0.379884
v -0.578257 4.378244 -0.374475
v -0.566883 4.357504 -0.367110
v -0.552800 4.339278 -0.357989
v -0.536390 4.324061 -0.347363
v -0.518102 4.312270 -0.335519
v -0.498434 4.304226 -0.322783
v -0.477924 4.300148 -0.309500
v -0.560645 4.424947 -0.427361
v -0.555808 4.400931 -0.423674
v -0.547894 4.378244 -0.417641
v -0.537118 4.357504 -0.409427
v -0.523774 4.339278 -0.399255
v -0.508226 4.324061 -0.387404
v -0.490898 4.312270 -0.374195
v -0.472263 4.304226 -0.359990
v -0.452829 4.300148 -0.345177
v -0.526286 4.424947 -0.469024
v -0.521746 4.400931 -0.464978
v -0.514316 4.378244 -0.458357
v -0.504200 4.357504 -0.449342
v -0.491674 4.339278 -0.438178
v -0.477079 4.324061 -0.425171
v -0.460813 4.312270 -0.410675
v -0.443320 4.304226 -0.395086
v -0.425078 4.300148 -0.378828
v -0.488838 4.424947 -0.507935
v -0.484621 4.400931 -0.503553
v -0.477720 4.378244 -0.496383
v -0.468324 4.357504 -0.486619
v -0.456689 4.339278 -0.474530
v -0.443133 4.324061 -0.460444
v -0.428024 4.312270 -0.444745
v -0.411776 4.304226 -0.427862
v -0.448522 4.424947 -0.543865
v -0.444652 4.400931 -0.539173
v -0.438321 4.378244 -0.531495
v -0.429700 4.357504 -0.521041
v -0.419024 4.339278 -0.508097
v -0.406586 4.324061 -0.493014
v -0.405573 4.424947 -0.576603
v -0.402074 4.400931 -0.571628
v -0.396349 4.378244 -0.563489
v -0.388554 4.357504 -0.552406
v -0.360245 4.424947 -0.605957
v -0.357137 4.400931 -0.600730
v -0.312802 4.424947 -0.631756
v -0.327128 3.773711 -0.626767
v -0.372853 3.773711 -0.600691
v -0.416512 3.773711 -0.571285
v -0.457862 3.773711 -0.538713
v -0.496673 3.773711 -0.503154
v -0.532732 3.773711 -0.464807
v -0.565838 3.773711 -0.423883
v -0.595807 3.773711 -0.380609
v -0.622473 3.773711 -0.335225
v -0.645689 3.773711 -0.287984
v -0.665326 3.773711 -0.239145
v -0.681275 3.773711 -0.188982
v -0.693447 3.773711 -0.137770
v -0.701775 3.773711 -0.085795
v -0.706213 3.773711 -0.033344
v -0.706737 3.773711 0.019291
v -0.703343 3.773711 0.071820
v -0.696050 3.773711 0.123950
v -0.684899 3.773711 0.175393
v -0.669951 3.773711 0.225864
v -0.651290 3.773711 0.275084
v -0.629018 3.773711 0.322778
v -0.603259 3.773711 0.368683
v -0.574157 3.773711 0.412544
v -0.541872 3.773711 0.454119
v -0.506583 3.773711 0.493176
v -0.468486 3.773711 0.529499
v -0.427792 3.773711 0.562888
v -0.384727 3.773711 0.593156
v -0.339530 3.773711 0.620136
v -0.400000 3.900000 0.390325
v -0.432015 3.900000 0.354565
v -0.460844 3.900000 0.316190
v -0.486274 3.900000 0.275484
v -0.508117 3.900000 0.232745
v -0.526213 3.900000 0.188290
v -0.540428 3.900000 0.142446
v -0.550657 3.900000 0.095552
v -0.556825 3.900000 0.047953
v -0.558886 3.900000 -0.000000
v -0.556825 3.900000 -0.047953
v -0.550657 3.900000 -0.095552
v -0.540428 3.900000 -0.142446
v -0.526213 3.900000 -0.188290
v -0.508117 3.900000 -0.232745
v -0.486274 3.900000 -0.275484
v -0.460844 3.900000 -0.316190
v -0.432015 3.900000 -0.354565
v -0.400000 3.900000 -0.390325
v -0.400000 3.898400 -0.420591
v -0.582834 3.774689 0.399910
v -0.577819 3.798705 0.396469
v -0.569614 3.821392 0.390838
v -0.558441 3.842132 0.383172
v -0.544605 3.860359 0.373679
v -0.528485 3.875575 0.362618
v -0.510520 3.887366 0.350291
v -0.491199 3.895410 0.337035
v -0.471050 3.899488 0.323209
v -0.563526 3.899488 -0.093762
v -0.330438 3.774689 -0.624847
v -0.377292 3.774689 -0.597724
v -0.374046 3.798705 -0.592581
v -0.368734 3.821392 -0.584166
v -0.421940 3.774689 -0.567088
v -0.418310 3.798705 -0.562209
v -0.412369 3.821392 -0.554225
v -0.404281 3.842132 -0.543354
v -0.394265 3.860359 -0.529893
v -0.464112 3.774689 -0.533125
v -0.460119 3.798705 -0.528538
v -0.453585 3.821392 -0.521033
v -0.444688 3.842132 -0.510813
v -0.433671 3.860359 -0.498157
v -0.420834 3.875575 -0.483412
v -0.406528 3.887366 -0.466979
v -0.503561 3.774689 -0.496034
v -0.499228 3.798705 -0.491766
v -0.492139 3.821392 -0.484782
v -0.482486 3.842132 -0.475273
v -0.470532 3.860359 -0.463499
v -0.456604 3.875575 -0.449779
v -0.441083 3.887366 -0.434489
v -0.424390 3.895410 -0.418046
v -0.406981 3.899488 -0.400898
v -0.540054 3.774689 -0.456031
v -0.535408 3.798705 -0.452107
v -0.527804 3.821392 -0.445687
v -0.517452 3.842132 -0.436945
v -0.504632 3.860359 -0.426120
v -0.489695 3.875575 -0.413507
v -0.473048 3.887366 -0.399450
v -0.455145 3.895410 -0.384332
v -0.436475 3.899488 -0.368567
v -0.573379 3.774689 -0.413352
v -0.568445 3.798705 -0.409796
v -0.560373 3.821392 -0.403976
v -0.549381 3.842132 -0.396052
v -0.535770 3.860359 -0.386240
v -0.519912 3.875575 -0.374808
v -0.502238 3.887366 -0.362066
v -0.483230 3.895410 -0.348364
v -0.463408 3.899488 -0.334074
v -0.603338 3.774689 -0.368248
v -0.598147 3.798705 -0.365079
v -0.589653 3.821392 -0.359895
v -0.578087 3.842132 -0.352835
v -0.563765 3.860359 -0.344094
v -0.547077 3.875575 -0.333909
v -0.528480 3.887366 -0.322558
v -0.508479 3.895410 -0.310351
v -0.487622 3.899488 -0.297620
v -0.629757 3.774689 -0.320982
v -0.624338 3.798705 -0.318220
v -0.615472 3.821392 -0.313701
v -0.603400 3.842132 -0.307548
v -0.588451 3.860359 -0.299929
v -0.571033 3.875575 -0.291051
v -0.551621 3.887366 -0.281157
v -0.530745 3.895410 -0.270516
v -0.508973 3.899488 -0.259420
v -0.652480 3.774689 -0.271833
v -0.646866 3.798705 -0.269494
v -0.637680 3.821392 -0.265667
v -0.625172 3.842132 -0.260456
v -0.609683 3.860359 -0.254003
v -0.591637 3.875575 -0.246485
v -0.571525 3.887366 -0.238106
v -0.549895 3.895410 -0.229094
v -0.527338 3.899488 -0.219697
v -0.671374 3.774689 -0.221088
v -0.665597 3.798705 -0.219186
v -0.656145 3.821392 -0.216073
v -0.643275 3.842132 -0.211835
v -0.627338 3.860359 -0.206587
v -0.608769 3.875575 -0.200472
v -0.588074 3.887366 -0.193657
v -0.565819 3.895410 -0.186328
v -0.542609 3.899488 -0.178685
v -0.686328 3.774689 -0.169046
v -0.680423 3.798705 -0.167592
v -0.670760 3.821392 -0.165212
v -0.657603 3.842132 -0.161971
v -0.641311 3.860359 -0.157959
v -0.622329 3.875575 -0.153283
v -0.601173 3.887366 -0.148072
v -0.578422 3.895410 -0.142468
v -0.554695 3.899488 -0.136624
v -0.697255 3.774689 -0.116012
v -0.691255 3.798705 -0.115014
v -0.681439 3.821392 -0.113381
v -0.668073 3.842132 -0.111157
v -0.651521 3.860359 -0.108403
v -0.632236 3.875575 -0.105194
v -0.610744 3.887366 -0.101618
v -0.587630 3.895410 -0.097773
v -0.704089 3.774689 -0.062298
v -0.698031 3.798705 -0.061762
v -0.688119 3.821392 -0.060885
v -0.674621 3.842132 -0.059690
v -0.657908 3.860359 -0.058212
v -0.638434 3.875575 -0.056489
v -0.616731 3.887366 -0.054568
v -0.593390 3.895410 -0.052503
v -0.569050 3.899488 -0.050349
v -0.706792 3.774689 -0.008217
v -0.700711 3.798705 -0.008147
v -0.690760 3.821392 -0.008031
v -0.677211 3.842132 -0.007874
v -0.660433 3.860359 -0.007678
v -0.640885 3.875575 -0.007451
v -0.619098 3.887366 -0.007198
v -0.595668 3.895410 -0.006925
v -0.571234 3.899488 -0.006641
v -0.705347 3.774689 0.045911
v -0.699279 3.798705 0.045516
v -0.689348 3.821392 0.044870
v -0.675827 3.842132 0.043990
v -0.659083 3.860359 0.042900
v -0.639575 3.875575 0.041630
v -0.617833 3.887366 0.040215
v -0.594451 3.895410 0.038693
v -0.570066 3.899488 0.037106
v -0.699763 3.774689 0.099770
v -0.693743 3.798705 0.098912
v -0.683891 3.821392 0.097507
v -0.670476 3.842132 0.095595
v -0.653866 3.860359 0.093226
v -0.634511 3.875575 0.090467
v -0.612942 3.887366 0.087391
v -0.589745 3.895410 0.084084
v -0.565553 3.899488 0.080635
v -0.690073 3.774689 0.153044
v -0.684135 3.798705 0.151727
v -0.674420 3.821392 0.149572
v -0.661191 3.842132 0.146639
v -0.644811 3.860359 0.143006
v -0.625724 3.875575 0.138773
v -0.604453 3.887366 0.134055
v -0.581578 3.895410 0.128982
v -0.557721 3.899488 0.123691
v -0.676333 3.774689 0.205419
v -0.670513 3.798705 0.203652
v -0.660991 3.821392 0.200760
v -0.648026 3.842132 0.196822
v -0.631972 3.860359 0.191946
v -0.613265 3.875575 0.186264
v -0.592418 3.887366 0.179932
v -0.569998 3.895410 0.173123
v -0.546616 3.899488 0.166021
v -0.658623 3.774689 0.256589
v -0.652957 3.798705 0.254382
v -0.643684 3.821392 0.250769
v -0.631058 3.842132 0.245850
v -0.615424 3.860359 0.239760
v -0.597208 3.875575 0.232663
v -0.576906 3.887366 0.224753
v -0.555073 3.895410 0.216248
v -0.532304 3.899488 0.207377
v -0.637049 3.774689 0.306254
v -0.631568 3.798705 0.303619
v -0.622599 3.821392 0.299307
v -0.610387 3.842132 0.293436
v -0.595265 3.860359 0.286166
v -0.577645 3.875575 0.277696
v -0.558008 3.887366 0.268256
v -0.536891 3.895410 0.258104
v -0.514867 3.899488 0.247516
v -0.611736 3.774689 0.354121
v -0.606473 3.798705 0.351074
v -0.597861 3.821392 0.346088
v -0.586134 3.842132 0.339300
v -0.571612 3.860359 0.330894
v -0.554693 3.875575 0.321099
v -0.535836 3.887366 0.310184
v -0.515558 3.895410 0.298445
v -0.494409 3.899488 0.286203
v -0.550511 3.774689 0.443352
v -0.545774 3.798705 0.439537
v -0.538024 3.821392 0.433295
v -0.527471 3.842132 0.424796
v -0.514403 3.860359 0.414272
v -0.499176 3.875575 0.402010
v -0.482207 3.887366 0.388344
v -0.463958 3.895410 0.373647
v -0.444927 3.899488 0.358320
v -0.514957 3.774689 0.484192
v -0.510527 3.798705 0.480026
v -0.503277 3.821392 0.473209
v -0.493405 3.842132 0.463927
v -0.481181 3.860359 0.452434
v -0.466938 3.875575 0.439042
v -0.451065 3.887366 0.424117
v -0.433994 3.895410 0.408066
v -0.416192 3.899488 0.391327
v -0.476382 3.774689 0.522191
v -0.472283 3.798705 0.517698
v -0.465576 3.821392 0.510346
v -0.456444 3.842132 0.500336
v -0.445136 3.860359 0.487940
v -0.431960 3.875575 0.473497
v -0.417276 3.887366 0.457401
v -0.435011 3.774689 0.557125
v -0.431268 3.798705 0.552332
v -0.425143 3.821392 0.544488
v -0.416804 3.842132 0.533808
v -0.406478 3.860359 0.520583
v -0.391087 3.774689 0.588790
v -0.387722 3.798705 0.583724
v -0.382216 3.821392 0.575435
v -0.344868 3.774689 0.617000
v -0.400000 3.625585 -0.419244
v -0.400000 3.624181 -0.403135
v -0.400000 3.623711 -0.387620
v -0.431647 3.623711 -0.352037
v -0.460139 3.623711 -0.313881
v -0.485268 3.623711 -0.273430
v -0.506850 3.623711 -0.230981
v -0.524727 3.623711 -0.186844
v -0.538769 3.623711 -0.141341
v -0.548872 3.623711 -0.094806
v -0.554964 3.623711 -0.047577
v -0.557000 3.623711 -0.000000
v -0.554964 3.623711 0.047577
v -0.548872 3.623711 0.094806
v -0.538769 3.623711 0.141341
v -0.524727 3.623711 0.186844
v -0.506850 3.623711 0.230981
v -0.485268 3.623711 0.273430
v -0.460139 3.623711 0.313881
v -0.431647 3.623711 0.352037
v -0.400000 3.623711 0.387620
v -0.519568 3.624223 -0.232918
v -0.519568 3.624223 0.232918
v -0.360245 3.749022 0.605957
v -0.357137 3.725006 0.600730
v -0.405573 3.749022 0.576603
v -0.402074 3.725006 0.571628
v -0.396349 3.702319 0.563489
v -0.388554 3.681579 0.552406
v -0.448522 3.749022 0.543865
v -0.444652 3.725006 0.539173
v -0.438321 3.702319 0.531495
v -0.429700 3.681579 0.521041
v -0.419024 3.663352 0.508097
v -0.488838 3.749022 0.507935
v -0.484621 3.725006 0.503553
v -0.477720 3.702319 0.496383
v -0.468324 3.681579 0.486619
v -0.456689 3.663352 0.474530
v -0.443133 3.648136 0.460444
v -0.428024 3.636345 0.444745
v -0.411776 3.628301 0.427862
v -0.526286 3.749022 0.469024
v -0.521746 3.725006 0.464978
v -0.514316 3.702319 0.458357
v -0.504200 3.681579 0.449342
v -0.491674 3.663352 0.438178
v -0.477079 3.648136 0.425171
v -0.460813 3.636345 0.410675
v -0.443320 3.628301 0.395086
v -0.425078 3.624223 0.378828
v -0.560645 3.749022 0.427361
v -0.555808 3.725006 0.423674
v -0.547894 3.702319 0.417641
v -0.537118 3.681579 0.409427
v -0.523774 3.663352 0.399255
v -0.508226 3.648136 0.387404
v -0.490898 3.636345 0.374195
v -0.472263 3.628301 0.359990
v -0.452829 3.624223 0.345177
v -0.591714 3.749022 0.383190
v -0.586609 3.725006 0.379884
v -0.578257 3.702319 0.374475
v -0.566883 3.681579 0.367110
v -0.552800 3.663352 0.357989
v -0.536390 3.648136 0.347363
v -0.518102 3.636345 0.335519
v -0.498434 3.628301 0.322783
v -0.477924 3.624223 0.309500
v -0.619311 3.749022 0.336771
v -0.613968 3.725006 0.333865
v -0.605226 3.702319 0.329111
v -0.593322 3.681579 0.322638
v -0.578581 3.663352 0.314623
v -0.561406 3.648136 0.305283
v -0.542265 3.636345 0.294875
v -0.521681 3.628301 0.283681
v -0.500213 3.624223 0.272007
v -0.643273 3.749022 0.288375
v -0.637724 3.725006 0.285887
v -0.628643 3.702319 0.281816
v -0.616279 3.681579 0.276273
v -0.600968 3.663352 0.269409
v -0.583128 3.648136 0.261412
v -0.563247 3.636345 0.252499
v -0.541865 3.628301 0.242914
v -0.663461 3.749022 0.238286
v -0.657737 3.725006 0.236231
v -0.648371 3.702319 0.232867
v -0.635619 3.681579 0.228287
v -0.619828 3.663352 0.222615
v -0.601428 3.648136 0.216007
v -0.580923 3.636345 0.208642
v -0.558870 3.628301 0.200722
v -0.535873 3.624223 0.192462
v -0.679755 3.749022 0.186800
v -0.673890 3.725006 0.185188
v -0.664295 3.702319 0.182551
v -0.651229 3.681579 0.178961
v -0.635050 3.663352 0.174515
v -0.616199 3.648136 0.169334
v -0.595190 3.636345 0.163561
v -0.572596 3.628301 0.157352
v -0.549033 3.624223 0.150877
v -0.692059 3.749022 0.134217
v -0.686089 3.725006 0.133059
v -0.676320 3.702319 0.131164
v -0.663017 3.681579 0.128585
v -0.646545 3.663352 0.125390
v -0.627353 3.648136 0.121668
v -0.605964 3.636345 0.117520
v -0.582961 3.628301 0.113059
v -0.558972 3.624223 0.108406
v -0.700303 3.749022 0.080847
v -0.694261 3.725006 0.080149
v -0.684376 3.702319 0.079008
v -0.670915 3.681579 0.077454
v -0.654247 3.663352 0.075530
v -0.634826 3.648136 0.073288
v -0.613182 3.636345 0.070789
v -0.589905 3.628301 0.068102
v -0.565630 3.624223 0.065299
v -0.704437 3.749022 0.027002
v -0.698360 3.725006 0.026769
v -0.688416 3.702319 0.026388
v -0.674875 3.681579 0.025869
v -0.658109 3.663352 0.025226
v -0.638573 3.648136 0.024477
v -0.616801 3.636345 0.023643
v -0.593387 3.628301 0.022745
v -0.568969 3.624223 0.021809
v -0.704437 3.749022 -0.027002
v -0.698360 3.725006 -0.026769
v -0.688416 3.702319 -0.026388
v -0.674875 3.681579 -0.025869
v -0.658109 3.663352 -0.025226
v -0.638573 3.648136 -0.024477
v -0.616801 3.636345 -0.023643
v -0.593387 3.628301 -0.022745
v -0.568969 3.624223 -0.021809
v -0.700303 3.749022 -0.080847
v -0.694261 3.725006 -0.080149
v -0.684376 3.702319 -0.079008
v -0.670915 3.681579 -0.077454
v -0.654247 3.663352 -0.075530
v -0.634826 3.648136 -0.073288
v -0.613182 3.636345 -0.070789
v -0.589905 3.628301 -0.068102
v -0.565630 3.624223 -0.065299
v -0.692059 3.749022 -0.134217
v -0.686089 3.725006 -0.133059
v -0.676320 3.702319 -0.131164
v -0.663017 3.681579 -0.128585
v -0.646545 3.663352 -0.125390
v -0.627353 3.648136 -0.121668
v -0.605964 3.636345 -0.117520
v -0.582961 3.628301 -0.113059
v -0.558972 3.624223 -0.108406
v -0.679755 3.749022 -0.186800
v -0.673890 3.725006 -0.185188
v -0.664295 3.702319 -0.182551
v -0.651229 3.681579 -0.178961
v -0.635050 3.663352 -0.174515
v -0.616199 3.648136 -0.169334
v -0.595190 3.636345 -0.163561
v -0.572596 3.628301 -0.157352
v -0.549033 3.624223 -0.150877
v -0.663407 3.749022 -0.238436
v -0.657690 3.725006 -0.236361
v -0.648331 3.702319 -0.232979
v -0.635585 3.681579 -0.228379
v -0.619801 3.663352 -0.222689
v -0.601408 3.648136 -0.216063
v -0.580909 3.636345 -0.208681
v -0.558862 3.628301 -0.200744
v -0.535870 3.624223 -0.192469
v -0.643273 3.749022 -0.288375
v -0.637724 3.725006 -0.285887
v -0.628643 3.702319 -0.281816
v -0.616279 3.681579 -0.276273
v -0.600968 3.663352 -0.269409
v -0.583128 3.648136 -0.261412
v -0.563247 3.636345 -0.252499
v -0.541865 3.628301 -0.242914
v -0.619311 3.749022 -0.336771
v -0.613968 3.725006 -0.333865
v -0.605226 3.702319 -0.329111
v -0.593322 3.681579 -0.322638
v -0.578581 3.663352 -0.314623
v -0.561406 3.648136 -0.305283
v -0.542265 3.636345 -0.294875
v -0.521681 3.628301 -0.283681
v -0.500213 3.624223 -0.272007
v -0.591714 3.749022 -0.383190
v -0.586609 3.725006 -0.379884
v -0.578257 3.702319 -0.374475
v -0.566883 3.681579 -0.367110
v -0.552800 3.663352 -0.357989
v -0.536390 3.648136 -0.347363
v -0.518102 3.636345 -0.335519
v -0.498434 3.628301 -0.322783
v -0.477924 3.624223 -0.309500
v -0.560645 3.749022 -0.427361
v -0.555808 3.725006 -0.423674
v -0.547894 3.702319 -0.417641
v -0.537118 3.681579 -0.409427
v -0.523774 3.663352 -0.399255
v -0.508226 3.648136 -0.387404
v -0.490898 3.636345 -0.374195
v -0.472263 3.628301 -0.359990
v -0.452829 3.624223 -0.345177
v -0.526286 3.749022 -0.469024
v -0.521746 3.725006 -0.464978
v -0.514316 3.702319 -0.458357
v -0.504200 3.681579 -0.449342
v -0.491674 3.663352 -0.438178
v -0.477079 3.648136 -0.425171
v -0.460813 3.636345 -0.410675
v -0.443320 3.628301 -0.395086
v -0.425078 3.624223 -0.378828
v -0.488838 3.749022 -0.507935
v -0.484621 3.725006 -0.503553
v -0.477720 3.702319 -0.496383
v -0.468324 3.681579 -0.486619
v -0.456689 3.663352 -0.474530
v -0.443133 3.648136 -0.460444
v -0.428024 3.636345 -0.444745
v -0.411776 3.628301 -0.427862
v -0.448522 3.749022 -0.543865
v -0.444652 3.725006 -0.539173
v -0.438321 3.702319 -0.531495
v -0.429700 3.681579 -0.521041
v -0.419024 3.663352 -0.508097
v -0.406586 3.648136 -0.493014
v -0.405573 3.749022 -0.576603
v -0.402074 3.725006 -0.571628
v -0.396349 3.702319 -0.563489
v -0.388554 3.681579 -0.552406
v -0.360245 3.749022 -0.605957
v -0.357137 3.725006 -0.600730
v -0.312802 3.749022 -0.631756
v -0.400000 3.200000 0.387620
v -0.431647 3.200000 0.352037
v -0.460139 3.200000 0.313881
v -0.485268 3.200000 0.273430
v -0.506850 3.200000 0.230981
v -0.524727 3.200000 0.186844
v -0.538769 3.200000 0.141341
v -0.548872 3.200000 0.094806
v -0.554964 3.200000 0.047577
v -0.557000 3.200000 -0.000000
v -0.554964 3.200000 -0.047577
v -0.548872 3.200000 -0.094806
v -0.538769 3.200000 -0.141341
v -0.524727 3.200000 -0.186844
v -0.506850 3.200000 -0.230981
v -0.485268 3.200000 -0.273430
v -0.460139 3.200000 -0.313881
v -0.431647 3.200000 -0.352037
v -0.400000 3.200000 -0.387620
v -0.400000 3.199530 -0.403135
v -0.400000 3.198126 -0.419244
v -0.519568 3.199488 0.232918
v -0.519568 3.199488 -0.232918
v -0.312802 3.074689 -0.631756
v -0.360245 3.074689 -0.605957
v -0.357137 3.098705 -0.600730
v -0.405573 3.074689 -0.576603
v -0.402074 3.098705 -0.571628
v -0.396349 3.121392 -0.563489
v -0.388554 3.142132 -0.552406
v -0.448522 3.074689 -0.543865
v -0.444652 3.098705 -0.539173
v -0.438321 3.121392 -0.531495
v -0.429700 3.142132 -0.521041
v -0.419024 3.160359 -0.508097
v -0.406586 3.175575 -0.493014
v -0.488838 3.074689 -0.507935
v -0.484621 3.098705 -0.503553
v -0.477720 3.121392 -0.496383
v -0.468324 3.142132 -0.486619
v -0.456689 3.160359 -0.474530
v -0.443133 3.175575 -0.460444
v -0.428024 3.187366 -0.444745
v -0.411776 3.195410 -0.427862
v -0.526286 3.074689 -0.469024
v -0.521746 3.098705 -0.464978
v -0.514316 3.121392 -0.458357
v -0.504200 3.142132 -0.449342
v -0.491674 3.160359 -0.438178
v -0.477079 3.175575 -0.425171
v -0.460813 3.187366 -0.410675
v -0.443320 3.195410 -0.395086
v -0.425078 3.199488 -0.378828
v -0.560645 3.074689 -0.427361
v -0.555808 3.098705 -0.423674
v -0.547894 3.121392 -0.417641
v -0.537118 3.142132 -0.409427
v -0.523774 3.160359 -0.399255
v -0.508226 3.175575 -0.387404
v -0.490898 3.187366 -0.374195
v -0.472263 3.195410 -0.359990
v -0.452829 3.199488 -0.345177
v -0.591714 3.074689 -0.383190
v -0.586609 3.098705 -0.379884
v -0.578257 3.121392 -0.374475
v -0.566883 3.142132 -0.367110
v -0.552800 3.160359 -0.357989
v -0.536390 3.175575 -0.347363
v -0.518102 3.187366 -0.335519
v -0.498434 3.195410 -0.322783
v -0.477924 3.199488 -0.309500
v -0.619311 3.074689 -0.336771
v -0.613968 3.098705 -0.333865
v -0.605226 3.121392 -0.329111
v -0.593322 3.142132 -0.322638
v -0.578581 3.160359 -0.314623
v -0.561406 3.175575 -0.305283
v -0.542265 3.187366 -0.294875
v -0.521681 3.195410 -0.283681
v -0.500213 3.199488 -0.272007
v -0.643273 3.074689 -0.288375
v -0.637724 3.098705 -0.285887
v -0.628643 3.121392 -0.281816
v -0.616279 3.142132 -0.276273
v -0.600968 3.160359 -0.269409
v -0.583128 3.175575 -0.261412
v -0.563247 3.187366 -0.252499
v -0.541865 3.195410 -0.242914
v -0.663407 3.074689 -0.238436
v -0.657690 3.098705 -0.236361
v -0.648331 3.121392 -0.232979
v -0.635585 3.142132 -0.228379
v -0.619801 3.160359 -0.222689
v -0.601408 3.175575 -0.216063
v -0.580909 3.187366 -0.208681
v -0.558862 3.195410 -0.200744
v -0.535870 3.199488 -0.192469
v -0.679755 3.074689 -0.186800
v -0.673890 3.098705 -0.185188
v -0.664295 3.121392 -0.182551
v -0.651229 3.142132 -0.178961
v -0.635050 3.160359 -0.174515
v -0.616199 3.175575 -0.169334
v -0.595190 3.187366 -0.163561
v -0.572596 3.195410 -0.157352
v -0.549033 3.199488 -0.150877
v -0.692059 3.074689 -0.134217
v -0.686089 3.098705 -0.133059
v -0.676320 3.121392 -0.131164
v -0.663017 3.142132 -0.128585
v -0.646545 3.160359 -0.125390
v -0.627353 3.175575 -0.121668
v -0.605964 3.187366 -0.117520
v -0.582961 3.195410 -0.113059
v -0.558972 3.199488 -0.108406
v -0.700303 3.074689 -0.080847
v -0.694261 3.098705 -0.080149
v -0.684376 3.121392 -0.079008
v -0.670915 3.142132 -0.077454
v -0.654247 3.160359 -0.075530
v -0.634826 3.175575 -0.073288
v -0.613182 3.187366 -0.070789
v -0.589905 3.195410 -0.068102
v -0.565630 3.199488 -0.065299
v -0.704437 3.074689 -0.027002
v -0.698360 3.098705 -0.026769
v -0.688416 3.121392 -0.026388
v -0.674875 3.142132 -0.025869
v -0.658109 3.160359 -0.025226
v -0.638573 3.175575 -0.024477
v -0.616801 3.187366 -0.023643
v -0.593387 3.195410 -0.022745
v -0.568969 3.199488 -0.021809
v -0.704437 3.074689 0.027002
v -0.698360 3.098705 0.026769
v -0.688416 3.121392 0.026388
v -0.674875 3.142132 0.025869
v -0.658109 3.160359 0.025226
v -0.638573 3.175575 0.024477
v -0.616801 3.187366 0.023643
v -0.593387 3.195410 0.022745
v -0.568969 3.199488 0.021809
v -0.700303 3.074689 0.080847
v -0.694261 3.098705 0.080149
v -0.684376 3.121392 0.079008
v -0.670915 3.142132 0.077454
v -0.654247 3.160359 0.075530
v -0.634826 3.175575 0.073288
v -0.613182 3.187366 0.070789
v -0.589905 3.195410 0.068102
v -0.565630 3.199488 0.065299
v -0.692059 3.074689 0.134217
v -0.686089 3.098705 0.133059
v -0.676320 3.121392 0.131164
v -0.663017 3.142132 0.128585
v -0.646545 3.160359 0.125390
v -0.627353 3.175575 0.121668
v -0.605964 3.187366 0.117520
v -0.582961 3.195410 0.113059
v -0.558972 3.199488 0.108406
v -0.679755 3.074689 0.186800
v -0.673890 3.098705 0.185188
v -0.664295 3.121392 0.182551
v -0.651229 3.142132 0.178961
v -0.635050 3.160359 0.174515
v -0.616199 3.175575 0.169334
v -0.595190 3.187366 0.163561
v -0.572596 3.195410 0.157352
v -0.549033 3.199488 0.150877
v -0.663461 3.074689 0.238286
v -0.657737 3.098705 0.236231
v -0.648371 3.121392 0.232867
v -0.635619 3.142132 0.228287
v -0.619828 3.160359 0.222615
v -0.601428 3.175575 0.216007
v -0.580923 3.187366 0.208642
v -0.558870 3.195410 0.200722
v -0.535873 3.199488 0.192462
v -0.643273 3.074689 0.288375
v -0.637724 3.098705 0.285887
v -0.628643 3.121392 0.281816
v -0.616279 3.142132 0.276273
v -0.600968 3.160359 0.269409
v -0.583128 3.175575 0.261412
v -0.563247 3.187366 0.252499
v -0.541865 3.195410 0.242914
v -0.619311 3.074689 0.336771
v -0.613968 3.098705 0.333865
v -0.605226 3.121392 0.329111
v -0.593322 3.142132 0.322638
v -0.578581 3.160359 0.314623
v -0.561406 3.175575 0.305283
v -0.542265 3.187366 0.294875
v -0.521681 3.195410 0.283681
v -0.500213 3.199488 0.272007
v -0.591714 3.074689 0.383190
v -0.586609 3.098705 0.379884
v -0.578257 3.121392 0.374475
v -0.566883 3.142132 0.367110
v -0.552800 3.160359 0.357989
v -0.536390 3.175575 0.347363
v -0.518102 3.187366 0.335519
v -0.498434 3.195410 0.322783
v -0.477924 3.199488 0.309500
v -0.560645 3.074689 0.427361
v -0.555808 3.098705 0.423674
v -0.547894 3.121392 0.417641
v -0.537118 3.142132 0.409427
v -0.523774 3.160359 0.399255
v -0.508226 3.175575 0.387404
v -0.490898 3.187366 0.374195
v -0.472263 3.195410 0.359990
v -0.452829 3.199488 0.345177
v -0.526286 3.074689 0.469024
v -0.521746 3.098705 0.464978
v -0.514316 3.121392 0.458357
v -0.504200 3.142132 0.449342
v -0.491674 3.160359 0.438178
v -0.477079 3.175575 0.425171
v -0.460813 3.187366 0.410675
v -0.443320 3.195410 0.395086
v -0.425078 3.199488 0.378828
v -0.488838 3.074689 0.507935
v -0.484621 3.098705 0.503553
v -0.477720 3.121392 0.496383
v -0.468324 3.142132 0.486619
v -0.456689 3.160359 0.474530
v -0.443133 3.175575 0.460444
v -0.428024 3.187366 0.444745
v -0.411776 3.195410 0.427862
v -0.448522 3.074689 0.543865
v -0.444652 3.098705 0.539173
v -0.438321 3.121392 0.531495
v -0.429700 3.142132 0.521041
v -0.419024 3.160359 0.508097
v -0.405573 3.074689 0.576603
v -0.402074 3.098705 0.571628
v -0.396349 3.121392 0.563489
v -0.388554 3.142132 0.552406
v -0.360245 3.074689 0.605957
v -0.357137 3.098705 0.600730
v 0.270562 -0.000000 -0.706997
v 0.237421 0.001272 -0.706997
v 0.202982 0.004831 -0.706997
v 0.168184 0.010207 -0.706997
v 0.133951 0.016843 -0.706997
v 0.068386 0.032145 -0.706997
v 0.034556 0.040867 -0.706997
v 0.018406 0.045139 -0.706997
v 0.009947 0.047407 -0.706997
v 0.005944 0.048509 -0.706997
v 0.003839 0.049125 -0.706997
v 0.002839 0.049457 -0.706997
v 0.002352 0.049660 -0.706997
v 0.002122 0.049793 -0.706997
v 0.002025 0.049881 -0.706997
v 0.253294 0.037059 0.661894
v 0.255079 0.025000 0.666559
v 0.257919 0.014645 0.673980
v 0.261620 0.006699 0.683651
v 0.265930 0.001704 0.694914
v 0.270555 0.000000 0.707000
v 0.321433 0.000000 0.685368
v 0.370597 0.000000 0.660081
v 0.417783 0.000000 0.631273
v 0.462742 0.000000 0.599098
v 0.505232 0.000000 0.563728
v 0.545028 0.000000 0.525351
v 0.581917 0.000000 0.484172
v 0.615701 0.000000 0.440410
v 0.646202 0.000000 0.394299
v 0.673256 0.000000 0.346085
v 0.696719 0.000000 0.296026
v 0.716466 0.000000 0.244387
v 0.732392 0.000000 0.191445
v 0.744411 0.000000 0.137481
v 0.752460 0.000000 0.082785
v 0.756495 0.000000 0.027647
v 0.756495 -0.000000 -0.027639
v 0.752461 -0.000000 -0.082777
v 0.744412 -0.000000 -0.137474
v 0.732394 -0.000000 -0.191437
v 0.716469 -0.000000 -0.244380
v 0.696722 -0.000000 -0.296018
v 0.673260 -0.000000 -0.346078
v 0.646206 -0.000000 -0.394293
v 0.615706 -0.000000 -0.440404
v 0.581922 -0.000000 -0.484166
v 0.545033 -0.000000 -0.525345
v 0.505238 -0.000000 -0.563723
v 0.462748 -0.000000 -0.599094
v 0.417790 -0.000000 -0.631269
v 0.370603 -0.000000 -0.660077
v 0.321440 -0.000000 -0.685365
v 0.706898 0.037059 -0.050558
v 0.294406 0.037059 -0.644660
v 0.296481 0.025000 -0.649203
v 0.299782 0.014645 -0.656431
v 0.304084 0.006699 -0.665851
v 0.309093 0.001704 -0.676820
v 0.260022 0.001704 -0.697146
v 0.255808 0.006699 -0.685847
v 0.252189 0.014645 -0.676145
v 0.249412 0.025000 -0.668700
v 0.247667 0.037059 -0.664020
v 0.206228 0.006699 -0.702349
v 0.203311 0.014645 -0.692413
v 0.201072 0.025000 -0.684789
v 0.199665 0.037059 -0.679996
v 0.153397 0.014645 -0.705153
v 0.151708 0.025000 -0.697388
v 0.150646 0.037059 -0.692508
v 0.101570 0.025000 -0.706434
v 0.100859 0.037059 -0.701490
v 0.050558 0.037059 -0.706898
v 0.339646 0.037059 -0.622014
v 0.342039 0.025000 -0.626398
v 0.345847 0.014645 -0.633372
v 0.350810 0.006699 -0.642461
v 0.356590 0.001704 -0.653045
v 0.383154 0.037059 -0.596200
v 0.385855 0.025000 -0.600402
v 0.390151 0.014645 -0.607086
v 0.395749 0.006699 -0.615798
v 0.402269 0.001704 -0.625942
v 0.424710 0.037059 -0.567347
v 0.427704 0.025000 -0.571345
v 0.432466 0.014645 -0.577706
v 0.438671 0.006699 -0.585996
v 0.445898 0.001704 -0.595650
v 0.464102 0.037059 -0.535603
v 0.467373 0.025000 -0.539378
v 0.472577 0.014645 -0.545383
v 0.479358 0.006699 -0.553209
v 0.487255 0.001704 -0.562322
v 0.501129 0.037059 -0.501129
v 0.504661 0.025000 -0.504661
v 0.510280 0.014645 -0.510280
v 0.517602 0.006699 -0.517602
v 0.526129 0.001704 -0.526129
v 0.535603 0.037059 -0.464102
v 0.539378 0.025000 -0.467373
v 0.545383 0.014645 -0.472577
v 0.553209 0.006699 -0.479358
v 0.562322 0.001704 -0.487255
v 0.567347 0.037059 -0.424710
v 0.571345 0.025000 -0.427704
v 0.577706 0.014645 -0.432466
v 0.585996 0.006699 -0.438671
v 0.595650 0.001704 -0.445898
v 0.596200 0.037059 -0.383154
v 0.600402 0.025000 -0.385855
v 0.607086 0.014645 -0.390151
v 0.615798 0.006699 -0.395749
v 0.625942 0.001704 -0.402269
v 0.622014 0.037059 -0.339646
v 0.626398 0.025000 -0.342039
v 0.633372 0.014645 -0.345847
v 0.642461 0.006699 -0.350810
v 0.653045 0.001704 -0.356590
v 0.644660 0.037059 -0.294406
v 0.649203 0.025000 -0.296481
v 0.656431 0.014645 -0.299782
v 0.665851 0.006699 -0.304084
v 0.676820 0.001704 -0.309093
v 0.664020 0.037059 -0.247667
v 0.668700 0.025000 -0.249412
v 0.676145 0.014645 -0.252189
v 0.685847 0.006699 -0.255808
v 0.697146 0.001704 -0.260022
v 0.679996 0.037059 -0.199665
v 0.684789 0.025000 -0.201072
v 0.692413 0.014645 -0.203311
v 0.702349 0.006699 -0.206228
v 0.713919 0.001704 -0.209626
v 0.692508 0.037059 -0.150646
v 0.697388 0.025000 -0.151708
v 0.705153 0.014645 -0.153397
v 0.715272 0.006699 -0.155598
v 0.727055 0.001704 -0.158161
v 0.701490 0.037059 -0.100859
v 0.706434 0.025000 -0.101570
v 0.714299 0.014645 -0.102701
v 0.724549 0.006699 -0.104174
v 0.736486 0.001704 -0.105891
v 0.708704 0.037059 -0.000000
v 0.713699 0.025000 -0.000000
v 0.721645 0.014645 -0.000000
v 0.732000 0.006699 -0.000000
v 0.744059 0.001704 -0.000000
v 0.742163 0.001704 -0.053081
v 0.730135 0.006699 -0.052220
v 0.719806 0.014645 -0.051482
v 0.711880 0.025000 -0.050915
v 0.706898 0.037059 0.050558
v 0.711880 0.025000 0.050915
v 0.719806 0.014645 0.051482
v 0.730135 0.006699 0.052220
v 0.742163 0.001704 0.053081
v 0.701490 0.037059 0.100859
v 0.706434 0.025000 0.101570
v 0.714299 0.014645 0.102701
v 0.724549 0.006699 0.104174
v 0.736486 0.001704 0.105891
v 0.692508 0.037059 0.150646
v 0.697388 0.025000 0.151708
v 0.705153 0.014645 0.153397
v 0.715272 0.006699 0.155598
v 0.727055 0.001704 0.158161
v 0.679996 0.037059 0.199665
v 0.684789 0.025000 0.201072
v 0.692413 0.014645 0.203311
v 0.702349 0.006699 0.206228
v 0.713919 0.001704 0.209626
v 0.664020 0.037059 0.247667
v 0.668700 0.025000 0.249412
v 0.676145 0.014645 0.252189
v 0.685847 0.006699 0.255808
v 0.697146 0.001704 0.260022
v 0.644660 0.037059 0.294406
v 0.649203 0.025000 0.296481
v 0.656431 0.014645 0.299782
v 0.665851 0.006699 0.304084
v 0.676820 0.001704 0.309093
v 0.622014 0.037059 0.339646
v 0.626398 0.025000 0.342039
v 0.633372 0.014645 0.345847
v 0.642461 0.006699 0.350810
v 0.653045 0.001704 0.356590
v 0.596200 0.037059 0.383154
v 0.600402 0.025000 0.385855
v 0.607086 0.014645 0.390151
v 0.615798 0.006699 0.395749
v 0.625942 0.001704 0.402269
v 0.567347 0.037059 0.424710
v 0.571345 0.025000 0.427704
v 0.577706 0.014645 0.432466
v 0.585996 0.006699 0.438671
v 0.595650 0.001704 0.445898
v 0.535603 0.037059 0.464102
v 0.539378 0.025000 0.467373
v 0.545383 0.014645 0.472577
v 0.553209 0.006699 0.479358
v 0.562322 0.001704 0.487255
v 0.501129 0.037059 0.501129
v 0.504661 0.025000 0.504661
v 0.510280 0.014645 0.510280
v 0.517602 0.006699 0.517602
v 0.526129 0.001704 0.526129
v 0.464102 0.037059 0.535603
v 0.467373 0.025000 0.539378
v 0.472577 0.014645 0.545383
v 0.479358 0.006699 0.553209
v 0.487255 0.001704 0.562322
v 0.424710 0.037059 0.567347
v 0.427704 0.025000 0.571345
v 0.432466 0.014645 0.577706
v 0.438671 0.006699 0.585996
v 0.445898 0.001704 0.595650
v 0.383154 0.037059 0.596200
v 0.385855 0.025000 0.600402
v 0.390151 0.014645 0.607086
v 0.395749 0.006699 0.615798
v 0.402269 0.001704 0.625942
v 0.339646 0.037059 0.622014
v 0.342039 0.025000 0.626398
v 0.345847 0.014645 0.633372
v 0.350810 0.006699 0.642461
v 0.356590 0.001704 0.653045
v 0.294406 0.037059 0.644660
v 0.296481 0.025000 0.649203
v 0.299782 0.014645 0.656431
v 0.304084 0.006699 0.665851
v 0.309093 0.001704 0.676820
v 0.135277 0.000000 0.707000
v 0.202916 0.000000 0.707000
v 0.235265 0.001959 0.700887
v 0.168782 0.002933 0.703576
v 0.067701 0.001675 0.706418
v 0.222595 0.040206 0.671799
v 0.223851 0.032052 0.673613
v 0.224878 0.026987 0.675488
v 0.226596 0.020257 0.679056
v 0.228578 0.014213 0.683589
v 0.230774 0.009007 0.688979
v 0.233132 0.004773 0.695103
v 0.191454 0.037850 0.681113
v 0.192736 0.030955 0.682320
v 0.193693 0.026614 0.683615
v 0.195202 0.020723 0.686126
v 0.196861 0.015249 0.689377
v 0.198641 0.010288 0.693313
v 0.200513 0.005929 0.697871
v 0.202184 0.002690 0.702261
v 0.159929 0.033775 0.689026
v 0.161122 0.028100 0.689797
v 0.161965 0.024487 0.690650
v 0.163242 0.019508 0.692332
v 0.164598 0.014761 0.694544
v 0.166018 0.010303 0.697260
v 0.167485 0.006188 0.700453
v 0.128171 0.028390 0.695503
v 0.129195 0.023896 0.695965
v 0.129894 0.021012 0.696491
v 0.130925 0.016990 0.697538
v 0.131993 0.013085 0.698932
v 0.133092 0.009324 0.700661
v 0.134213 0.005736 0.702715
v 0.135197 0.002785 0.704747
v 0.096253 0.022046 0.700538
v 0.097057 0.018703 0.700787
v 0.097593 0.016545 0.701075
v 0.098371 0.013510 0.701654
v 0.099165 0.010524 0.702430
v 0.099970 0.007598 0.703398
v 0.100785 0.004744 0.704557
v 0.101497 0.002337 0.705711
v 0.064218 0.015050 0.704129
v 0.064771 0.012835 0.704236
v 0.065134 0.011399 0.704361
v 0.065655 0.009367 0.704614
v 0.066180 0.007350 0.704955
v 0.066708 0.005350 0.705384
v 0.067239 0.003371 0.705900
v 0.032109 0.007626 0.706283
v 0.032390 0.006523 0.706308
v 0.032573 0.005806 0.706339
v 0.032834 0.004788 0.706401
v 0.033095 0.003772 0.706485
v 0.033357 0.002758 0.706592
v 0.033618 0.001746 0.706722
v 0.033846 0.000872 0.706852
v -0.002025 0.049881 -0.706997
v -0.002122 0.049793 -0.706997
v -0.002352 0.049660 -0.706997
v -0.002839 0.049457 -0.706997
v -0.003839 0.049125 -0.706997
v -0.005944 0.048509 -0.706997
v -0.009947 0.047407 -0.706997
v -0.018406 0.045139 -0.706997
v -0.034556 0.040867 -0.706997
v -0.068386 0.032145 -0.706997
v -0.133951 0.016843 -0.706997
v -0.168184 0.010207 -0.706997
v -0.202982 0.004831 -0.706997
v -0.237421 0.001272 -0.706997
v -0.270562 -0.000000 -0.706997
v -0.321440 -0.000000 -0.685365
v -0.370603 -0.000000 -0.660077
v -0.417790 -0.000000 -0.631269
v -0.462748 -0.000000 -0.599094
v -0.505238 -0.000000 -0.563723
v -0.545033 -0.000000 -0.525345
v -0.581922 -0.000000 -0.484166
v -0.615706 -0.000000 -0.440404
v -0.646206 -0.000000 -0.394293
v -0.673260 -0.000000 -0.346078
v -0.696722 -0.000000 -0.296018
v -0.716469 -0.000000 -0.244380
v -0.732394 -0.000000 -0.191437
v -0.744412 -0.000000 -0.137474
v -0.752461 -0.000000 -0.082777
v -0.756495 -0.000000 -0.027639
v -0.756495 0.000000 0.027647
v -0.752460 0.000000 0.082785
v -0.744411 0.000000 0.137481
v -0.732392 0.000000 0.191445
v -0.716466 0.000000 0.244387
v -0.696719 0.000000 0.296026
v -0.673256 0.000000 0.346085
v -0.646202 0.000000 0.394299
v -0.615701 0.000000 0.440410
v -0.581917 0.000000 0.484172
v -0.545028 0.000000 0.525351
v -0.505232 0.000000 0.563728
v -0.462742 0.000000 0.599098
v -0.417783 0.000000 0.631273
v -0.370597 0.000000 0.660081
v -0.321433 0.000000 0.685368
v -0.270555 0.000000 0.707000
v -0.265930 0.001704 0.694914
v -0.261620 0.006699 0.683651
v -0.257919 0.014645 0.673980
v -0.255079 0.025000 0.666559
v -0.253294 0.037059 0.661894
v -0.706898 0.037059 -0.050558
v -0.050558 0.037059 -0.706898
v -0.101570 0.025000 -0.706434
v -0.100859 0.037059 -0.701490
v -0.153397 0.014645 -0.705153
v -0.151708 0.025000 -0.697388
v -0.150646 0.037059 -0.692508
v -0.206228 0.006699 -0.702349
v -0.203311 0.014645 -0.692413
v -0.201072 0.025000 -0.684789
v -0.199665 0.037059 -0.679996
v -0.260022 0.001704 -0.697146
v -0.255808 0.006699 -0.685847
v -0.252189 0.014645 -0.676145
v -0.249412 0.025000 -0.668700
v -0.247667 0.037059 -0.664020
v -0.309093 0.001704 -0.676820
v -0.304084 0.006699 -0.665851
v -0.299782 0.014645 -0.656431
v -0.296481 0.025000 -0.649203
v -0.294406 0.037059 -0.644660
v -0.356590 0.001704 -0.653045
v -0.350810 0.006699 -0.642461
v -0.345847 0.014645 -0.633372
v -0.342039 0.025000 -0.626398
v -0.339646 0.037059 -0.622014
v -0.402269 0.001704 -0.625942
v -0.395749 0.006699 -0.615798
v -0.390151 0.014645 -0.607086
v -0.385855 0.025000 -0.600402
v -0.383154 0.037059 -0.596200
v -0.445898 0.001704 -0.595650
v -0.438671 0.006699 -0.585996
v -0.432466 0.014645 -0.577706
v -0.427704 0.025000 -0.571345
v -0.424710 0.037059 -0.567347
v -0.487255 0.001704 -0.562322
v -0.479358 0.006699 -0.553209
v -0.472577 0.014645 -0.545383
v -0.467373 0.025000 -0.539378
v -0.464102 0.037059 -0.535603
v -0.526129 0.001704 -0.526129
v -0.517602 0.006699 -0.517602
v -0.510280 0.014645 -0.510280
v -0.504661 0.025000 -0.504661
v -0.501129 0.037059 -0.501129
v -0.562322 0.001704 -0.487255
v -0.553209 0.006699 -0.479358
v -0.545383 0.014645 -0.472577
v -0.539378 0.025000 -0.467373
v -0.535603 0.037059 -0.464102
v -0.595650 0.001704 -0.445898
v -0.585996 0.006699 -0.438671
v -0.577706 0.014645 -0.432466
v -0.571345 0.025000 -0.427704
v -0.567347 0.037059 -0.424710
v -0.625942 0.001704 -0.402269
v -0.615798 0.006699 -0.395749
v -0.607086 0.014645 -0.390151
v -0.600402 0.025000 -0.385855
v -0.596200 0.037059 -0.383154
v -0.653045 0.001704 -0.356590
v -0.642461 0.006699 -0.350810
v -0.633372 0.014645 -0.345847
v -0.626398 0.025000 -0.342039
v -0.622014 0.037059 -0.339646
v -0.676820 0.001704 -0.309093
v -0.665851 0.006699 -0.304084
v -0.656431 0.014645 -0.299782
v -0.649203 0.025000 -0.296481
v -0.644660 0.037059 -0.294406
v -0.697146 0.001704 -0.260022
v -0.685847 0.006699 -0.255808
v -0.676145 0.014645 -0.252189
v -0.668700 0.025000 -0.249412
v -0.664020 0.037059 -0.247667
v -0.713919 0.001704 -0.209626
v -0.702349 0.006699 -0.206228
v -0.692413 0.014645 -0.203311
v -0.684789 0.025000 -0.201072
v -0.679996 0.037059 -0.199665
v -0.727055 0.001704 -0.158161
v -0.715272 0.006699 -0.155598
v -0.705153 0.014645 -0.153397
v -0.697388 0.025000 -0.151708
v -0.692508 0.037059 -0.150646
v -0.736486 0.001704 -0.105891
v -0.724549 0.006699 -0.104174
v -0.714299 0.014645 -0.102701
v -0.706434 0.025000 -0.101570
v -0.701490 0.037059 -0.100859
v -0.742163 0.001704 -0.053081
v -0.730135 0.006699 -0.052220
v -0.719806 0.014645 -0.051482
v -0.711880 0.025000 -0.050915
v -0.744059 0.001704 -0.000000
v -0.732000 0.006699 -0.000000
v -0.721645 0.014645 -0.000000
v -0.713699 0.025000 -0.000000
v -0.708704 0.037059 -0.000000
v -0.742163 0.001704 0.053081
v -0.730135 0.006699 0.052220
v -0.719806 0.014645 0.051482
v -0.711880 0.025000 0.050915
v -0.706898 0.037059 0.050558
v -0.736486 0.001704 0.105891
v -0.724549 0.006699 0.104174
v -0.714299 0.014645 0.102701
v -0.706434 0.025000 0.101570
v -0.701490 0.037059 0.100859
v -0.727055 0.001704 0.158161
v -0.715272 0.006699 0.155598
v -0.705153 0.014645 0.153397
v -0.697388 0.025000 0.151708
v -0.692508 0.037059 0.150646
v -0.713919 0.001704 0.209626
v -0.702349 0.006699 0.206228
v -0.692413 0.014645 0.203311
v -0.684789 0.025000 0.201072
v -0.679996 0.037059 0.199665
v -0.697146 0.001704 0.260022
v -0.685847 0.006699 0.255808
v -0.676145 0.014645 0.252189
v -0.668700 0.025000 0.249412
v -0.664020 0.037059 0.247667
v -0.676820 0.001704 0.309093
v -0.665851 0.006699 0.304084
v -0.656431 0.014645 0.299782
v -0.649203 0.025000 0.296481
v -0.644660 0.037059 0.294406
v -0.653045 0.001704 0.356590
v -0.642461 0.006699 0.350810
v -0.633372 0.014645 0.345847
v -0.626398 0.025000 0.342039
v -0.622014 0.037059 0.339646
v -0.625942 0.001704 0.402269
v -0.615798 0.006699 0.395749
v -0.607086 0.014645 0.390151
v -0.600402 0.025000 0.385855
v -0.596200 0.037059 0.383154
v -0.595650 0.001704 0.445898
v -0.585996 0.006699 0.438671
v -0.577706 0.014645 0.432466
v -0.571345 0.025000 0.427704
v -0.567347 0.037059 0.424710
v -0.562322 0.001704 0.487255
v -0.553209 0.006699 0.479358
v -0.545383 0.014645 0.472577
v -0.539378 0.025000 0.467373
v -0.535603 0.037059 0.464102
v -0.526129 0.001704 0.526129
v -0.517602 0.006699 0.517602
v -0.510280 0.014645 0.510280
v -0.504661 0.025000 0.504661
v -0.501129 0.037059 0.501129
v -0.487255 0.001704 0.562322
v -0.479358 0.006699 0.553209
v -0.472577 0.014645 0.545383
v -0.467373 0.025000 0.539378
v -0.464102 0.037059 0.535603
v -0.445898 0.001704 0.595650
v -0.438671 0.006699 0.585996
v -0.432466 0.014645 0.577706
v -0.427704 0.025000 0.571345
v -0.424710 0.037059 0.567347
v -0.402269 0.001704 0.625942
v -0.395749 0.006699 0.615798
v -0.390151 0.014645 0.607086
v -0.385855 0.025000 0.600402
v -0.383154 0.037059 0.596200
v -0.356590 0.001704 0.653045
v -0.350810 0.006699 0.642461
v -0.345847 0.014645 0.633372
v -0.342039 0.025000 0.626398
v -0.339646 0.037059 0.622014
v -0.309093 0.001704 0.676820
v -0.304084 0.006699 0.665851
v -0.299782 0.014645 0.656431
v -0.296481 0.025000 0.649203
v -0.294406 0.037059 0.644660
v -0.202916 0.000000 0.707000
v -0.135277 0.000000 0.707000
v -0.033851 0.000872 0.706852
v -0.168799 0.002933 0.703575
v -0.235271 0.001959 0.700887
v -0.233137 0.004773 0.695103
v -0.230778 0.009007 0.688979
v -0.228581 0.014213 0.683589
v -0.226599 0.020257 0.679055
v -0.224880 0.026987 0.675488
v -0.223852 0.032052 0.673613
v -0.222596 0.040206 0.671799
v -0.167500 0.006189 0.700452
v -0.166031 0.010304 0.697259
v -0.164609 0.014761 0.694542
v -0.163250 0.019508 0.692331
v -0.161971 0.024487 0.690649
v -0.161127 0.028100 0.689796
v -0.159931 0.033775 0.689025
v -0.191455 0.037850 0.681113
v -0.192739 0.030955 0.682320
v -0.193697 0.026614 0.683614
v -0.195208 0.020723 0.686125
v -0.196868 0.015249 0.689376
v -0.198650 0.010288 0.693312
v -0.200523 0.005929 0.697870
v -0.202195 0.002690 0.702261
v -0.101514 0.002337 0.705710
v -0.100801 0.004744 0.704556
v -0.099984 0.007598 0.703397
v -0.099175 0.010525 0.702429
v -0.098380 0.013511 0.701653
v -0.097600 0.016546 0.701075
v -0.097062 0.018704 0.700787
v -0.096256 0.022046 0.700537
v -0.128174 0.028390 0.695502
v -0.129201 0.023897 0.695964
v -0.129902 0.021013 0.696489
v -0.130936 0.016992 0.697537
v -0.132007 0.013086 0.698930
v -0.133109 0.009325 0.700659
v -0.134233 0.005736 0.702714
v -0.135220 0.002785 0.704746
v -0.032109 0.007626 0.706283
v -0.032391 0.006523 0.706308
v -0.032575 0.005806 0.706339
v -0.032837 0.004788 0.706401
v -0.033099 0.003772 0.706485
v -0.033361 0.002758 0.706592
v -0.033624 0.001747 0.706722
v -0.064220 0.015051 0.704129
v -0.064774 0.012836 0.704235
v -0.065138 0.011400 0.704360
v -0.065660 0.009368 0.704614
v -0.066187 0.007350 0.704955
v -0.066717 0.005350 0.705384
v -0.067250 0.003371 0.705900
v -0.067713 0.001675 0.706418
v 0.469294 0.000000 0.707000
v 0.515350 0.000000 0.674166
v 0.559117 0.000000 0.638337
v 0.600400 0.000000 0.599672
v 0.639015 0.000000 0.558342
v 0.674791 0.000000 0.514532
v 0.707569 0.000000 0.468436
v 0.737203 0.000000 0.420258
v 0.763562 0.000000 0.370214
v 0.786529 0.000000 0.318525
v 0.806001 0.000000 0.265420
v 0.821892 0.000000 0.211136
v 0.834132 0.000000 0.155915
v 0.842666 0.000000 0.100000
v 0.800000 0.000000 0.100000
v 0.800000 -0.000000 -0.100000
v 0.842666 -0.000000 -0.100000
v 0.834132 -0.000000 -0.155914
v 0.821893 -0.000000 -0.211136
v 0.806002 -0.000000 -0.265419
v 0.786530 -0.000000 -0.318523
v 0.763563 -0.000000 -0.370212
v 0.737204 -0.000000 -0.420256
v 0.707570 -0.000000 -0.468434
v 0.674793 -0.000000 -0.514530
v 0.639017 -0.000000 -0.558340
v 0.600402 -0.000000 -0.599669
v 0.559120 -0.000000 -0.638334
v 0.515354 -0.000000 -0.674163
v 0.469298 -0.000000 -0.706997
v -0.693004 -0.000000 -0.706997
v -0.736214 -0.000000 -0.661883
v -0.776492 -0.000000 -0.614134
v -0.813678 -0.000000 -0.563940
v -0.847625 -0.000000 -0.511500
v -0.878197 -0.000000 -0.457023
v -0.905272 -0.000000 -0.400727
v -0.928743 -0.000000 -0.342836
v -0.948516 -0.000000 -0.283579
v -0.964513 -0.000000 -0.223193
v -0.976669 -0.000000 -0.161919
v -0.984937 0.000000 -0.100000
v -0.800000 0.000000 -0.100000
v -0.800000 0.000000 0.100000
v -0.984937 0.000000 0.100000
v -0.976669 0.000000 0.161919
v -0.964513 0.000000 0.223194
v -0.948516 0.000000 0.283580
v -0.928743 0.000000 0.342837
v -0.905271 0.000000 0.400729
v -0.878196 0.000000 0.457025
v -0.847624 0.000000 0.511502
v -0.813677 0.000000 0.563942
v -0.776490 0.000000 0.614137
v -0.736211 0.000000 0.661886
v -0.693001 0.000000 0.707000
v -0.469294 -0.100000 0.707000
v -0.500856 -0.098789 0.707000
v -0.533622 -0.095077 0.707000
v -0.565583 -0.088742 0.707000
v -0.595247 -0.079481 0.707000
v -0.610173 -0.073195 0.707000
v -0.624941 -0.065833 0.707000
v -0.639039 -0.057545 0.707000
v -0.651955 -0.048483 0.707000
v -0.663725 -0.038340 0.707000
v -0.674942 -0.026495 0.707000
v -0.684939 -0.013513 0.707000
v -0.975705 -0.020591 0.100000
v -0.962836 -0.040509 0.100000
v -0.955487 -0.049568 0.100000
v -0.947778 -0.057641 0.100000
v -0.929798 -0.072284 0.100000
v -0.909558 -0.084411 0.100000
v -0.888651 -0.092790 0.100000
v -0.865580 -0.098104 0.100000
v -0.842666 -0.100000 0.100000
v -0.834132 -0.100000 0.155915
v -0.821892 -0.100000 0.211136
v -0.806001 -0.100000 0.265420
v -0.786529 -0.100000 0.318525
v -0.763562 -0.100000 0.370214
v -0.737203 -0.100000 0.420258
v -0.707569 -0.100000 0.468436
v -0.674791 -0.100000 0.514532
v -0.639015 -0.100000 0.558342
v -0.600400 -0.100000 0.599672
v -0.559117 -0.100000 0.638337
v -0.515350 -0.100000 0.674166
v -0.879873 -0.021084 0.433047
v -0.868698 -0.040488 0.427547
v -0.854987 -0.057754 0.420798
v -0.839063 -0.072474 0.412961
v -0.821303 -0.084301 0.404221
v -0.802127 -0.092953 0.394783
v -0.781988 -0.098228 0.384871
v -0.693996 -0.098228 0.527257
v -0.551402 -0.092953 0.703717
v -0.537558 -0.098228 0.686049
v -0.622771 -0.072474 0.697653
v -0.609589 -0.084301 0.682887
v -0.595356 -0.092953 0.666943
v -0.580409 -0.098228 0.650198
v -0.698592 -0.021084 0.688241
v -0.689719 -0.040488 0.679500
v -0.678833 -0.057754 0.668774
v -0.666190 -0.072474 0.656319
v -0.652090 -0.084301 0.642427
v -0.636864 -0.092953 0.627428
v -0.620874 -0.098228 0.611675
v -0.741252 -0.021084 0.642068
v -0.731838 -0.040488 0.633913
v -0.720287 -0.057754 0.623907
v -0.706872 -0.072474 0.612288
v -0.691910 -0.084301 0.599328
v -0.675755 -0.092953 0.585335
v -0.658789 -0.098228 0.570638
v -0.780867 -0.021084 0.593256
v -0.770949 -0.040488 0.585721
v -0.758781 -0.057754 0.576477
v -0.744649 -0.072474 0.565740
v -0.728888 -0.084301 0.553766
v -0.711869 -0.092953 0.540836
v -0.817272 -0.021084 0.542007
v -0.806892 -0.040488 0.535123
v -0.794157 -0.057754 0.526677
v -0.779366 -0.072474 0.516868
v -0.762870 -0.084301 0.505928
v -0.745058 -0.092953 0.494115
v -0.726352 -0.098228 0.481709
v -0.850320 -0.021084 0.488531
v -0.839520 -0.040488 0.482326
v -0.826269 -0.057754 0.474713
v -0.810881 -0.072474 0.465872
v -0.793717 -0.084301 0.456011
v -0.775186 -0.092953 0.445364
v -0.755723 -0.098228 0.434182
v -0.905810 -0.021084 0.375783
v -0.894306 -0.040488 0.371011
v -0.880191 -0.057754 0.365155
v -0.863798 -0.072474 0.358354
v -0.845514 -0.084301 0.350769
v -0.825773 -0.092953 0.342579
v -0.805040 -0.098228 0.333978
v -0.928026 -0.021084 0.316976
v -0.916239 -0.040488 0.312950
v -0.901778 -0.057754 0.308010
v -0.884983 -0.072474 0.302274
v -0.866251 -0.084301 0.295876
v -0.846026 -0.092953 0.288968
v -0.824784 -0.098228 0.281713
v -0.946428 -0.021084 0.256866
v -0.934408 -0.040488 0.253603
v -0.919659 -0.057754 0.249600
v -0.902531 -0.072474 0.244952
v -0.883428 -0.084301 0.239767
v -0.862802 -0.092953 0.234169
v -0.841139 -0.098228 0.228290
v -0.960941 -0.021084 0.195700
v -0.948736 -0.040488 0.193215
v -0.933762 -0.057754 0.190165
v -0.916371 -0.072474 0.186623
v -0.896975 -0.084301 0.182673
v -0.876032 -0.092953 0.178408
v -0.854037 -0.098228 0.173929
v -0.971505 -0.021084 0.133730
v -0.959166 -0.040488 0.132032
v -0.944027 -0.057754 0.129948
v -0.926445 -0.072474 0.127528
v -0.906836 -0.084301 0.124828
v -0.885663 -0.092953 0.121914
v -0.863426 -0.098228 0.118853
v 0.693001 -0.100000 0.707000
v 0.684939 -0.086487 0.707000
v 0.674942 -0.073505 0.707000
v 0.663725 -0.061660 0.707000
v 0.651955 -0.051517 0.707000
v 0.639039 -0.042455 0.707000
v 0.624941 -0.034167 0.707000
v 0.610173 -0.026805 0.707000
v 0.595247 -0.020519 0.707000
v 0.565583 -0.011258 0.707000
v 0.533622 -0.004923 0.707000
v 0.500856 -0.001211 0.707000
v -0.800000 -0.100000 0.100000
v -0.800000 -0.100000 -0.100000
v -0.842666 -0.100000 -0.100000
v -0.834132 -0.100000 -0.155914
v -0.821893 -0.100000 -0.211136
v -0.806002 -0.100000 -0.265419
v -0.786530 -0.100000 -0.318523
v -0.763563 -0.100000 -0.370212
v -0.737204 -0.100000 -0.420256
v -0.707570 -0.100000 -0.468434
v -0.674793 -0.100000 -0.514530
v -0.639017 -0.100000 -0.558340
v -0.600402 -0.100000 -0.599669
v -0.559120 -0.100000 -0.638334
v -0.515354 -0.100000 -0.674163
v -0.469298 -0.100000 -0.706997
v 0.693004 -0.100000 -0.706997
v 0.736214 -0.100000 -0.661883
v 0.776492 -0.100000 -0.614134
v 0.813678 -0.100000 -0.563940
v 0.847625 -0.100000 -0.511500
v 0.878197 -0.100000 -0.457023
v 0.905272 -0.100000 -0.400727
v 0.928743 -0.100000 -0.342836
v 0.948516 -0.100000 -0.283579
v 0.964513 -0.100000 -0.223193
v 0.976669 -0.100000 -0.161919
v 0.984937 -0.100000 -0.100000
v 0.800000 -0.100000 -0.100000
v 0.800000 -0.100000 0.100000
v 0.984937 -0.100000 0.100000
v 0.976669 -0.100000 0.161919
v 0.964513 -0.100000 0.223194
v 0.948516 -0.100000 0.283580
v 0.928743 -0.100000 0.342837
v 0.905271 -0.100000 0.400729
v 0.878196 -0.100000 0.457025
v 0.847624 -0.100000 0.511502
v 0.813677 -0.100000 0.563942
v 0.776490 -0.100000 0.614137
v 0.736211 -0.100000 0.661886
v -0.865580 -0.098104 -0.100000
v -0.888651 -0.092790 -0.100000
v -0.909558 -0.084411 -0.100000
v -0.929798 -0.072284 -0.100000
v -0.947778 -0.057641 -0.100000
v -0.955487 -0.049568 -0.100000
v -0.962836 -0.040509 -0.100000
v -0.975705 -0.020591 -0.100000
v -0.684942 -0.013513 -0.706997
v -0.674945 -0.026495 -0.706997
v -0.663728 -0.038340 -0.706997
v -0.651958 -0.048482 -0.706997
v -0.639043 -0.057544 -0.706997
v -0.624945 -0.065833 -0.706997
v -0.610177 -0.073195 -0.706997
v -0.595250 -0.079481 -0.706997
v -0.565587 -0.088742 -0.706997
v -0.533626 -0.095077 -0.706997
v -0.500860 -0.098789 -0.706997
v -0.879874 -0.021084 -0.433045
v -0.868699 -0.040488 -0.427545
v -0.854987 -0.057754 -0.420797
v -0.839064 -0.072474 -0.412960
v -0.821304 -0.084301 -0.404219
v -0.802128 -0.092953 -0.394781
v -0.781989 -0.098228 -0.384869
v -0.971505 -0.021084 -0.133728
v -0.693997 -0.098228 -0.527256
v -0.959166 -0.040488 -0.132030
v -0.944027 -0.057754 -0.129946
v -0.926445 -0.072474 -0.127526
v -0.906836 -0.084301 -0.124827
v -0.885663 -0.092953 -0.121912
v -0.863427 -0.098228 -0.118851
v -0.960941 -0.021084 -0.195698
v -0.948737 -0.040488 -0.193213
v -0.933762 -0.057754 -0.190163
v -0.916371 -0.072474 -0.186621
v -0.896975 -0.084301 -0.182671
v -0.876033 -0.092953 -0.178406
v -0.854038 -0.098228 -0.173927
v -0.946428 -0.021084 -0.256864
v -0.934408 -0.040488 -0.253601
v -0.919660 -0.057754 -0.249599
v -0.902532 -0.072474 -0.244950
v -0.883429 -0.084301 -0.239765
v -0.862802 -0.092953 -0.234167
v -0.841139 -0.098228 -0.228288
v -0.928027 -0.021084 -0.316974
v -0.916240 -0.040488 -0.312948
v -0.901778 -0.057754 -0.308009
v -0.884983 -0.072474 -0.302272
v -0.866252 -0.084301 -0.295874
v -0.846026 -0.092953 -0.288966
v -0.824785 -0.098228 -0.281711
v -0.905811 -0.021084 -0.375782
v -0.894307 -0.040488 -0.371009
v -0.880191 -0.057754 -0.365153
v -0.863798 -0.072474 -0.358352
v -0.845515 -0.084301 -0.350767
v -0.825774 -0.092953 -0.342578
v -0.805041 -0.098228 -0.333976
v -0.850321 -0.021084 -0.488529
v -0.839521 -0.040488 -0.482324
v -0.826270 -0.057754 -0.474711
v -0.810881 -0.072474 -0.465870
v -0.793718 -0.084301 -0.456010
v -0.775186 -0.092953 -0.445363
v -0.755724 -0.098228 -0.434181
v -0.817273 -0.021084 -0.542005
v -0.806894 -0.040488 -0.535122
v -0.794158 -0.057754 -0.526675
v -0.779367 -0.072474 -0.516866
v -0.762871 -0.084301 -0.505926
v -0.745059 -0.092953 -0.494114
v -0.726353 -0.098228 -0.481708
v -0.780868 -0.021084 -0.593255
v -0.770950 -0.040488 -0.585720
v -0.758782 -0.057754 -0.576475
v -0.744650 -0.072474 -0.565739
v -0.728889 -0.084301 -0.553764
v -0.711870 -0.092953 -0.540835
v -0.741254 -0.021084 -0.642066
v -0.731839 -0.040488 -0.633911
v -0.720288 -0.057754 -0.623906
v -0.706873 -0.072474 -0.612286
v -0.691911 -0.084301 -0.599326
v -0.675756 -0.092953 -0.585333
v -0.658790 -0.098228 -0.570637
v -0.698593 -0.021084 -0.688239
v -0.689721 -0.040488 -0.679498
v -0.678834 -0.057754 -0.668773
v -0.666191 -0.072474 -0.656318
v -0.652091 -0.084301 -0.642426
v -0.636866 -0.092953 -0.627427
v -0.620876 -0.098228 -0.611674
v -0.622772 -0.072474 -0.697652
v -0.609591 -0.084301 -0.682886
v -0.595358 -0.092953 -0.666942
v -0.580410 -0.098228 -0.650196
v -0.551403 -0.092953 -0.703716
v -0.537559 -0.098228 -0.686047
v 0.501007 -0.001213 -0.706997
v 0.533887 -0.004909 -0.706997
v 0.565508 -0.011173 -0.706997
v 0.580325 -0.015368 -0.706997
v 0.595512 -0.020691 -0.706997
v 0.625486 -0.034352 -0.706997
v 0.639124 -0.042378 -0.706997
v 0.651732 -0.051434 -0.706997
v 0.663980 -0.062093 -0.706997
v 0.675317 -0.073984 -0.706997
v 0.685156 -0.086712 -0.706997
v 0.975705 -0.079409 0.100000
v 0.962836 -0.059491 0.100000
v 0.955487 -0.050432 0.100000
v 0.947778 -0.042359 0.100000
v 0.929798 -0.027716 0.100000
v 0.909558 -0.015589 0.100000
v 0.888651 -0.007210 0.100000
v 0.865580 -0.001896 0.100000
v 0.879873 -0.078916 0.433047
v 0.868698 -0.059512 0.427547
v 0.854987 -0.042246 0.420798
v 0.839063 -0.027526 0.412961
v 0.821303 -0.015699 0.404221
v 0.802127 -0.007047 0.394783
v 0.781988 -0.001772 0.384871
v 0.693996 -0.001772 0.527257
v 0.551402 -0.007047 0.703717
v 0.537558 -0.001772 0.686049
v 0.622771 -0.027526 0.697653
v 0.609589 -0.015699 0.682887
v 0.595356 -0.007047 0.666943
v 0.580409 -0.001772 0.650198
v 0.698592 -0.078916 0.688241
v 0.689719 -0.059512 0.679500
v 0.678833 -0.042246 0.668774
v 0.666190 -0.027526 0.656319
v 0.652090 -0.015699 0.642427
v 0.636864 -0.007047 0.627428
v 0.620874 -0.001772 0.611675
v 0.741252 -0.078916 0.642068
v 0.731838 -0.059512 0.633913
v 0.720287 -0.042246 0.623907
v 0.706872 -0.027526 0.612288
v 0.691910 -0.015699 0.599328
v 0.675755 -0.007047 0.585335
v 0.658789 -0.001772 0.570638
v 0.780867 -0.078916 0.593256
v 0.770949 -0.059512 0.585721
v 0.758781 -0.042246 0.576477
v 0.744649 -0.027526 0.565740
v 0.728888 -0.015699 0.553766
v 0.711869 -0.007047 0.540836
v 0.817272 -0.078916 0.542007
v 0.806892 -0.059512 0.535123
v 0.794157 -0.042246 0.526677
v 0.779366 -0.027526 0.516868
v 0.762870 -0.015699 0.505928
v 0.745058 -0.007047 0.494115
v 0.726352 -0.001772 0.481709
v 0.850320 -0.078916 0.488531
v 0.839520 -0.059512 0.482326
v 0.826269 -0.042246 0.474713
v 0.810881 -0.027526 0.465872
v 0.793717 -0.015699 0.456011
v 0.775186 -0.007047 0.445364
v 0.755723 -0.001772 0.434182
v 0.905810 -0.078916 0.375783
v 0.894306 -0.059512 0.371011
v 0.880191 -0.042246 0.365155
v 0.863798 -0.027526 0.358354
v 0.845514 -0.015699 0.350769
v 0.825773 -0.007047 0.342579
v 0.805040 -0.001772 0.333978
v 0.928026 -0.078916 0.316976
v 0.916239 -0.059512 0.312950
v 0.901778 -0.042246 0.308010
v 0.884983 -0.027526 0.302274
v 0.866251 -0.015699 0.295876
v 0.846026 -0.007047 0.288968
v 0.824784 -0.001772 0.281713
v 0.946428 -0.078916 0.256866
v 0.934408 -0.059512 0.253603
v 0.919659 -0.042246 0.249600
v 0.902531 -0.027526 0.244952
v 0.883428 -0.015699 0.239767
v 0.862802 -0.007047 0.234169
v 0.841139 -0.001772 0.228290
v 0.960941 -0.078916 0.195700
v 0.948736 -0.059512 0.193215
v 0.933762 -0.042246 0.190165
v 0.916371 -0.027526 0.186623
v 0.896975 -0.015699 0.182673
v 0.876032 -0.007047 0.178408
v 0.854037 -0.001772 0.173929
v 0.971505 -0.078916 0.133730
v 0.959166 -0.059512 0.132032
v 0.944027 -0.042246 0.129948
v 0.926445 -0.027526 0.127528
v 0.906836 -0.015699 0.124828
v 0.885663 -0.007047 0.121914
v 0.863426 -0.001772 0.118853
v 0.865580 -0.001896 -0.100000
v 0.888651 -0.007210 -0.100000
v 0.909558 -0.015589 -0.100000
v 0.929798 -0.027716 -0.100000
v 0.947778 -0.042359 -0.100000
v 0.955487 -0.050432 -0.100000
v 0.962836 -0.059491 -0.100000
v 0.975705 -0.079409 -0.100000
v 0.879874 -0.078916 -0.433045
v 0.868699 -0.059512 -0.427545
v 0.854987 -0.042246 -0.420797
v 0.839064 -0.027526 -0.412960
v 0.821304 -0.015699 -0.404219
v 0.802128 -0.007047 -0.394781
v 0.781989 -0.001772 -0.384869
v 0.971505 -0.078916 -0.133728
v 0.693997 -0.001772 -0.527256
v 0.959166 -0.059512 -0.132030
v 0.944027 -0.042246 -0.129946
v 0.926445 -0.027526 -0.127526
v 0.906836 -0.015699 -0.124827
v 0.885663 -0.007047 -0.121912
v 0.863427 -0.001772 -0.118851
v 0.960941 -0.078916 -0.195698
v 0.948737 -0.059512 -0.193213
v 0.933762 -0.042246 -0.190163
v 0.916371 -0.027526 -0.186621
v 0.896975 -0.015699 -0.182671
v 0.876033 -0.007047 -0.178406
v 0.854038 -0.001772 -0.173927
v 0.946428 -0.078916 -0.256864
v 0.934408 -0.059512 -0.253601
v 0.919660 -0.042246 -0.249599
v 0.902532 -0.027526 -0.244950
v 0.883429 -0.015699 -0.239765
v 0.862802 -0.007047 -0.234167
v 0.841139 -0.001772 -0.228288
v 0.928027 -0.078916 -0.316974
v 0.916240 -0.059512 -0.312948
v 0.901778 -0.042246 -0.308009
v 0.884983 -0.027526 -0.302272
v 0.866252 -0.015699 -0.295874
v 0.846026 -0.007047 -0.288966
v 0.824785 -0.001772 -0.281711
v 0.905811 -0.078916 -0.375782
v 0.894307 -0.059512 -0.371009
v 0.880191 -0.042246 -0.365153
v 0.863798 -0.027526 -0.358352
v 0.845515 -0.015699 -0.350767
v 0.825774 -0.007047 -0.342578
v 0.805041 -0.001772 -0.333976
v 0.850321 -0.078916 -0.488529
v 0.839521 -0.059512 -0.482324
v 0.826270 -0.042246 -0.474711
v 0.810881 -0.027526 -0.465870
v 0.793718 -0.015699 -0.456010
v 0.775186 -0.007047 -0.445363
v 0.755724 -0.001772 -0.434181
v 0.817273 -0.078916 -0.542005
v 0.806894 -0.059512 -0.535122
v 0.794158 -0.042246 -0.526675
v 0.779367 -0.027526 -0.516866
v 0.762871 -0.015699 -0.505926
v 0.745059 -0.007047 -0.494114
v 0.726353 -0.001772 -0.481708
v 0.780868 -0.078916 -0.593255
v 0.770950 -0.059512 -0.585720
v 0.758782 -0.042246 -0.576475
v 0.744650 -0.027526 -0.565739
v 0.728889 -0.015699 -0.553764
v 0.711870 -0.007047 -0.540835
v 0.741254 -0.078916 -0.642066
v 0.731839 -0.059512 -0.633911
v 0.720288 -0.042246 -0.623906
v 0.706873 -0.027526 -0.612286
v 0.691911 -0.015699 -0.599326
v 0.675756 -0.007047 -0.585333
v 0.658790 -0.001772 -0.570637
v 0.698593 -0.078916 -0.688239
v 0.689721 -0.059512 -0.679498
v 0.678834 -0.042246 -0.668773
v 0.666191 -0.027526 -0.656318
v 0.652091 -0.015699 -0.642426
v 0.636866 -0.007047 -0.627427
v 0.620876 -0.001772 -0.611674
v 0.622772 -0.027526 -0.697652
v 0.609591 -0.015699 -0.682886
v 0.595358 -0.007047 -0.666942
v 0.580410 -0.001772 -0.650196
v 0.551403 -0.007047 -0.703716
v 0.537559 -0.001772 -0.686047
usemtl Steel_-_Satin
f 54 1 64
f 64 1 2
f 64 2 63
f 63 2 3
f 63 3 4
f 63 4 61
f 61 4 5
f 61 5 6
f 7 65 6
f 6 65 62
f 6 62 61
f 61 62 69
f 61 69 63
f 63 69 70
f 63 70 64
f 64 70 54
f 7 8 65
f 65 8 60
f 65 60 62
f 60 76 77
f 77 62 60
f 76 84 85
f 85 77 76
f 84 92 93
f 93 85 84
f 92 100 101
f 101 93 92
f 100 108 109
f 109 101 100
f 108 116 117
f 117 109 108
f 116 124 125
f 125 117 116
f 124 132 133
f 133 125 124
f 132 139 140
f 140 133 132
f 140 139 146
f 146 139 37
f 146 37 38
f 9 71 8
f 8 71 59
f 8 59 60
f 59 75 76
f 76 60 59
f 75 83 84
f 84 76 75
f 83 91 92
f 92 84 83
f 91 99 100
f 100 92 91
f 99 107 108
f 108 100 99
f 107 115 116
f 116 108 107
f 115 123 124
f 124 116 115
f 123 131 132
f 132 124 123
f 131 138 139
f 139 132 131
f 139 138 35
f 35 138 149
f 35 149 34
f 34 149 33
f 33 149 137
f 33 137 145
f 145 137 136
f 145 136 144
f 144 136 135
f 144 135 143
f 143 135 27
f 143 27 28
f 10 58 9
f 9 58 59
f 9 59 71
f 10 11 58
f 58 11 57
f 58 57 68
f 68 57 67
f 67 73 74
f 74 68 67
f 73 81 82
f 82 74 73
f 81 89 90
f 90 82 81
f 89 97 98
f 98 90 89
f 97 105 106
f 106 98 97
f 105 113 114
f 114 106 105
f 113 121 122
f 122 114 113
f 121 129 130
f 130 122 121
f 129 136 137
f 137 130 129
f 11 12 57
f 57 12 56
f 57 56 67
f 67 56 66
f 67 66 73
f 73 66 72
f 73 72 81
f 81 72 80
f 81 80 89
f 89 80 88
f 89 88 97
f 97 88 96
f 97 96 105
f 105 96 104
f 105 104 113
f 113 104 112
f 113 112 121
f 121 112 120
f 121 120 128
f 128 120 24
f 128 24 25
f 12 13 56
f 56 13 15
f 56 15 66
f 66 15 16
f 66 16 72
f 72 16 17
f 72 17 80
f 80 17 18
f 80 18 88
f 88 18 19
f 88 19 96
f 96 19 20
f 96 20 104
f 104 20 21
f 104 21 22
f 13 14 15
f 104 22 112
f 112 22 23
f 112 23 120
f 120 23 24
f 25 26 128
f 128 26 135
f 128 135 129
f 129 135 136
f 26 27 135
f 28 29 143
f 143 29 30
f 143 30 144
f 144 30 31
f 144 31 32
f 144 32 145
f 145 32 33
f 139 35 150
f 150 35 36
f 150 36 37
f 38 39 146
f 146 39 147
f 146 147 140
f 140 147 141
f 141 134 133
f 133 140 141
f 134 126 125
f 125 133 134
f 126 118 117
f 117 125 126
f 118 110 109
f 109 117 118
f 110 102 101
f 101 109 110
f 102 94 93
f 93 101 102
f 94 86 85
f 85 93 94
f 86 78 77
f 77 85 86
f 78 69 62
f 62 77 78
f 39 40 147
f 147 40 148
f 147 148 141
f 141 148 142
f 141 142 55
f 55 142 43
f 55 43 44
f 40 41 148
f 148 41 42
f 148 42 142
f 142 42 43
f 44 45 55
f 55 45 127
f 55 127 134
f 134 127 126
f 45 46 127
f 127 46 119
f 127 119 118
f 118 119 110
f 46 47 119
f 119 47 111
f 119 111 110
f 110 111 102
f 47 48 111
f 111 48 49
f 111 49 103
f 103 49 50
f 103 50 95
f 95 50 51
f 95 51 87
f 87 51 52
f 87 52 79
f 79 52 53
f 79 53 70
f 70 53 54
f 59 58 68
f 59 68 74
f 74 75 59
f 79 70 69
f 74 82 83
f 83 75 74
f 82 90 91
f 91 83 82
f 90 98 99
f 99 91 90
f 98 106 107
f 107 99 98
f 106 114 115
f 115 107 106
f 114 122 123
f 123 115 114
f 122 130 131
f 131 123 122
f 130 137 138
f 138 131 130
f 138 137 149
f 87 79 78
f 78 79 69
f 95 87 86
f 86 87 78
f 103 95 94
f 94 95 86
f 111 103 102
f 102 103 94
f 126 127 118
f 129 121 128
f 141 55 134
f 150 37 139
f 152 414 151
f 151 414 415
f 151 415 232
f 232 415 416
f 232 416 231
f 231 416 417
f 231 417 230
f 230 417 418
f 230 418 229
f 229 418 419
f 229 419 228
f 228 419 420
f 228 420 227
f 227 420 421
f 227 421 226
f 226 421 422
f 226 422 225
f 225 422 423
f 225 423 224
f 224 423 424
f 224 424 223
f 223 424 425
f 223 425 222
f 222 425 426
f 222 426 221
f 221 426 427
f 221 427 220
f 220 427 970
f 220 970 219
f 219 970 964
f 219 964 218
f 218 964 958
f 218 958 217
f 217 958 952
f 217 952 216
f 216 952 946
f 216 946 215
f 215 946 940
f 215 940 214
f 214 940 934
f 214 934 213
f 213 934 928
f 213 928 212
f 212 928 922
f 212 922 211
f 211 922 916
f 211 916 210
f 210 916 910
f 210 910 209
f 209 910 904
f 209 904 208
f 208 904 892
f 208 892 328
f 328 892 903
f 328 903 401
f 401 903 902
f 401 902 400
f 400 902 399
f 399 902 901
f 399 901 398
f 398 901 397
f 397 901 900
f 397 900 396
f 396 900 899
f 396 899 979
f 979 899 978
f 979 978 981
f 981 978 980
f 981 980 983
f 983 980 982
f 983 982 985
f 985 982 984
f 985 984 987
f 987 984 986
f 987 986 989
f 989 986 988
f 989 988 991
f 991 988 990
f 991 990 992
f 992 990 250
f 992 250 778
f 778 250 251
f 778 251 777
f 777 251 776
f 776 251 775
f 775 251 774
f 774 251 252
f 774 252 773
f 773 252 772
f 772 252 771
f 771 252 253
f 771 253 770
f 770 253 769
f 769 253 768
f 768 253 254
f 768 254 767
f 767 254 766
f 766 254 255
f 766 255 765
f 765 255 764
f 764 255 256
f 764 256 763
f 763 256 762
f 762 256 257
f 762 257 761
f 761 257 760
f 760 257 258
f 760 258 759
f 759 258 259
f 759 259 758
f 758 259 757
f 757 259 260
f 757 260 756
f 756 260 755
f 755 260 261
f 755 261 754
f 754 261 753
f 753 261 262
f 753 262 752
f 752 262 751
f 751 262 263
f 751 263 750
f 750 263 749
f 749 263 264
f 749 264 748
f 748 264 747
f 747 264 265
f 747 265 746
f 746 265 745
f 745 265 744
f 744 265 266
f 744 266 743
f 743 266 742
f 742 266 741
f 741 266 267
f 741 267 740
f 740 267 739
f 739 267 738
f 738 267 268
f 738 268 993
f 993 268 269
f 993 269 996
f 996 269 270
f 996 270 998
f 998 270 271
f 998 271 1000
f 1000 271 272
f 1000 272 1002
f 1002 272 273
f 1002 273 891
f 891 273 274
f 891 274 889
f 889 274 275
f 889 275 883
f 883 275 276
f 883 276 877
f 877 276 277
f 877 277 278
f 414 152 413
f 413 152 153
f 413 153 412
f 412 153 154
f 412 154 411
f 411 154 155
f 411 155 410
f 410 155 156
f 410 156 409
f 409 156 157
f 409 157 408
f 408 157 158
f 408 158 407
f 407 158 159
f 407 159 406
f 406 159 160
f 406 160 405
f 405 160 161
f 405 161 404
f 404 161 162
f 404 162 403
f 403 162 163
f 403 163 402
f 402 163 164
f 402 164 811
f 811 164 800
f 811 800 810
f 810 800 801
f 810 801 809
f 809 801 802
f 809 802 808
f 808 802 803
f 808 803 807
f 807 803 804
f 807 804 806
f 806 804 805
f 806 805 294
f 294 805 293
f 293 805 817
f 293 817 292
f 292 817 823
f 292 823 291
f 291 823 829
f 291 829 290
f 290 829 835
f 290 835 289
f 289 835 288
f 288 835 841
f 288 841 287
f 287 841 286
f 286 841 847
f 286 847 285
f 285 847 853
f 285 853 284
f 284 853 283
f 283 853 859
f 283 859 282
f 282 859 281
f 281 859 865
f 281 865 280
f 280 865 871
f 280 871 279
f 279 871 278
f 278 871 877
f 800 164 812
f 812 164 165
f 812 165 818
f 818 165 166
f 818 166 824
f 824 166 167
f 824 167 830
f 830 167 168
f 830 168 836
f 836 168 169
f 836 169 842
f 842 169 170
f 842 170 848
f 848 170 171
f 848 171 854
f 854 171 172
f 854 172 860
f 860 172 173
f 860 173 866
f 866 173 174
f 866 174 872
f 872 174 175
f 872 175 878
f 878 175 176
f 878 176 884
f 884 176 177
f 884 177 359
f 359 177 178
f 359 178 358
f 358 178 179
f 358 179 357
f 357 179 356
f 356 179 180
f 356 180 355
f 355 180 181
f 355 181 354
f 354 181 182
f 354 182 353
f 353 182 183
f 353 183 352
f 352 183 184
f 352 184 351
f 351 184 185
f 351 185 350
f 350 185 186
f 350 186 349
f 349 186 187
f 349 187 348
f 348 187 188
f 348 188 347
f 347 188 189
f 347 189 346
f 346 189 190
f 346 190 345
f 345 190 191
f 345 191 344
f 344 191 192
f 344 192 343
f 343 192 193
f 343 193 342
f 342 193 194
f 342 194 341
f 341 194 195
f 341 195 340
f 340 195 196
f 340 196 339
f 339 196 197
f 339 197 338
f 338 197 198
f 338 198 337
f 337 198 199
f 337 199 336
f 336 199 200
f 336 200 335
f 335 200 201
f 335 201 334
f 334 201 202
f 334 202 333
f 333 202 203
f 333 203 332
f 332 203 204
f 332 204 331
f 331 204 205
f 331 205 330
f 330 205 206
f 330 206 329
f 329 206 207
f 329 207 328
f 328 207 208
f 234 235 233
f 233 235 238
f 233 238 933
f 933 238 927
f 933 927 926
f 926 927 920
f 926 920 919
f 919 920 913
f 913 912 918
f 918 919 913
f 918 912 911
f 911 912 905
f 911 905 904
f 904 905 892
f 235 236 238
f 238 236 237
f 238 239 927
f 927 239 921
f 927 921 920
f 920 921 914
f 920 914 913
f 913 914 907
f 913 907 906
f 906 907 894
f 906 894 893
f 893 894 901
f 893 901 902
f 239 240 921
f 921 240 915
f 921 915 914
f 914 915 908
f 914 908 907
f 907 908 895
f 907 895 894
f 894 895 900
f 894 900 901
f 240 241 915
f 915 241 909
f 915 909 908
f 908 909 896
f 908 896 895
f 895 896 899
f 895 899 900
f 241 242 909
f 909 242 897
f 909 897 896
f 896 897 898
f 896 898 899
f 899 898 978
f 242 243 897
f 897 243 898
f 898 243 978
f 978 243 244
f 978 244 980
f 980 244 245
f 980 245 982
f 982 245 246
f 982 246 984
f 984 246 247
f 984 247 986
f 986 247 248
f 986 248 988
f 988 248 249
f 988 249 990
f 990 249 250
f 806 294 1004
f 1004 294 295
f 1004 295 1006
f 1006 295 296
f 1006 296 1008
f 1008 296 297
f 1008 297 1010
f 1010 297 298
f 1010 298 1012
f 1012 298 299
f 1012 299 527
f 527 299 526
f 526 299 525
f 525 299 524
f 524 299 300
f 524 300 523
f 523 300 522
f 522 300 521
f 521 300 301
f 521 301 520
f 520 301 519
f 519 301 518
f 518 301 302
f 518 302 517
f 517 302 516
f 516 302 303
f 516 303 515
f 515 303 514
f 514 303 304
f 514 304 513
f 513 304 512
f 512 304 305
f 512 305 511
f 511 305 510
f 510 305 306
f 510 306 509
f 509 306 508
f 508 306 307
f 508 307 507
f 507 307 506
f 506 307 308
f 506 308 505
f 505 308 309
f 505 309 504
f 504 309 503
f 503 309 310
f 503 310 502
f 502 310 501
f 501 310 311
f 501 311 500
f 500 311 499
f 499 311 312
f 499 312 498
f 498 312 497
f 497 312 313
f 497 313 496
f 496 313 495
f 495 313 494
f 494 313 314
f 494 314 493
f 493 314 492
f 492 314 491
f 491 314 315
f 491 315 490
f 490 315 489
f 489 315 488
f 488 315 487
f 487 315 316
f 487 316 1013
f 1013 316 317
f 1013 317 1016
f 1016 317 318
f 1016 318 1018
f 1018 318 319
f 1018 319 977
f 977 319 320
f 977 320 975
f 975 320 321
f 975 321 969
f 969 321 322
f 969 322 963
f 963 322 323
f 963 323 957
f 957 323 324
f 957 324 951
f 951 324 325
f 951 325 945
f 945 325 326
f 945 326 939
f 939 326 327
f 939 327 933
f 933 327 233
f 359 360 884
f 884 360 885
f 884 885 878
f 878 885 879
f 878 879 872
f 872 879 873
f 872 873 866
f 866 873 867
f 866 867 860
f 860 867 861
f 860 861 854
f 854 861 855
f 854 855 848
f 848 855 849
f 848 849 842
f 842 849 843
f 842 843 836
f 836 843 837
f 836 837 830
f 830 837 831
f 830 831 824
f 824 831 825
f 824 825 818
f 818 825 819
f 818 819 812
f 812 819 813
f 812 813 800
f 800 813 801
f 360 361 885
f 885 361 362
f 885 362 886
f 886 362 363
f 886 363 364
f 886 364 887
f 887 364 365
f 887 365 888
f 888 365 890
f 888 890 891
f 891 890 1002
f 365 366 890
f 890 366 1003
f 890 1003 1002
f 1002 1003 1000
f 366 367 1003
f 1003 367 368
f 1003 368 1001
f 1001 368 369
f 1001 369 999
f 999 369 370
f 999 370 997
f 997 370 371
f 997 371 994
f 994 371 372
f 994 372 995
f 995 372 373
f 995 373 1020
f 1020 373 699
f 1020 699 700
f 373 374 699
f 699 374 698
f 698 374 697
f 697 374 696
f 696 374 695
f 695 374 375
f 695 375 694
f 694 375 693
f 693 375 692
f 692 375 376
f 692 376 691
f 691 376 690
f 690 376 689
f 689 376 377
f 689 377 688
f 688 377 687
f 687 377 686
f 686 377 378
f 686 378 685
f 685 378 684
f 684 378 379
f 684 379 683
f 683 379 682
f 682 379 380
f 682 380 681
f 681 380 680
f 680 380 381
f 680 381 679
f 679 381 678
f 678 381 677
f 677 381 382
f 677 382 676
f 676 382 675
f 675 382 383
f 675 383 674
f 674 383 673
f 673 383 384
f 673 384 672
f 672 384 671
f 671 384 670
f 670 384 385
f 670 385 669
f 669 385 668
f 668 385 667
f 667 385 386
f 667 386 666
f 666 386 665
f 665 386 664
f 664 386 387
f 664 387 663
f 663 387 662
f 662 387 661
f 661 387 799
f 661 799 660
f 660 799 659
f 659 799 658
f 658 799 657
f 657 799 656
f 656 799 655
f 655 799 791
f 655 791 654
f 654 791 653
f 653 791 652
f 652 791 792
f 652 792 651
f 651 792 650
f 650 792 649
f 649 792 793
f 649 793 648
f 648 793 647
f 647 793 794
f 647 794 646
f 646 794 645
f 645 794 795
f 645 795 644
f 644 795 643
f 643 795 796
f 643 796 642
f 642 796 797
f 642 797 641
f 641 797 640
f 640 797 14
f 640 14 1
f 1 14 13
f 1 13 2
f 2 13 12
f 2 12 3
f 3 12 4
f 4 12 11
f 4 11 5
f 5 11 10
f 5 10 6
f 6 10 9
f 6 9 7
f 7 9 8
f 387 388 799
f 799 388 1021
f 799 1021 790
f 790 1021 789
f 789 1021 788
f 788 1021 787
f 787 1021 786
f 786 1021 785
f 785 1021 991
f 785 991 784
f 784 991 783
f 783 991 782
f 782 991 992
f 782 992 781
f 781 992 780
f 780 992 779
f 779 992 778
f 388 389 1021
f 1021 389 991
f 389 390 991
f 991 390 989
f 390 391 989
f 989 391 987
f 391 392 987
f 987 392 985
f 392 393 985
f 985 393 983
f 393 394 983
f 983 394 981
f 394 395 981
f 981 395 979
f 395 396 979
f 428 972 427
f 427 972 971
f 427 971 970
f 970 971 964
f 429 976 428
f 428 976 974
f 428 974 973
f 973 974 967
f 973 967 966
f 966 967 960
f 966 960 959
f 959 960 953
f 959 953 952
f 952 953 946
f 976 429 1019
f 1019 429 430
f 1019 430 1017
f 1017 430 431
f 1017 431 1014
f 1014 431 432
f 1014 432 1015
f 1015 432 433
f 1015 433 1022
f 1022 433 434
f 1022 434 618
f 618 434 617
f 617 434 616
f 616 434 615
f 615 434 435
f 615 435 614
f 614 435 613
f 613 435 612
f 612 435 436
f 612 436 611
f 611 436 610
f 610 436 609
f 609 436 437
f 609 437 608
f 608 437 607
f 607 437 606
f 606 437 438
f 606 438 605
f 605 438 604
f 604 438 439
f 604 439 603
f 603 439 602
f 602 439 601
f 601 439 440
f 601 440 600
f 600 440 599
f 599 440 441
f 599 441 598
f 598 441 597
f 597 441 442
f 597 442 596
f 596 442 595
f 595 442 443
f 595 443 594
f 594 443 593
f 593 443 592
f 592 443 444
f 592 444 591
f 591 444 590
f 590 444 445
f 590 445 589
f 589 445 588
f 588 445 587
f 587 445 446
f 587 446 586
f 586 446 585
f 585 446 584
f 584 446 583
f 583 446 447
f 583 447 582
f 582 447 581
f 581 447 580
f 580 447 798
f 580 798 579
f 579 798 578
f 578 798 577
f 577 798 576
f 576 798 575
f 575 798 574
f 574 798 540
f 574 540 573
f 573 540 541
f 573 541 572
f 572 541 571
f 571 541 570
f 570 541 569
f 569 541 542
f 569 542 568
f 568 542 567
f 567 542 543
f 567 543 566
f 566 543 544
f 566 544 565
f 565 544 564
f 564 544 545
f 564 545 563
f 563 545 562
f 562 545 546
f 562 546 561
f 561 546 547
f 561 547 560
f 560 547 548
f 560 548 559
f 559 548 549
f 559 549 558
f 558 549 557
f 557 549 550
f 557 550 556
f 556 550 551
f 556 551 555
f 555 551 552
f 555 552 554
f 554 552 553
f 447 448 798
f 798 448 1023
f 798 1023 539
f 539 1023 538
f 538 1023 537
f 537 1023 536
f 536 1023 535
f 535 1023 534
f 534 1023 1011
f 534 1011 533
f 533 1011 532
f 532 1011 1012
f 532 1012 531
f 531 1012 530
f 530 1012 529
f 529 1012 528
f 528 1012 527
f 448 449 1023
f 1023 449 1011
f 449 450 1011
f 1011 450 1009
f 1011 1009 1008
f 1008 1009 1006
f 450 451 1009
f 1009 451 1007
f 1009 1007 1006
f 1006 1007 1004
f 451 452 1007
f 1007 452 1005
f 1007 1005 1004
f 1004 1005 807
f 1004 807 806
f 452 453 1005
f 1005 453 807
f 402 811 453
f 453 811 810
f 453 810 809
f 455 466 454
f 454 466 467
f 454 467 639
f 639 467 468
f 639 468 638
f 638 468 637
f 637 468 469
f 637 469 636
f 636 469 470
f 636 470 635
f 635 470 634
f 634 470 471
f 634 471 633
f 633 471 632
f 632 471 472
f 632 472 631
f 631 472 630
f 630 472 473
f 630 473 629
f 629 473 628
f 628 473 627
f 627 473 474
f 627 474 626
f 626 474 625
f 625 474 624
f 624 474 1022
f 624 1022 623
f 623 1022 622
f 622 1022 621
f 621 1022 620
f 620 1022 619
f 619 1022 618
f 466 455 465
f 465 455 456
f 465 456 464
f 464 456 463
f 463 456 457
f 463 457 462
f 462 457 458
f 462 458 461
f 461 458 459
f 461 459 460
f 474 475 1022
f 1022 475 476
f 1022 476 1015
f 1015 476 477
f 1015 477 478
f 478 479 1015
f 1015 479 480
f 1015 480 481
f 481 482 1015
f 1015 482 483
f 1015 483 1014
f 1014 483 1013
f 1014 1013 1017
f 1017 1013 1016
f 1017 1016 1019
f 1019 1016 1018
f 1019 1018 976
f 976 1018 977
f 976 977 974
f 974 977 975
f 974 975 968
f 968 975 969
f 968 969 962
f 962 969 963
f 962 963 956
f 956 963 957
f 956 957 950
f 950 957 951
f 950 951 944
f 944 951 945
f 944 945 938
f 938 945 939
f 938 939 932
f 932 939 933
f 932 933 926
f 483 484 1013
f 1013 484 485
f 1013 485 486
f 486 487 1013
f 539 540 798
f 700 701 1020
f 1020 701 702
f 1020 702 703
f 703 704 1020
f 1020 704 705
f 1020 705 725
f 725 705 706
f 725 706 724
f 724 706 707
f 724 707 708
f 708 709 724
f 724 709 710
f 724 710 723
f 723 710 711
f 723 711 712
f 723 712 722
f 722 712 713
f 722 713 714
f 722 714 721
f 721 714 715
f 721 715 720
f 720 715 716
f 720 716 717
f 720 717 719
f 719 717 718
f 719 718 28
f 28 718 41
f 28 41 29
f 29 41 40
f 29 40 30
f 30 40 39
f 30 39 31
f 31 39 32
f 32 39 38
f 32 38 33
f 33 38 37
f 33 37 34
f 34 37 36
f 34 36 35
f 725 726 1020
f 1020 726 995
f 726 727 995
f 995 727 728
f 995 728 729
f 729 730 995
f 995 730 731
f 995 731 732
f 732 733 995
f 995 733 994
f 733 734 994
f 994 734 993
f 994 993 997
f 997 993 996
f 997 996 999
f 999 996 998
f 999 998 1001
f 1001 998 1000
f 1001 1000 1003
f 734 735 993
f 993 735 736
f 993 736 737
f 737 738 993
f 790 791 799
f 802 801 814
f 814 801 813
f 814 813 820
f 820 813 819
f 820 819 826
f 826 819 825
f 826 825 832
f 832 825 831
f 832 831 838
f 838 831 837
f 838 837 844
f 844 837 843
f 844 843 850
f 850 843 849
f 850 849 856
f 856 849 855
f 856 855 862
f 862 855 861
f 862 861 868
f 868 861 867
f 868 867 874
f 874 867 873
f 874 873 880
f 880 873 879
f 880 879 886
f 886 879 885
f 803 802 815
f 815 802 814
f 815 814 821
f 821 814 820
f 820 826 827
f 827 821 820
f 826 832 833
f 833 827 826
f 832 838 839
f 839 833 832
f 838 844 845
f 845 839 838
f 844 850 851
f 851 845 844
f 850 856 857
f 857 851 850
f 856 862 863
f 863 857 856
f 862 868 869
f 869 863 862
f 868 874 875
f 875 869 868
f 875 874 881
f 881 874 880
f 881 880 887
f 887 880 886
f 817 805 804
f 804 803 816
f 816 803 815
f 816 815 822
f 822 815 821
f 822 821 828
f 828 821 827
f 828 827 834
f 834 827 833
f 834 833 840
f 840 833 839
f 840 839 846
f 846 839 845
f 846 845 852
f 852 845 851
f 852 851 858
f 858 851 857
f 858 857 864
f 864 857 863
f 864 863 870
f 870 863 869
f 870 869 876
f 876 869 875
f 876 875 882
f 882 875 881
f 882 881 888
f 888 881 887
f 453 809 808
f 808 807 453
f 823 817 816
f 816 817 804
f 823 816 822
f 829 823 822
f 829 822 828
f 835 829 828
f 835 828 834
f 841 835 834
f 841 834 840
f 847 841 840
f 847 840 846
f 853 847 846
f 853 846 852
f 859 853 852
f 859 852 858
f 865 859 858
f 865 858 864
f 871 865 864
f 871 864 870
f 877 871 870
f 877 870 876
f 883 877 876
f 883 876 882
f 889 883 882
f 889 882 888
f 891 889 888
f 903 892 902
f 902 892 893
f 906 893 905
f 905 893 892
f 911 904 910
f 913 906 912
f 912 906 905
f 911 910 917
f 917 910 916
f 917 916 923
f 923 916 922
f 923 922 929
f 929 922 928
f 929 928 935
f 935 928 934
f 935 934 941
f 941 934 940
f 941 940 947
f 947 940 946
f 947 946 953
f 911 917 918
f 918 917 924
f 924 925 919
f 919 918 924
f 919 925 926
f 926 925 932
f 924 917 923
f 924 923 930
f 930 923 929
f 930 929 936
f 936 929 935
f 936 935 942
f 942 935 941
f 942 941 948
f 948 941 947
f 948 947 954
f 954 947 953
f 954 953 960
f 924 930 931
f 931 925 924
f 930 936 937
f 937 931 930
f 936 942 943
f 943 937 936
f 942 948 949
f 949 943 942
f 948 954 955
f 955 949 948
f 954 960 961
f 961 955 954
f 961 960 967
f 938 932 931
f 931 932 925
f 944 938 937
f 937 938 931
f 950 944 943
f 943 944 937
f 956 950 949
f 949 950 943
f 959 952 958
f 962 956 955
f 955 956 949
f 959 958 965
f 965 958 964
f 965 964 971
f 968 962 961
f 961 962 955
f 968 961 967
f 959 965 966
f 966 965 972
f 966 972 973
f 973 972 428
f 972 965 971
f 974 968 967
f 1012 1011 1010
f 1010 1011 1008
f 54 1099 1
f 1 1099 1098
f 1 1098 640
f 640 1098 1526
f 640 1526 641
f 641 1526 642
f 642 1526 1539
f 642 1539 643
f 643 1539 1546
f 643 1546 644
f 644 1546 1553
f 644 1553 645
f 645 1553 646
f 646 1553 1560
f 646 1560 647
f 647 1560 1568
f 647 1568 648
f 648 1568 649
f 649 1568 1567
f 649 1567 650
f 650 1567 1581
f 650 1581 651
f 651 1581 1588
f 651 1588 652
f 652 1588 653
f 653 1588 1595
f 653 1595 654
f 654 1595 655
f 655 1595 1594
f 655 1594 1024
f 1024 1594 1593
f 1024 1593 1592
f 1592 1593 1585
f 1592 1585 1584
f 1585 1578 1577
f 1577 1584 1585
f 1578 1564 1563
f 1563 1577 1578
f 1564 1571 1572
f 1572 1563 1564
f 1571 1557 1556
f 1556 1572 1571
f 1557 1550 1549
f 1549 1556 1557
f 1550 1543 1542
f 1542 1549 1550
f 1543 1536 1535
f 1535 1542 1543
f 1536 1529 1530
f 1530 1535 1536
f 1529 1095 1094
f 1094 1530 1529
f 1095 1102 1103
f 1103 1094 1095
f 1102 1108 1109
f 1109 1103 1102
f 1108 1113 1114
f 1114 1109 1108
f 1114 1113 1117
f 1117 1113 1090
f 1117 1090 1122
f 1122 1090 1091
f 1122 1091 1123
f 1123 1091 50
f 1123 50 1126
f 1126 50 49
f 1126 49 1129
f 1129 49 48
f 1129 48 1137
f 1137 48 1132
f 1137 1132 1133
f 1133 1132 1139
f 1133 1139 1140
f 1140 1139 1143
f 1140 1143 1071
f 1071 1143 1070
f 1070 1143 1147
f 1070 1147 1069
f 1069 1147 1153
f 1069 1153 1152
f 1152 1153 1154
f 1152 1154 1151
f 1154 1155 1150
f 1150 1151 1154
f 1150 1155 1092
f 1092 1155 1144
f 1092 1144 45
f 45 1144 1145
f 45 1145 1141
f 1141 1145 1146
f 1141 1146 1142
f 1142 1146 1147
f 1142 1147 1143
f 53 1106 54
f 54 1106 1100
f 54 1100 1099
f 1099 1100 1098
f 52 1112 53
f 53 1112 1107
f 53 1107 1106
f 1106 1107 1100
f 51 1090 52
f 52 1090 1113
f 52 1113 1112
f 1112 1113 1107
f 1090 51 1091
f 1091 51 50
f 48 47 1132
f 1132 47 1138
f 1132 1138 1139
f 1139 1138 1142
f 1139 1142 1143
f 47 46 1138
f 1138 46 1141
f 1138 1141 1142
f 46 45 1141
f 45 44 1092
f 1092 44 1149
f 1092 1149 1150
f 1149 1158 1159
f 1159 1150 1149
f 1158 1165 1166
f 1166 1159 1158
f 1165 1172 1173
f 1173 1166 1165
f 1172 1179 1180
f 1180 1173 1172
f 1179 1186 1187
f 1187 1180 1179
f 1186 1193 1194
f 1194 1187 1186
f 1193 1200 1201
f 1201 1194 1193
f 1200 1207 1208
f 1208 1201 1200
f 1207 1214 1215
f 1215 1208 1207
f 1214 1221 1222
f 1222 1215 1214
f 1221 1228 1229
f 1229 1222 1221
f 1228 1235 1236
f 1236 1229 1228
f 1235 1242 1243
f 1243 1236 1235
f 1242 1249 1250
f 1250 1243 1242
f 1249 1256 1257
f 1257 1250 1249
f 1256 1263 1264
f 1264 1257 1256
f 1263 1270 1271
f 1271 1264 1263
f 1270 1277 1278
f 1278 1271 1270
f 1277 1284 1285
f 1285 1278 1277
f 1284 1291 1292
f 1292 1285 1284
f 1291 1298 1299
f 1299 1292 1291
f 1298 1305 1306
f 1306 1299 1298
f 1305 1312 1313
f 1313 1306 1305
f 1312 1319 1320
f 1320 1313 1312
f 1319 1326 1327
f 1327 1320 1319
f 1326 1333 1334
f 1334 1327 1326
f 1333 1340 1341
f 1341 1334 1333
f 1340 1347 1348
f 1348 1341 1340
f 1347 1354 1355
f 1355 1348 1347
f 1354 1361 1362
f 1362 1355 1354
f 1361 1368 1369
f 1369 1362 1361
f 1368 1375 1376
f 1376 1369 1368
f 1375 1382 1383
f 1383 1376 1375
f 1382 1389 1390
f 1390 1383 1382
f 1389 1396 1397
f 1397 1390 1389
f 1396 1403 1404
f 1404 1397 1396
f 1403 1410 1411
f 1411 1404 1403
f 1410 1417 1418
f 1418 1411 1410
f 1417 1424 1425
f 1425 1418 1417
f 1424 1431 1432
f 1432 1425 1424
f 1431 1438 1439
f 1439 1432 1431
f 1438 1445 1446
f 1446 1439 1438
f 1445 1452 1453
f 1453 1446 1445
f 1452 1459 1460
f 1460 1453 1452
f 1459 1466 1467
f 1467 1460 1459
f 1466 1473 1474
f 1474 1467 1466
f 1473 1480 1481
f 1481 1474 1473
f 1480 1487 1488
f 1488 1481 1480
f 1487 1494 1495
f 1495 1488 1487
f 1494 1501 1502
f 1502 1495 1494
f 1501 1508 1509
f 1509 1502 1501
f 1508 1515 1516
f 1516 1509 1508
f 1516 1515 1523
f 1523 1515 1522
f 1523 1522 1024
f 1024 1522 1521
f 1024 1521 1520
f 1520 1521 1513
f 1520 1513 1512
f 1512 1513 1505
f 1512 1505 658
f 658 1505 659
f 659 1505 1498
f 659 1498 660
f 660 1498 661
f 661 1498 1491
f 661 1491 662
f 662 1491 1484
f 662 1484 663
f 663 1484 1477
f 663 1477 664
f 664 1477 1470
f 664 1470 665
f 665 1470 666
f 666 1470 1463
f 666 1463 667
f 667 1463 1456
f 667 1456 668
f 668 1456 1449
f 668 1449 669
f 669 1449 1442
f 669 1442 670
f 670 1442 671
f 671 1442 1435
f 671 1435 672
f 672 1435 1428
f 672 1428 673
f 673 1428 1421
f 673 1421 674
f 674 1421 1414
f 674 1414 675
f 675 1414 676
f 676 1414 1407
f 676 1407 677
f 677 1407 1400
f 677 1400 678
f 678 1400 1393
f 678 1393 679
f 679 1393 1386
f 679 1386 680
f 680 1386 681
f 681 1386 1379
f 681 1379 682
f 682 1379 1372
f 682 1372 683
f 683 1372 1365
f 683 1365 684
f 684 1365 1358
f 684 1358 685
f 685 1358 686
f 686 1358 1351
f 686 1351 687
f 687 1351 1344
f 687 1344 688
f 688 1344 1337
f 688 1337 689
f 689 1337 1330
f 689 1330 690
f 690 1330 1323
f 690 1323 691
f 691 1323 692
f 692 1323 1316
f 692 1316 693
f 693 1316 1309
f 693 1309 694
f 694 1309 1302
f 694 1302 695
f 695 1302 1295
f 695 1295 696
f 696 1295 697
f 697 1295 1288
f 697 1288 698
f 698 1288 1281
f 698 1281 699
f 699 1281 1274
f 699 1274 700
f 700 1274 1267
f 700 1267 701
f 701 1267 702
f 702 1267 1260
f 702 1260 703
f 703 1260 1253
f 703 1253 704
f 704 1253 1246
f 704 1246 705
f 705 1246 1239
f 705 1239 706
f 706 1239 707
f 707 1239 1232
f 707 1232 708
f 708 1232 1225
f 708 1225 709
f 709 1225 1218
f 709 1218 710
f 710 1218 1211
f 710 1211 711
f 711 1211 712
f 712 1211 1204
f 712 1204 713
f 713 1204 1197
f 713 1197 714
f 714 1197 1190
f 714 1190 715
f 715 1190 1183
f 715 1183 716
f 716 1183 717
f 717 1183 1176
f 717 1176 718
f 718 1176 1169
f 718 1169 41
f 41 1169 1162
f 41 1162 42
f 42 1162 1163
f 42 1163 1156
f 1156 1163 1164
f 1156 1164 1157
f 1164 1165 1158
f 1158 1157 1164
f 1149 44 1148
f 1148 44 43
f 1148 43 1157
f 1157 43 1156
f 43 42 1156
f 658 657 1512
f 1512 657 1519
f 1512 1519 1520
f 1520 1519 1024
f 657 656 1519
f 1519 656 1024
f 656 655 1024
f 1024 1025 1523
f 1523 1025 1524
f 1523 1524 1516
f 1516 1524 1517
f 1517 1510 1509
f 1509 1516 1517
f 1510 1503 1502
f 1502 1509 1510
f 1503 1496 1495
f 1495 1502 1503
f 1496 1489 1488
f 1488 1495 1496
f 1489 1482 1481
f 1481 1488 1489
f 1482 1475 1474
f 1474 1481 1482
f 1475 1468 1467
f 1467 1474 1475
f 1468 1461 1460
f 1460 1467 1468
f 1461 1454 1453
f 1453 1460 1461
f 1454 1447 1446
f 1446 1453 1454
f 1447 1440 1439
f 1439 1446 1447
f 1440 1433 1432
f 1432 1439 1440
f 1433 1426 1425
f 1425 1432 1433
f 1426 1419 1418
f 1418 1425 1426
f 1419 1412 1411
f 1411 1418 1419
f 1412 1405 1404
f 1404 1411 1412
f 1405 1398 1397
f 1397 1404 1405
f 1398 1391 1390
f 1390 1397 1398
f 1391 1384 1383
f 1383 1390 1391
f 1384 1377 1376
f 1376 1383 1384
f 1377 1370 1369
f 1369 1376 1377
f 1370 1363 1362
f 1362 1369 1370
f 1363 1356 1355
f 1355 1362 1363
f 1356 1349 1348
f 1348 1355 1356
f 1349 1342 1341
f 1341 1348 1349
f 1342 1335 1334
f 1334 1341 1342
f 1335 1328 1327
f 1327 1334 1335
f 1328 1321 1320
f 1320 1327 1328
f 1321 1314 1313
f 1313 1320 1321
f 1314 1307 1306
f 1306 1313 1314
f 1307 1300 1299
f 1299 1306 1307
f 1300 1293 1292
f 1292 1299 1300
f 1293 1286 1285
f 1285 1292 1293
f 1286 1279 1278
f 1278 1285 1286
f 1279 1272 1271
f 1271 1278 1279
f 1272 1265 1264
f 1264 1271 1272
f 1265 1258 1257
f 1257 1264 1265
f 1258 1251 1250
f 1250 1257 1258
f 1251 1244 1243
f 1243 1250 1251
f 1244 1237 1236
f 1236 1243 1244
f 1237 1230 1229
f 1229 1236 1237
f 1230 1223 1222
f 1222 1229 1230
f 1223 1216 1215
f 1215 1222 1223
f 1216 1209 1208
f 1208 1215 1216
f 1209 1202 1201
f 1201 1208 1209
f 1202 1195 1194
f 1194 1201 1202
f 1195 1188 1187
f 1187 1194 1195
f 1188 1181 1180
f 1180 1187 1188
f 1181 1174 1173
f 1173 1180 1181
f 1174 1167 1166
f 1166 1173 1174
f 1167 1160 1159
f 1159 1166 1167
f 1160 1151 1150
f 1150 1159 1160
f 1524 1025 1525
f 1525 1025 1026
f 1525 1026 1518
f 1518 1026 1027
f 1518 1027 1511
f 1511 1027 1028
f 1511 1028 1504
f 1504 1028 1029
f 1504 1029 1497
f 1497 1029 1490
f 1497 1490 1489
f 1489 1490 1482
f 1029 1030 1490
f 1490 1030 1483
f 1490 1483 1482
f 1482 1483 1475
f 1030 1031 1483
f 1483 1031 1476
f 1483 1476 1475
f 1475 1476 1468
f 1031 1032 1476
f 1476 1032 1469
f 1476 1469 1468
f 1468 1469 1461
f 1032 1033 1469
f 1469 1033 1462
f 1469 1462 1461
f 1461 1462 1454
f 1462 1033 1455
f 1455 1033 1034
f 1455 1034 1448
f 1448 1034 1035
f 1448 1035 1441
f 1441 1035 1036
f 1441 1036 1434
f 1434 1036 1037
f 1434 1037 1427
f 1427 1037 1420
f 1427 1420 1419
f 1419 1420 1412
f 1037 1038 1420
f 1420 1038 1413
f 1420 1413 1412
f 1412 1413 1405
f 1038 1039 1413
f 1413 1039 1406
f 1413 1406 1405
f 1405 1406 1398
f 1039 1040 1406
f 1406 1040 1399
f 1406 1399 1398
f 1398 1399 1391
f 1040 1041 1399
f 1399 1041 1392
f 1399 1392 1391
f 1391 1392 1384
f 1392 1041 1385
f 1385 1041 1042
f 1385 1042 1378
f 1378 1042 1043
f 1378 1043 1371
f 1371 1043 1044
f 1371 1044 1364
f 1364 1044 1045
f 1364 1045 1357
f 1357 1045 1350
f 1357 1350 1349
f 1349 1350 1342
f 1045 1046 1350
f 1350 1046 1343
f 1350 1343 1342
f 1342 1343 1335
f 1046 1047 1343
f 1343 1047 1336
f 1343 1336 1335
f 1335 1336 1328
f 1047 1048 1336
f 1336 1048 1329
f 1336 1329 1328
f 1328 1329 1321
f 1048 1049 1329
f 1329 1049 1322
f 1329 1322 1321
f 1321 1322 1314
f 1322 1049 1315
f 1315 1049 1050
f 1315 1050 1308
f 1308 1050 1051
f 1308 1051 1301
f 1301 1051 1052
f 1301 1052 1294
f 1294 1052 1053
f 1294 1053 1287
f 1287 1053 1280
f 1287 1280 1279
f 1279 1280 1272
f 1053 1054 1280
f 1280 1054 1273
f 1280 1273 1272
f 1272 1273 1265
f 1054 1055 1273
f 1273 1055 1266
f 1273 1266 1265
f 1265 1266 1258
f 1055 1056 1266
f 1266 1056 1259
f 1266 1259 1258
f 1258 1259 1251
f 1056 1057 1259
f 1259 1057 1252
f 1259 1252 1251
f 1251 1252 1244
f 1252 1057 1245
f 1245 1057 1058
f 1245 1058 1238
f 1238 1058 1059
f 1238 1059 1231
f 1231 1059 1060
f 1231 1060 1224
f 1224 1060 1061
f 1224 1061 1217
f 1217 1061 1210
f 1217 1210 1209
f 1209 1210 1202
f 1061 1062 1210
f 1210 1062 1203
f 1210 1203 1202
f 1202 1203 1195
f 1062 1063 1203
f 1203 1063 1196
f 1203 1196 1195
f 1195 1196 1188
f 1063 1064 1196
f 1196 1064 1189
f 1196 1189 1188
f 1188 1189 1181
f 1064 1065 1189
f 1189 1065 1182
f 1189 1182 1181
f 1181 1182 1174
f 1182 1065 1175
f 1175 1065 1066
f 1175 1066 1168
f 1168 1066 1067
f 1168 1067 1161
f 1161 1067 1068
f 1161 1068 1152
f 1152 1068 1069
f 1071 1072 1140
f 1140 1072 1134
f 1140 1134 1133
f 1133 1134 1136
f 1133 1136 1137
f 1137 1136 1129
f 1072 1073 1134
f 1134 1073 1135
f 1134 1135 1136
f 1136 1135 1130
f 1136 1130 1129
f 1129 1130 1126
f 1135 1073 1131
f 1131 1073 1074
f 1131 1074 1128
f 1128 1074 1075
f 1128 1075 1125
f 1125 1075 1076
f 1125 1076 1120
f 1120 1076 1077
f 1120 1077 1119
f 1119 1077 1116
f 1119 1116 1115
f 1115 1116 1110
f 1110 1109 1114
f 1114 1115 1110
f 1077 1078 1116
f 1116 1078 1111
f 1116 1111 1110
f 1110 1111 1104
f 1104 1103 1109
f 1109 1110 1104
f 1078 1079 1111
f 1111 1079 1105
f 1111 1105 1104
f 1104 1105 1093
f 1093 1094 1103
f 1103 1104 1093
f 1079 1080 1105
f 1105 1080 1089
f 1105 1089 1093
f 1093 1089 1531
f 1531 1530 1094
f 1094 1093 1531
f 1080 1081 1089
f 1089 1081 1532
f 1089 1532 1531
f 1531 1532 1534
f 1534 1535 1530
f 1530 1531 1534
f 1532 1081 1533
f 1533 1081 1082
f 1533 1082 1540
f 1540 1082 1083
f 1540 1083 1547
f 1547 1083 1084
f 1547 1084 1554
f 1554 1084 1085
f 1554 1085 1574
f 1574 1085 1561
f 1574 1561 1562
f 1562 1561 1576
f 1576 1577 1563
f 1563 1562 1576
f 1085 1086 1561
f 1561 1086 1575
f 1561 1575 1576
f 1576 1575 1583
f 1583 1584 1577
f 1577 1576 1583
f 1086 1087 1575
f 1575 1087 1582
f 1575 1582 1583
f 1583 1582 1590
f 1583 1590 1591
f 1591 1590 1024
f 1591 1024 1592
f 1087 1088 1582
f 1582 1088 1589
f 1582 1589 1590
f 1590 1589 1025
f 1590 1025 1024
f 1088 1025 1589
f 1096 1101 1102
f 1102 1095 1096
f 1101 1107 1108
f 1108 1102 1101
f 1108 1107 1113
f 1097 1100 1101
f 1101 1096 1097
f 1101 1100 1107
f 1095 1529 1528
f 1528 1096 1095
f 1529 1536 1537
f 1537 1528 1529
f 1536 1543 1544
f 1544 1537 1536
f 1543 1550 1551
f 1551 1544 1543
f 1550 1557 1558
f 1558 1551 1550
f 1557 1571 1570
f 1570 1558 1557
f 1571 1564 1565
f 1565 1570 1571
f 1564 1578 1579
f 1579 1565 1564
f 1578 1585 1586
f 1586 1579 1578
f 1586 1585 1593
f 1526 1098 1097
f 1097 1098 1100
f 1096 1528 1527
f 1527 1097 1096
f 1528 1537 1538
f 1538 1527 1528
f 1537 1544 1545
f 1545 1538 1537
f 1544 1551 1552
f 1552 1545 1544
f 1551 1558 1559
f 1559 1552 1551
f 1558 1570 1569
f 1569 1559 1558
f 1570 1565 1566
f 1566 1569 1570
f 1565 1579 1580
f 1580 1566 1565
f 1579 1586 1587
f 1587 1580 1579
f 1587 1586 1594
f 1594 1586 1593
f 1114 1117 1118
f 1118 1115 1114
f 1117 1122 1121
f 1121 1118 1117
f 1121 1122 1124
f 1124 1122 1123
f 1124 1123 1127
f 1127 1123 1126
f 1127 1126 1130
f 1120 1119 1118
f 1118 1119 1115
f 1120 1121 1125
f 1125 1121 1124
f 1125 1124 1128
f 1128 1124 1127
f 1128 1127 1131
f 1131 1127 1130
f 1131 1130 1135
f 1121 1120 1118
f 1145 1155 1154
f 1154 1146 1145
f 1153 1147 1146
f 1154 1153 1146
f 1155 1145 1144
f 1158 1149 1148
f 1157 1158 1148
f 1161 1152 1151
f 1168 1161 1160
f 1160 1161 1151
f 1163 1162 1170
f 1170 1162 1169
f 1170 1169 1177
f 1177 1169 1176
f 1177 1176 1184
f 1184 1176 1183
f 1184 1183 1191
f 1191 1183 1190
f 1191 1190 1198
f 1198 1190 1197
f 1198 1197 1205
f 1205 1197 1204
f 1205 1204 1212
f 1212 1204 1211
f 1212 1211 1219
f 1219 1211 1218
f 1219 1218 1226
f 1226 1218 1225
f 1226 1225 1233
f 1233 1225 1232
f 1233 1232 1240
f 1240 1232 1239
f 1240 1239 1247
f 1247 1239 1246
f 1247 1246 1254
f 1254 1246 1253
f 1254 1253 1261
f 1261 1253 1260
f 1261 1260 1268
f 1268 1260 1267
f 1268 1267 1275
f 1275 1267 1274
f 1275 1274 1282
f 1282 1274 1281
f 1282 1281 1289
f 1289 1281 1288
f 1289 1288 1296
f 1296 1288 1295
f 1296 1295 1303
f 1303 1295 1302
f 1303 1302 1310
f 1310 1302 1309
f 1310 1309 1317
f 1317 1309 1316
f 1317 1316 1324
f 1324 1316 1323
f 1324 1323 1331
f 1331 1323 1330
f 1331 1330 1338
f 1338 1330 1337
f 1338 1337 1345
f 1345 1337 1344
f 1345 1344 1352
f 1352 1344 1351
f 1352 1351 1359
f 1359 1351 1358
f 1359 1358 1366
f 1366 1358 1365
f 1366 1365 1373
f 1373 1365 1372
f 1373 1372 1380
f 1380 1372 1379
f 1380 1379 1387
f 1387 1379 1386
f 1387 1386 1394
f 1394 1386 1393
f 1394 1393 1401
f 1401 1393 1400
f 1401 1400 1408
f 1408 1400 1407
f 1408 1407 1415
f 1415 1407 1414
f 1415 1414 1422
f 1422 1414 1421
f 1422 1421 1429
f 1429 1421 1428
f 1429 1428 1436
f 1436 1428 1435
f 1436 1435 1443
f 1443 1435 1442
f 1443 1442 1450
f 1450 1442 1449
f 1450 1449 1457
f 1457 1449 1456
f 1457 1456 1464
f 1464 1456 1463
f 1464 1463 1471
f 1471 1463 1470
f 1471 1470 1478
f 1478 1470 1477
f 1478 1477 1485
f 1485 1477 1484
f 1485 1484 1492
f 1492 1484 1491
f 1492 1491 1499
f 1499 1491 1498
f 1499 1498 1506
f 1506 1498 1505
f 1506 1505 1513
f 1163 1170 1171
f 1171 1164 1163
f 1170 1177 1178
f 1178 1171 1170
f 1177 1184 1185
f 1185 1178 1177
f 1184 1191 1192
f 1192 1185 1184
f 1191 1198 1199
f 1199 1192 1191
f 1198 1205 1206
f 1206 1199 1198
f 1205 1212 1213
f 1213 1206 1205
f 1212 1219 1220
f 1220 1213 1212
f 1219 1226 1227
f 1227 1220 1219
f 1226 1233 1234
f 1234 1227 1226
f 1233 1240 1241
f 1241 1234 1233
f 1240 1247 1248
f 1248 1241 1240
f 1247 1254 1255
f 1255 1248 1247
f 1254 1261 1262
f 1262 1255 1254
f 1261 1268 1269
f 1269 1262 1261
f 1268 1275 1276
f 1276 1269 1268
f 1275 1282 1283
f 1283 1276 1275
f 1282 1289 1290
f 1290 1283 1282
f 1289 1296 1297
f 1297 1290 1289
f 1296 1303 1304
f 1304 1297 1296
f 1303 1310 1311
f 1311 1304 1303
f 1310 1317 1318
f 1318 1311 1310
f 1317 1324 1325
f 1325 1318 1317
f 1324 1331 1332
f 1332 1325 1324
f 1331 1338 1339
f 1339 1332 1331
f 1338 1345 1346
f 1346 1339 1338
f 1345 1352 1353
f 1353 1346 1345
f 1352 1359 1360
f 1360 1353 1352
f 1359 1366 1367
f 1367 1360 1359
f 1366 1373 1374
f 1374 1367 1366
f 1373 1380 1381
f 1381 1374 1373
f 1380 1387 1388
f 1388 1381 1380
f 1387 1394 1395
f 1395 1388 1387
f 1394 1401 1402
f 1402 1395 1394
f 1401 1408 1409
f 1409 1402 1401
f 1408 1415 1416
f 1416 1409 1408
f 1415 1422 1423
f 1423 1416 1415
f 1422 1429 1430
f 1430 1423 1422
f 1429 1436 1437
f 1437 1430 1429
f 1436 1443 1444
f 1444 1437 1436
f 1443 1450 1451
f 1451 1444 1443
f 1450 1457 1458
f 1458 1451 1450
f 1457 1464 1465
f 1465 1458 1457
f 1464 1471 1472
f 1472 1465 1464
f 1471 1478 1479
f 1479 1472 1471
f 1478 1485 1486
f 1486 1479 1478
f 1485 1492 1493
f 1493 1486 1485
f 1492 1499 1500
f 1500 1493 1492
f 1499 1506 1507
f 1507 1500 1499
f 1506 1513 1514
f 1514 1507 1506
f 1514 1513 1521
f 1164 1171 1172
f 1172 1165 1164
f 1171 1178 1179
f 1179 1172 1171
f 1178 1185 1186
f 1186 1179 1178
f 1185 1192 1193
f 1193 1186 1185
f 1192 1199 1200
f 1200 1193 1192
f 1199 1206 1207
f 1207 1200 1199
f 1206 1213 1214
f 1214 1207 1206
f 1213 1220 1221
f 1221 1214 1213
f 1220 1227 1228
f 1228 1221 1220
f 1227 1234 1235
f 1235 1228 1227
f 1234 1241 1242
f 1242 1235 1234
f 1241 1248 1249
f 1249 1242 1241
f 1248 1255 1256
f 1256 1249 1248
f 1255 1262 1263
f 1263 1256 1255
f 1262 1269 1270
f 1270 1263 1262
f 1269 1276 1277
f 1277 1270 1269
f 1276 1283 1284
f 1284 1277 1276
f 1283 1290 1291
f 1291 1284 1283
f 1290 1297 1298
f 1298 1291 1290
f 1297 1304 1305
f 1305 1298 1297
f 1304 1311 1312
f 1312 1305 1304
f 1311 1318 1319
f 1319 1312 1311
f 1318 1325 1326
f 1326 1319 1318
f 1325 1332 1333
f 1333 1326 1325
f 1332 1339 1340
f 1340 1333 1332
f 1339 1346 1347
f 1347 1340 1339
f 1346 1353 1354
f 1354 1347 1346
f 1353 1360 1361
f 1361 1354 1353
f 1360 1367 1368
f 1368 1361 1360
f 1367 1374 1375
f 1375 1368 1367
f 1374 1381 1382
f 1382 1375 1374
f 1381 1388 1389
f 1389 1382 1381
f 1388 1395 1396
f 1396 1389 1388
f 1395 1402 1403
f 1403 1396 1395
f 1402 1409 1410
f 1410 1403 1402
f 1409 1416 1417
f 1417 1410 1409
f 1416 1423 1424
f 1424 1417 1416
f 1423 1430 1431
f 1431 1424 1423
f 1430 1437 1438
f 1438 1431 1430
f 1437 1444 1445
f 1445 1438 1437
f 1444 1451 1452
f 1452 1445 1444
f 1451 1458 1459
f 1459 1452 1451
f 1458 1465 1466
f 1466 1459 1458
f 1465 1472 1473
f 1473 1466 1465
f 1472 1479 1480
f 1480 1473 1472
f 1479 1486 1487
f 1487 1480 1479
f 1486 1493 1494
f 1494 1487 1486
f 1493 1500 1501
f 1501 1494 1493
f 1500 1507 1508
f 1508 1501 1500
f 1507 1514 1515
f 1515 1508 1507
f 1515 1514 1522
f 1522 1514 1521
f 1175 1168 1167
f 1167 1168 1160
f 1182 1175 1174
f 1174 1175 1167
f 1224 1217 1216
f 1216 1217 1209
f 1231 1224 1223
f 1223 1224 1216
f 1238 1231 1230
f 1230 1231 1223
f 1245 1238 1237
f 1237 1238 1230
f 1252 1245 1244
f 1244 1245 1237
f 1294 1287 1286
f 1286 1287 1279
f 1301 1294 1293
f 1293 1294 1286
f 1308 1301 1300
f 1300 1301 1293
f 1315 1308 1307
f 1307 1308 1300
f 1322 1315 1314
f 1314 1315 1307
f 1364 1357 1356
f 1356 1357 1349
f 1371 1364 1363
f 1363 1364 1356
f 1378 1371 1370
f 1370 1371 1363
f 1385 1378 1377
f 1377 1378 1370
f 1392 1385 1384
f 1384 1385 1377
f 1434 1427 1426
f 1426 1427 1419
f 1441 1434 1433
f 1433 1434 1426
f 1448 1441 1440
f 1440 1441 1433
f 1455 1448 1447
f 1447 1448 1440
f 1462 1455 1454
f 1454 1455 1447
f 1504 1497 1496
f 1496 1497 1489
f 1511 1504 1503
f 1503 1504 1496
f 1518 1511 1510
f 1510 1511 1503
f 1525 1518 1517
f 1517 1518 1510
f 1525 1517 1524
f 1526 1527 1539
f 1539 1527 1538
f 1539 1538 1546
f 1546 1538 1545
f 1546 1545 1553
f 1553 1545 1552
f 1553 1552 1560
f 1560 1552 1559
f 1560 1559 1568
f 1568 1559 1569
f 1568 1569 1567
f 1567 1569 1566
f 1567 1566 1581
f 1581 1566 1580
f 1581 1580 1588
f 1588 1580 1587
f 1588 1587 1595
f 1595 1587 1594
f 1527 1526 1097
f 1532 1533 1534
f 1534 1533 1541
f 1541 1542 1535
f 1535 1534 1541
f 1533 1540 1541
f 1541 1540 1548
f 1548 1549 1542
f 1542 1541 1548
f 1540 1547 1548
f 1548 1547 1555
f 1555 1556 1549
f 1549 1548 1555
f 1547 1554 1555
f 1555 1554 1573
f 1573 1572 1556
f 1556 1555 1573
f 1563 1572 1573
f 1573 1562 1563
f 1554 1574 1573
f 1573 1574 1562
f 1592 1584 1591
f 1591 1584 1583
f 1621 467 1630
f 1630 467 466
f 1630 466 1629
f 1629 466 465
f 1629 465 464
f 1629 464 1627
f 1627 464 463
f 1627 463 462
f 461 1631 462
f 462 1631 1628
f 462 1628 1627
f 1627 1628 1635
f 1627 1635 1629
f 1629 1635 1636
f 1629 1636 1630
f 1630 1636 1621
f 461 460 1631
f 1631 460 1626
f 1631 1626 1628
f 1626 1642 1643
f 1643 1628 1626
f 1642 1650 1651
f 1651 1643 1642
f 1650 1658 1659
f 1659 1651 1650
f 1658 1666 1667
f 1667 1659 1658
f 1666 1674 1675
f 1675 1667 1666
f 1674 1682 1683
f 1683 1675 1674
f 1682 1690 1691
f 1691 1683 1682
f 1690 1698 1699
f 1699 1691 1690
f 1698 1706 1707
f 1707 1699 1698
f 1707 1706 1713
f 1713 1706 551
f 1713 551 550
f 1626 460 1637
f 1637 460 459
f 1637 459 1625
f 1625 459 1624
f 1625 1624 1634
f 1634 1624 1623
f 1634 1623 1633
f 1633 1623 1622
f 1633 1622 1632
f 1632 1622 1596
f 1632 1596 1597
f 459 458 1624
f 1624 458 457
f 1624 457 1623
f 1623 457 456
f 1623 456 1622
f 1622 456 455
f 1622 455 1596
f 1596 455 454
f 1632 1597 1638
f 1638 1597 1598
f 1638 1598 1646
f 1646 1598 1599
f 1646 1599 1654
f 1654 1599 1600
f 1654 1600 1662
f 1662 1600 1601
f 1662 1601 1670
f 1670 1601 1602
f 1670 1602 1603
f 1670 1603 1678
f 1678 1603 1604
f 1678 1604 1686
f 1686 1604 1605
f 1686 1605 1694
f 1694 1605 1606
f 1694 1606 1607
f 1694 1607 1702
f 1702 1607 1608
f 1702 1608 1710
f 1710 1608 560
f 1710 560 559
f 559 558 1710
f 1710 558 1711
f 1710 1711 1702
f 1702 1711 1703
f 1702 1703 1694
f 1694 1703 1695
f 1694 1695 1686
f 1686 1695 1687
f 1686 1687 1678
f 1678 1687 1679
f 1678 1679 1671
f 1679 1680 1672
f 1672 1671 1679
f 1680 1681 1673
f 1673 1672 1680
f 1681 1682 1674
f 1674 1673 1681
f 558 557 1711
f 1711 557 556
f 1711 556 1712
f 1712 556 555
f 1712 555 1704
f 1704 555 1716
f 1704 1716 1705
f 1705 1716 553
f 1705 553 1706
f 1706 553 1717
f 1706 1717 551
f 551 1717 552
f 552 1717 553
f 555 554 1716
f 1716 554 553
f 550 549 1713
f 1713 549 1714
f 1713 1714 1707
f 1707 1714 1708
f 1708 1700 1699
f 1699 1707 1708
f 1700 1692 1691
f 1691 1699 1700
f 1692 1684 1683
f 1683 1691 1692
f 1684 1676 1675
f 1675 1683 1684
f 1676 1668 1667
f 1667 1675 1676
f 1668 1660 1659
f 1659 1667 1668
f 1660 1652 1651
f 1651 1659 1660
f 1652 1644 1643
f 1643 1651 1652
f 1644 1635 1628
f 1628 1643 1644
f 549 548 1714
f 1714 548 1715
f 1714 1715 1708
f 1708 1715 1709
f 1708 1709 1700
f 1700 1709 1701
f 1700 1701 1692
f 1692 1701 1693
f 1692 1693 1684
f 1684 1693 1685
f 1684 1685 1677
f 1677 1685 1615
f 1677 1615 1616
f 548 547 1715
f 1715 547 1609
f 1715 1609 1709
f 1709 1609 1610
f 1709 1610 1701
f 1701 1610 1611
f 1701 1611 1612
f 1701 1612 1693
f 1693 1612 1613
f 1693 1613 1685
f 1685 1613 1614
f 1685 1614 1615
f 1677 1616 1669
f 1669 1616 1617
f 1669 1617 1661
f 1661 1617 1618
f 1661 1618 1653
f 1653 1618 1619
f 1653 1619 1645
f 1645 1619 1620
f 1645 1620 1636
f 1636 1620 1621
f 1626 1637 1625
f 1633 1632 1639
f 1639 1632 1638
f 1639 1638 1647
f 1647 1638 1646
f 1647 1646 1655
f 1655 1646 1654
f 1655 1654 1663
f 1663 1654 1662
f 1663 1662 1671
f 1671 1662 1670
f 1671 1670 1678
f 1633 1639 1640
f 1640 1634 1633
f 1639 1647 1648
f 1648 1640 1639
f 1647 1655 1656
f 1656 1648 1647
f 1655 1663 1664
f 1664 1656 1655
f 1663 1671 1672
f 1672 1664 1663
f 1626 1625 1641
f 1641 1642 1626
f 1625 1634 1640
f 1640 1641 1625
f 1645 1636 1635
f 1640 1648 1649
f 1649 1641 1640
f 1648 1656 1657
f 1657 1649 1648
f 1656 1664 1665
f 1665 1657 1656
f 1664 1672 1673
f 1673 1665 1664
f 1641 1649 1650
f 1650 1642 1641
f 1649 1657 1658
f 1658 1650 1649
f 1657 1665 1666
f 1666 1658 1657
f 1665 1673 1674
f 1674 1666 1665
f 1653 1645 1644
f 1644 1645 1635
f 1661 1653 1652
f 1652 1653 1644
f 1669 1661 1660
f 1660 1661 1652
f 1660 1668 1669
f 1669 1668 1676
f 1669 1676 1677
f 1677 1676 1684
f 1679 1687 1688
f 1688 1680 1679
f 1687 1695 1696
f 1696 1688 1687
f 1695 1703 1704
f 1704 1696 1695
f 1704 1703 1712
f 1712 1703 1711
f 1680 1688 1689
f 1689 1681 1680
f 1688 1696 1697
f 1697 1689 1688
f 1696 1704 1705
f 1705 1697 1696
f 1681 1689 1690
f 1690 1682 1681
f 1689 1697 1698
f 1698 1690 1689
f 1697 1705 1706
f 1706 1698 1697
f 1621 1812 467
f 467 1812 1811
f 467 1811 468
f 468 1811 469
f 469 1811 2519
f 469 2519 470
f 470 2519 2531
f 470 2531 471
f 471 2531 2530
f 471 2530 472
f 472 2530 2552
f 472 2552 473
f 473 2552 474
f 474 2552 2563
f 474 2563 475
f 475 2563 2574
f 475 2574 476
f 476 2574 2586
f 476 2586 477
f 477 2586 2585
f 477 2585 478
f 478 2585 479
f 479 2585 2607
f 479 2607 480
f 480 2607 2618
f 480 2618 481
f 481 2618 2629
f 481 2629 482
f 482 2629 483
f 483 2629 2628
f 483 2628 1718
f 1718 2628 2627
f 1718 2627 2626
f 2626 2627 2615
f 2626 2615 2614
f 2615 2604 2603
f 2603 2614 2615
f 2604 2582 2581
f 2581 2603 2604
f 2582 2589 2590
f 2590 2581 2582
f 2589 2571 2570
f 2570 2590 2589
f 2571 2560 2559
f 2559 2570 2571
f 2560 2549 2548
f 2548 2559 2560
f 2549 2527 2526
f 2526 2548 2549
f 2527 2534 2535
f 2535 2526 2527
f 2534 2516 2515
f 2515 2535 2534
f 2516 1808 1807
f 1807 2515 2516
f 1808 1815 1816
f 1816 1807 1808
f 1815 1830 1829
f 1829 1816 1815
f 1830 1834 1835
f 1835 1829 1830
f 1835 1834 1843
f 1843 1834 1842
f 1843 1842 1851
f 1851 1842 1850
f 1851 1850 1617
f 1617 1850 1618
f 1618 1850 1842
f 1618 1842 1619
f 1619 1842 1834
f 1619 1834 1833
f 1833 1834 1831
f 1833 1831 1620
f 1620 1831 1832
f 1620 1832 1621
f 1621 1832 1812
f 1620 1619 1833
f 1851 1617 1858
f 1858 1617 1616
f 1858 1616 1865
f 1865 1616 1615
f 1865 1615 1885
f 1885 1615 1872
f 1885 1872 1873
f 1873 1872 1887
f 1887 1888 1874
f 1874 1873 1887
f 1888 1889 1875
f 1875 1874 1888
f 1889 1890 1876
f 1876 1875 1889
f 1890 1891 1877
f 1877 1876 1890
f 1877 1891 1892
f 1892 1891 1900
f 1892 1900 1777
f 1777 1900 1776
f 1776 1900 1908
f 1776 1908 1775
f 1775 1908 1917
f 1775 1917 1927
f 1927 1917 1916
f 1927 1916 1926
f 1916 1915 1925
f 1925 1926 1916
f 1915 1914 1924
f 1924 1925 1915
f 1914 1913 1923
f 1923 1924 1914
f 1913 1912 1922
f 1922 1923 1913
f 1912 1911 1921
f 1921 1922 1912
f 1911 1910 1920
f 1920 1921 1911
f 1920 1910 1909
f 1909 1910 1611
f 1909 1611 1610
f 1615 1614 1872
f 1872 1614 1886
f 1872 1886 1887
f 1887 1886 1895
f 1895 1896 1888
f 1888 1887 1895
f 1896 1897 1889
f 1889 1888 1896
f 1897 1898 1890
f 1890 1889 1897
f 1898 1899 1891
f 1891 1890 1898
f 1891 1899 1900
f 1900 1899 1908
f 1614 1613 1886
f 1886 1613 1894
f 1886 1894 1895
f 1894 1902 1903
f 1903 1895 1894
f 1902 1911 1912
f 1912 1903 1902
f 1894 1613 1893
f 1893 1613 1612
f 1893 1612 1901
f 1901 1612 1611
f 1901 1611 1910
f 1909 1610 1919
f 1919 1610 1609
f 1919 1609 1918
f 1918 1609 1949
f 1918 1949 1948
f 1948 1949 1929
f 1929 1930 1947
f 1947 1948 1929
f 1930 1931 1946
f 1946 1947 1930
f 1931 1932 1945
f 1945 1946 1931
f 1932 1933 1944
f 1944 1945 1932
f 1933 1934 1943
f 1943 1944 1933
f 1934 1935 1942
f 1942 1943 1934
f 1935 1936 1941
f 1941 1942 1935
f 1936 1937 1940
f 1940 1941 1936
f 1940 1937 1938
f 1938 1937 1960
f 1938 1960 1772
f 1772 1960 1771
f 1771 1960 1971
f 1771 1971 1982
f 1982 1971 1981
f 1982 1981 1993
f 1993 1981 1992
f 1993 1992 2004
f 2004 1992 2003
f 2004 2003 2015
f 2015 2003 2014
f 2015 2014 2026
f 2026 2014 2025
f 2026 2025 2037
f 2037 2025 2036
f 2037 2036 2048
f 2048 2036 2047
f 2048 2047 2059
f 2059 2047 2058
f 2059 2058 2070
f 2070 2058 2069
f 2070 2069 2081
f 2081 2069 2080
f 2081 2080 2092
f 2092 2080 2091
f 2092 2091 1800
f 1800 2091 2102
f 1800 2102 2112
f 2102 2101 2111
f 2111 2112 2102
f 2101 2100 2110
f 2110 2111 2101
f 2100 2099 2109
f 2109 2110 2100
f 2099 2098 2108
f 2108 2109 2099
f 2098 2097 2107
f 2107 2108 2098
f 2097 2096 2106
f 2106 2107 2097
f 2096 2095 2105
f 2105 2106 2096
f 2095 2094 2104
f 2104 2105 2095
f 2104 2094 2103
f 2103 2094 2093
f 2103 2093 528
f 528 2093 529
f 529 2093 530
f 530 2093 2082
f 530 2082 531
f 531 2082 2071
f 531 2071 532
f 532 2071 2060
f 532 2060 533
f 533 2060 2049
f 533 2049 534
f 534 2049 2038
f 534 2038 535
f 535 2038 536
f 536 2038 2027
f 536 2027 537
f 537 2027 2016
f 537 2016 538
f 538 2016 2005
f 538 2005 539
f 539 2005 1994
f 539 1994 540
f 540 1994 1983
f 540 1983 541
f 541 1983 542
f 542 1983 1972
f 542 1972 543
f 543 1972 1961
f 543 1961 544
f 544 1961 1950
f 544 1950 545
f 545 1950 1928
f 545 1928 546
f 546 1928 547
f 547 1928 1949
f 547 1949 1609
f 528 527 2103
f 2103 527 2114
f 2103 2114 2115
f 2115 2114 2126
f 2126 2127 2116
f 2116 2115 2126
f 2127 2128 2117
f 2117 2116 2127
f 2128 2129 2118
f 2118 2117 2128
f 2129 2130 2119
f 2119 2118 2129
f 2130 2131 2120
f 2120 2119 2130
f 2131 2132 2121
f 2121 2120 2131
f 2132 2133 2122
f 2122 2121 2132
f 2133 2134 2123
f 2123 2122 2133
f 2123 2134 2135
f 2135 2134 2146
f 2135 2146 1751
f 1751 2146 1750
f 1750 2146 2157
f 1750 2157 1749
f 1749 2157 2168
f 1749 2168 1748
f 1748 2168 2179
f 1748 2179 1747
f 1747 2179 2190
f 1747 2190 2201
f 2201 2190 2189
f 2201 2189 2200
f 2189 2188 2199
f 2199 2200 2189
f 2188 2187 2198
f 2198 2199 2188
f 2187 2186 2197
f 2197 2198 2187
f 2186 2185 2196
f 2196 2197 2186
f 2185 2184 2195
f 2195 2196 2185
f 2184 2183 2194
f 2194 2195 2184
f 2183 2182 2193
f 2193 2194 2183
f 2182 2181 2192
f 2192 2193 2182
f 2192 2181 2180
f 2180 2181 2169
f 2180 2169 520
f 520 2169 521
f 521 2169 2158
f 521 2158 522
f 522 2158 2147
f 522 2147 523
f 523 2147 524
f 524 2147 2136
f 524 2136 525
f 525 2136 2125
f 525 2125 526
f 526 2125 2114
f 526 2114 527
f 520 519 2180
f 2180 519 2191
f 2180 2191 2192
f 2192 2191 2203
f 2203 2204 2193
f 2193 2192 2203
f 2204 2205 2194
f 2194 2193 2204
f 2205 2206 2195
f 2195 2194 2205
f 2206 2207 2196
f 2196 2195 2206
f 2207 2208 2197
f 2197 2196 2207
f 2208 2209 2198
f 2198 2197 2208
f 2209 2210 2199
f 2199 2198 2209
f 2210 2211 2200
f 2200 2199 2210
f 2200 2211 2212
f 2212 2211 2223
f 2212 2223 1745
f 1745 2223 1744
f 1744 2223 2234
f 1744 2234 1743
f 1743 2234 2245
f 1743 2245 2256
f 2256 2245 2244
f 2256 2244 2255
f 2244 2243 2254
f 2254 2255 2244
f 2243 2242 2253
f 2253 2254 2243
f 2242 2241 2252
f 2252 2253 2242
f 2241 2240 2251
f 2251 2252 2241
f 2240 2239 2250
f 2250 2251 2240
f 2239 2238 2249
f 2249 2250 2239
f 2238 2237 2248
f 2248 2249 2238
f 2237 2236 2247
f 2247 2248 2237
f 2247 2236 2235
f 2235 2236 2224
f 2235 2224 514
f 514 2224 515
f 515 2224 2213
f 515 2213 516
f 516 2213 2202
f 516 2202 517
f 517 2202 518
f 518 2202 2191
f 518 2191 519
f 514 513 2235
f 2235 513 2246
f 2235 2246 2247
f 2247 2246 2258
f 2258 2259 2248
f 2248 2247 2258
f 2259 2260 2249
f 2249 2248 2259
f 2260 2261 2250
f 2250 2249 2260
f 2261 2262 2251
f 2251 2250 2261
f 2262 2263 2252
f 2252 2251 2262
f 2263 2264 2253
f 2253 2252 2263
f 2264 2265 2254
f 2254 2253 2264
f 2265 2266 2255
f 2255 2254 2265
f 2255 2266 2267
f 2267 2266 2278
f 2267 2278 1741
f 1741 2278 1740
f 1740 2278 2289
f 1740 2289 1739
f 1739 2289 2300
f 1739 2300 1799
f 1799 2300 2310
f 1799 2310 2320
f 2310 2309 2319
f 2319 2320 2310
f 2309 2308 2318
f 2318 2319 2309
f 2308 2307 2317
f 2317 2318 2308
f 2307 2306 2316
f 2316 2317 2307
f 2306 2305 2315
f 2315 2316 2306
f 2305 2304 2314
f 2314 2315 2305
f 2304 2303 2313
f 2313 2314 2304
f 2303 2302 2312
f 2312 2313 2303
f 2312 2302 2311
f 2311 2302 2301
f 2311 2301 505
f 505 2301 506
f 506 2301 507
f 507 2301 2290
f 507 2290 508
f 508 2290 2279
f 508 2279 509
f 509 2279 2268
f 509 2268 510
f 510 2268 2257
f 510 2257 511
f 511 2257 2246
f 511 2246 512
f 512 2246 513
f 505 504 2311
f 2311 504 2322
f 2311 2322 2323
f 2323 2322 2334
f 2334 2335 2324
f 2324 2323 2334
f 2335 2336 2325
f 2325 2324 2335
f 2336 2337 2326
f 2326 2325 2336
f 2337 2338 2327
f 2327 2326 2337
f 2338 2339 2328
f 2328 2327 2338
f 2339 2340 2329
f 2329 2328 2339
f 2340 2341 2330
f 2330 2329 2340
f 2341 2342 2331
f 2331 2330 2341
f 2331 2342 2343
f 2343 2342 2354
f 2343 2354 1735
f 1735 2354 2365
f 1735 2365 1734
f 1734 2365 2376
f 1734 2376 1733
f 1733 2376 2387
f 1733 2387 1732
f 1732 2387 2398
f 1732 2398 1731
f 1731 2398 2409
f 1731 2409 2420
f 2420 2409 2419
f 2420 2419 2431
f 2431 2419 2430
f 2431 2430 2442
f 2442 2430 2441
f 2442 2441 2453
f 2453 2441 2452
f 2453 2452 2463
f 2452 2451 2462
f 2462 2463 2452
f 2451 2450 2461
f 2461 2462 2451
f 2450 2449 2460
f 2460 2461 2450
f 2449 2448 2459
f 2459 2460 2449
f 2448 2447 2458
f 2458 2459 2448
f 2447 2446 2457
f 2457 2458 2447
f 2446 2445 2456
f 2456 2457 2446
f 2445 2444 2455
f 2455 2456 2445
f 2455 2444 2454
f 2454 2444 2443
f 2454 2443 490
f 490 2443 491
f 491 2443 2432
f 491 2432 492
f 492 2432 2421
f 492 2421 493
f 493 2421 2410
f 493 2410 494
f 494 2410 2399
f 494 2399 495
f 495 2399 496
f 496 2399 2388
f 496 2388 497
f 497 2388 2377
f 497 2377 498
f 498 2377 2366
f 498 2366 499
f 499 2366 2355
f 499 2355 500
f 500 2355 501
f 501 2355 2344
f 501 2344 502
f 502 2344 2333
f 502 2333 503
f 503 2333 2322
f 503 2322 504
f 490 489 2454
f 2454 489 488
f 2454 488 2465
f 2465 488 487
f 2465 487 2476
f 2476 487 486
f 2476 486 2487
f 2487 486 485
f 2487 485 2498
f 2498 485 484
f 2498 484 1718
f 1718 484 483
f 1719 2503 1718
f 1718 2503 2502
f 1718 2502 2501
f 2501 2502 2490
f 2501 2490 2489
f 2490 2479 2478
f 2478 2489 2490
f 2479 2468 2467
f 2467 2478 2479
f 2468 2457 2456
f 2456 2467 2468
f 1720 2508 1719
f 1719 2508 2507
f 1719 2507 2506
f 2506 2507 2495
f 2506 2495 2494
f 2495 2484 2483
f 2483 2494 2495
f 2484 2473 2472
f 2472 2483 2484
f 2473 2462 2461
f 2461 2472 2473
f 1720 1721 2508
f 2508 1721 2497
f 2508 2497 2496
f 2496 2497 2485
f 2485 2484 2495
f 2495 2496 2485
f 1721 1722 2497
f 2497 1722 1723
f 2497 1723 2486
f 2486 1723 1724
f 2486 1724 1725
f 2486 1725 2475
f 2475 1725 1726
f 2475 1726 2464
f 2464 1726 1727
f 2464 1727 2453
f 2453 1727 1728
f 2453 1728 2442
f 2442 1728 1729
f 2442 1729 2431
f 2431 1729 1730
f 2431 1730 2420
f 2420 1730 1731
f 1735 1736 2343
f 2343 1736 2332
f 2343 2332 2331
f 2331 2332 2320
f 2320 2319 2330
f 2330 2331 2320
f 2319 2318 2329
f 2329 2330 2319
f 2318 2317 2328
f 2328 2329 2318
f 2317 2316 2327
f 2327 2328 2317
f 2316 2315 2326
f 2326 2327 2316
f 2315 2314 2325
f 2325 2326 2315
f 2314 2313 2324
f 2324 2325 2314
f 2313 2312 2323
f 2323 2324 2313
f 2323 2312 2311
f 1736 1737 2332
f 2332 1737 2321
f 2332 2321 2320
f 2320 2321 1799
f 1737 1738 2321
f 2321 1738 1799
f 1738 1739 1799
f 1741 1742 2267
f 2267 1742 2256
f 2267 2256 2255
f 1742 1743 2256
f 1745 1746 2212
f 2212 1746 2201
f 2212 2201 2200
f 1746 1747 2201
f 1751 1752 2135
f 2135 1752 2124
f 2135 2124 2123
f 2123 2124 2112
f 2112 2111 2122
f 2122 2123 2112
f 2111 2110 2121
f 2121 2122 2111
f 2110 2109 2120
f 2120 2121 2110
f 2109 2108 2119
f 2119 2120 2109
f 2108 2107 2118
f 2118 2119 2108
f 2107 2106 2117
f 2117 2118 2107
f 2106 2105 2116
f 2116 2117 2106
f 2105 2104 2115
f 2115 2116 2105
f 2115 2104 2103
f 1752 1753 2124
f 2124 1753 2113
f 2124 2113 2112
f 2112 2113 1800
f 1753 1754 2113
f 2113 1754 1755
f 2113 1755 1800
f 1800 1755 1756
f 1800 1756 1757
f 1800 1757 2092
f 2092 1757 1758
f 2092 1758 2081
f 2081 1758 1759
f 2081 1759 1760
f 2081 1760 2070
f 2070 1760 1761
f 2070 1761 2059
f 2059 1761 1762
f 2059 1762 1763
f 2059 1763 2048
f 2048 1763 1764
f 2048 1764 1765
f 2048 1765 2037
f 2037 1765 1766
f 2037 1766 2026
f 2026 1766 1767
f 2026 1767 2015
f 2015 1767 1768
f 2015 1768 2004
f 2004 1768 1769
f 2004 1769 1993
f 1993 1769 1770
f 1993 1770 1982
f 1982 1770 1771
f 1772 1773 1938
f 1938 1773 1939
f 1938 1939 1940
f 1940 1939 1926
f 1926 1925 1941
f 1941 1940 1926
f 1925 1924 1942
f 1942 1941 1925
f 1924 1923 1943
f 1943 1942 1924
f 1923 1922 1944
f 1944 1943 1923
f 1922 1921 1945
f 1945 1944 1922
f 1921 1920 1946
f 1946 1945 1921
f 1920 1919 1947
f 1947 1946 1920
f 1947 1919 1918
f 1773 1774 1939
f 1939 1774 1927
f 1939 1927 1926
f 1774 1775 1927
f 1777 1778 1892
f 1892 1778 1878
f 1892 1878 1877
f 1877 1878 1880
f 1880 1881 1876
f 1876 1877 1880
f 1881 1882 1875
f 1875 1876 1881
f 1882 1883 1874
f 1874 1875 1882
f 1883 1884 1873
f 1873 1874 1883
f 1873 1884 1885
f 1885 1884 1865
f 1778 1779 1878
f 1878 1779 1879
f 1878 1879 1880
f 1880 1879 1870
f 1870 1869 1881
f 1881 1880 1870
f 1869 1868 1882
f 1882 1881 1869
f 1868 1867 1883
f 1883 1882 1868
f 1867 1866 1884
f 1884 1883 1867
f 1884 1866 1865
f 1865 1866 1858
f 1879 1779 1871
f 1871 1779 1780
f 1871 1780 1864
f 1864 1780 1781
f 1864 1781 1857
f 1857 1781 1782
f 1857 1782 1849
f 1849 1782 1783
f 1849 1783 1841
f 1841 1783 1823
f 1841 1823 1824
f 1824 1823 1821
f 1821 1820 1825
f 1825 1824 1821
f 1820 1819 1826
f 1826 1825 1820
f 1819 1818 1827
f 1827 1826 1819
f 1818 1817 1828
f 1828 1827 1818
f 1817 1816 1829
f 1829 1828 1817
f 1783 1784 1823
f 1823 1784 1822
f 1823 1822 1821
f 1821 1822 1802
f 1802 1803 1820
f 1820 1821 1802
f 1803 1804 1819
f 1819 1820 1803
f 1804 1805 1818
f 1818 1819 1804
f 1805 1806 1817
f 1817 1818 1805
f 1806 1807 1816
f 1816 1817 1806
f 1784 1785 1822
f 1822 1785 1801
f 1822 1801 1802
f 1802 1801 2510
f 2510 2511 1803
f 1803 1802 2510
f 2511 2512 1804
f 1804 1803 2511
f 2512 2513 1805
f 1805 1804 2512
f 2513 2514 1806
f 1806 1805 2513
f 2514 2515 1807
f 1807 1806 2514
f 1785 1786 1801
f 1801 1786 2509
f 1801 2509 2510
f 2510 2509 2540
f 2540 2539 2511
f 2511 2510 2540
f 2539 2538 2512
f 2512 2511 2539
f 2538 2537 2513
f 2513 2512 2538
f 2537 2536 2514
f 2514 2513 2537
f 2536 2535 2515
f 2515 2514 2536
f 1786 1787 2509
f 2509 1787 2541
f 2509 2541 2540
f 2540 2541 2521
f 2521 2522 2539
f 2539 2540 2521
f 2522 2523 2538
f 2538 2539 2522
f 2523 2524 2537
f 2537 2538 2523
f 2524 2525 2536
f 2536 2537 2524
f 2525 2526 2535
f 2535 2536 2525
f 2541 1787 2520
f 2520 1787 1788
f 2520 1788 2542
f 2542 1788 1789
f 2542 1789 2553
f 2553 1789 1790
f 2553 1790 2564
f 2564 1790 1791
f 2564 1791 2596
f 2596 1791 1792
f 2596 1792 2575
f 2575 1792 1793
f 2575 1793 2597
f 2597 1793 1794
f 2597 1794 1795
f 2597 1795 2608
f 2608 1795 1796
f 2608 1796 1797
f 2608 1797 2619
f 2619 1797 1798
f 2619 1798 2620
f 2620 1798 2621
f 2620 2621 2609
f 2609 2621 2610
f 2610 2599 2598
f 2598 2609 2610
f 2599 2577 2576
f 2576 2598 2599
f 2577 2594 2595
f 2595 2576 2577
f 2594 2566 2565
f 2565 2595 2594
f 2566 2555 2554
f 2554 2565 2566
f 2555 2544 2543
f 2543 2554 2555
f 2544 2522 2521
f 2521 2543 2544
f 1719 1718 1798
f 1798 1718 2621
f 1809 1814 1815
f 1815 1808 1809
f 1814 1831 1830
f 1830 1815 1814
f 1830 1831 1834
f 1810 1813 1814
f 1814 1809 1810
f 1814 1813 1831
f 1831 1813 1832
f 1808 2516 2517
f 2517 1809 1808
f 2516 2534 2533
f 2533 2517 2516
f 2534 2527 2528
f 2528 2533 2534
f 2527 2549 2550
f 2550 2528 2527
f 2549 2560 2561
f 2561 2550 2549
f 2560 2571 2572
f 2572 2561 2560
f 2571 2589 2588
f 2588 2572 2571
f 2589 2582 2583
f 2583 2588 2589
f 2582 2604 2605
f 2605 2583 2582
f 2604 2615 2616
f 2616 2605 2604
f 2616 2615 2627
f 1810 1811 1813
f 1813 1811 1812
f 1813 1812 1832
f 1809 2517 2518
f 2518 1810 1809
f 2517 2533 2532
f 2532 2518 2517
f 2533 2528 2529
f 2529 2532 2533
f 2528 2550 2551
f 2551 2529 2528
f 2550 2561 2562
f 2562 2551 2550
f 2561 2572 2573
f 2573 2562 2561
f 2572 2588 2587
f 2587 2573 2572
f 2588 2583 2584
f 2584 2587 2588
f 2583 2605 2606
f 2606 2584 2583
f 2605 2616 2617
f 2617 2606 2605
f 2617 2616 2628
f 2628 2616 2627
f 1811 1810 2519
f 2519 1810 2518
f 2519 2518 2531
f 2531 2518 2532
f 2531 2532 2530
f 2530 2532 2529
f 2530 2529 2552
f 2552 2529 2551
f 2552 2551 2563
f 2563 2551 2562
f 2563 2562 2574
f 2574 2562 2573
f 2574 2573 2586
f 2586 2573 2587
f 2586 2587 2585
f 2585 2587 2584
f 2585 2584 2607
f 2607 2584 2606
f 2607 2606 2618
f 2618 2606 2617
f 2618 2617 2629
f 2629 2617 2628
f 1825 1839 1840
f 1840 1824 1825
f 1839 1847 1848
f 1848 1840 1839
f 1847 1855 1856
f 1856 1848 1847
f 1855 1862 1863
f 1863 1856 1855
f 1862 1869 1870
f 1870 1863 1862
f 1826 1838 1839
f 1839 1825 1826
f 1838 1846 1847
f 1847 1839 1838
f 1846 1854 1855
f 1855 1847 1846
f 1854 1861 1862
f 1862 1855 1854
f 1861 1868 1869
f 1869 1862 1861
f 1827 1837 1838
f 1838 1826 1827
f 1837 1845 1846
f 1846 1838 1837
f 1845 1853 1854
f 1854 1846 1845
f 1853 1860 1861
f 1861 1854 1853
f 1860 1867 1868
f 1868 1861 1860
f 1828 1836 1837
f 1837 1827 1828
f 1836 1844 1845
f 1845 1837 1836
f 1844 1852 1853
f 1853 1845 1844
f 1852 1859 1860
f 1860 1853 1852
f 1859 1866 1867
f 1867 1860 1859
f 1829 1835 1836
f 1836 1828 1829
f 1835 1843 1844
f 1844 1836 1835
f 1843 1851 1852
f 1852 1844 1843
f 1852 1851 1859
f 1859 1851 1858
f 1859 1858 1866
f 1849 1841 1840
f 1840 1841 1824
f 1857 1849 1848
f 1848 1849 1840
f 1864 1857 1856
f 1856 1857 1848
f 1871 1864 1863
f 1863 1864 1856
f 1879 1871 1870
f 1870 1871 1863
f 1902 1894 1893
f 1895 1903 1904
f 1904 1896 1895
f 1903 1912 1913
f 1913 1904 1903
f 1896 1904 1905
f 1905 1897 1896
f 1904 1913 1914
f 1914 1905 1904
f 1897 1905 1906
f 1906 1898 1897
f 1905 1914 1915
f 1915 1906 1905
f 1898 1906 1907
f 1907 1899 1898
f 1906 1915 1916
f 1916 1907 1906
f 1911 1902 1901
f 1901 1902 1893
f 1910 1911 1901
f 1917 1908 1907
f 1907 1908 1899
f 1916 1917 1907
f 1919 1920 1909
f 1948 1947 1918
f 1949 1928 1929
f 1929 1928 1951
f 1951 1952 1930
f 1930 1929 1951
f 1952 1953 1931
f 1931 1930 1952
f 1953 1954 1932
f 1932 1931 1953
f 1954 1955 1933
f 1933 1932 1954
f 1955 1956 1934
f 1934 1933 1955
f 1956 1957 1935
f 1935 1934 1956
f 1957 1958 1936
f 1936 1935 1957
f 1958 1959 1937
f 1937 1936 1958
f 1937 1959 1960
f 1960 1959 1970
f 1960 1970 1971
f 1971 1970 1981
f 1928 1950 1951
f 1951 1950 1961
f 1951 1961 1962
f 1962 1961 1972
f 1962 1972 1973
f 1973 1972 1984
f 1984 1985 1974
f 1974 1973 1984
f 1985 1986 1975
f 1975 1974 1985
f 1986 1987 1976
f 1976 1975 1986
f 1987 1988 1977
f 1977 1976 1987
f 1988 1989 1978
f 1978 1977 1988
f 1989 1990 1979
f 1979 1978 1989
f 1990 1991 1980
f 1980 1979 1990
f 1991 1992 1981
f 1981 1980 1991
f 1951 1962 1963
f 1963 1952 1951
f 1962 1973 1974
f 1974 1963 1962
f 1952 1963 1964
f 1964 1953 1952
f 1963 1974 1975
f 1975 1964 1963
f 1953 1964 1965
f 1965 1954 1953
f 1964 1975 1976
f 1976 1965 1964
f 1954 1965 1966
f 1966 1955 1954
f 1965 1976 1977
f 1977 1966 1965
f 1955 1966 1967
f 1967 1956 1955
f 1966 1977 1978
f 1978 1967 1966
f 1956 1967 1968
f 1968 1957 1956
f 1967 1978 1979
f 1979 1968 1967
f 1957 1968 1969
f 1969 1958 1957
f 1968 1979 1980
f 1980 1969 1968
f 1958 1969 1970
f 1970 1959 1958
f 1969 1980 1981
f 1981 1970 1969
f 1972 1983 1984
f 1984 1983 1995
f 1995 1996 1985
f 1985 1984 1995
f 1996 1997 1986
f 1986 1985 1996
f 1997 1998 1987
f 1987 1986 1997
f 1998 1999 1988
f 1988 1987 1998
f 1999 2000 1989
f 1989 1988 1999
f 2000 2001 1990
f 1990 1989 2000
f 2001 2002 1991
f 1991 1990 2001
f 2002 2003 1992
f 1992 1991 2002
f 1983 1994 1995
f 1995 1994 2006
f 2006 2007 1996
f 1996 1995 2006
f 2007 2008 1997
f 1997 1996 2007
f 2008 2009 1998
f 1998 1997 2008
f 2009 2010 1999
f 1999 1998 2009
f 2010 2011 2000
f 2000 1999 2010
f 2011 2012 2001
f 2001 2000 2011
f 2012 2013 2002
f 2002 2001 2012
f 2013 2014 2003
f 2003 2002 2013
f 1994 2005 2006
f 2006 2005 2017
f 2017 2018 2007
f 2007 2006 2017
f 2018 2019 2008
f 2008 2007 2018
f 2019 2020 2009
f 2009 2008 2019
f 2020 2021 2010
f 2010 2009 2020
f 2021 2022 2011
f 2011 2010 2021
f 2022 2023 2012
f 2012 2011 2022
f 2023 2024 2013
f 2013 2012 2023
f 2024 2025 2014
f 2014 2013 2024
f 2005 2016 2017
f 2017 2016 2028
f 2028 2029 2018
f 2018 2017 2028
f 2029 2030 2019
f 2019 2018 2029
f 2030 2031 2020
f 2020 2019 2030
f 2031 2032 2021
f 2021 2020 2031
f 2032 2033 2022
f 2022 2021 2032
f 2033 2034 2023
f 2023 2022 2033
f 2034 2035 2024
f 2024 2023 2034
f 2035 2036 2025
f 2025 2024 2035
f 2016 2027 2028
f 2028 2027 2039
f 2039 2040 2029
f 2029 2028 2039
f 2040 2041 2030
f 2030 2029 2040
f 2041 2042 2031
f 2031 2030 2041
f 2042 2043 2032
f 2032 2031 2042
f 2043 2044 2033
f 2033 2032 2043
f 2044 2045 2034
f 2034 2033 2044
f 2045 2046 2035
f 2035 2034 2045
f 2046 2047 2036
f 2036 2035 2046
f 2027 2038 2039
f 2039 2038 2050
f 2050 2051 2040
f 2040 2039 2050
f 2051 2052 2041
f 2041 2040 2051
f 2052 2053 2042
f 2042 2041 2052
f 2053 2054 2043
f 2043 2042 2053
f 2054 2055 2044
f 2044 2043 2054
f 2055 2056 2045
f 2045 2044 2055
f 2056 2057 2046
f 2046 2045 2056
f 2057 2058 2047
f 2047 2046 2057
f 2038 2049 2050
f 2050 2049 2061
f 2061 2062 2051
f 2051 2050 2061
f 2062 2063 2052
f 2052 2051 2062
f 2063 2064 2053
f 2053 2052 2063
f 2064 2065 2054
f 2054 2053 2064
f 2065 2066 2055
f 2055 2054 2065
f 2066 2067 2056
f 2056 2055 2066
f 2067 2068 2057
f 2057 2056 2067
f 2068 2069 2058
f 2058 2057 2068
f 2049 2060 2061
f 2061 2060 2072
f 2072 2073 2062
f 2062 2061 2072
f 2073 2074 2063
f 2063 2062 2073
f 2074 2075 2064
f 2064 2063 2074
f 2075 2076 2065
f 2065 2064 2075
f 2076 2077 2066
f 2066 2065 2076
f 2077 2078 2067
f 2067 2066 2077
f 2078 2079 2068
f 2068 2067 2078
f 2079 2080 2069
f 2069 2068 2079
f 2060 2071 2072
f 2072 2071 2083
f 2083 2084 2073
f 2073 2072 2083
f 2084 2085 2074
f 2074 2073 2084
f 2085 2086 2075
f 2075 2074 2085
f 2086 2087 2076
f 2076 2075 2086
f 2087 2088 2077
f 2077 2076 2087
f 2088 2089 2078
f 2078 2077 2088
f 2089 2090 2079
f 2079 2078 2089
f 2090 2091 2080
f 2080 2079 2090
f 2071 2082 2083
f 2083 2082 2094
f 2094 2095 2084
f 2084 2083 2094
f 2095 2096 2085
f 2085 2084 2095
f 2096 2097 2086
f 2086 2085 2096
f 2097 2098 2087
f 2087 2086 2097
f 2098 2099 2088
f 2088 2087 2098
f 2099 2100 2089
f 2089 2088 2099
f 2100 2101 2090
f 2090 2089 2100
f 2101 2102 2091
f 2091 2090 2101
f 2093 2094 2082
f 2114 2125 2126
f 2126 2125 2137
f 2137 2138 2127
f 2127 2126 2137
f 2138 2139 2128
f 2128 2127 2138
f 2139 2140 2129
f 2129 2128 2139
f 2140 2141 2130
f 2130 2129 2140
f 2141 2142 2131
f 2131 2130 2141
f 2142 2143 2132
f 2132 2131 2142
f 2143 2144 2133
f 2133 2132 2143
f 2144 2145 2134
f 2134 2133 2144
f 2134 2145 2146
f 2146 2145 2157
f 2125 2136 2137
f 2137 2136 2148
f 2148 2149 2138
f 2138 2137 2148
f 2149 2150 2139
f 2139 2138 2149
f 2150 2151 2140
f 2140 2139 2150
f 2151 2152 2141
f 2141 2140 2151
f 2152 2153 2142
f 2142 2141 2152
f 2153 2154 2143
f 2143 2142 2153
f 2154 2155 2144
f 2144 2143 2154
f 2155 2156 2145
f 2145 2144 2155
f 2145 2156 2157
f 2157 2156 2168
f 2136 2147 2148
f 2148 2147 2159
f 2159 2160 2149
f 2149 2148 2159
f 2160 2161 2150
f 2150 2149 2160
f 2161 2162 2151
f 2151 2150 2161
f 2162 2163 2152
f 2152 2151 2162
f 2163 2164 2153
f 2153 2152 2163
f 2164 2165 2154
f 2154 2153 2164
f 2165 2166 2155
f 2155 2154 2165
f 2166 2167 2156
f 2156 2155 2166
f 2156 2167 2168
f 2168 2167 2179
f 2147 2158 2159
f 2159 2158 2170
f 2170 2171 2160
f 2160 2159 2170
f 2171 2172 2161
f 2161 2160 2171
f 2172 2173 2162
f 2162 2161 2172
f 2173 2174 2163
f 2163 2162 2173
f 2174 2175 2164
f 2164 2163 2174
f 2175 2176 2165
f 2165 2164 2175
f 2176 2177 2166
f 2166 2165 2176
f 2177 2178 2167
f 2167 2166 2177
f 2167 2178 2179
f 2179 2178 2190
f 2158 2169 2170
f 2170 2169 2181
f 2181 2182 2171
f 2171 2170 2181
f 2182 2183 2172
f 2172 2171 2182
f 2183 2184 2173
f 2173 2172 2183
f 2184 2185 2174
f 2174 2173 2184
f 2185 2186 2175
f 2175 2174 2185
f 2186 2187 2176
f 2176 2175 2186
f 2187 2188 2177
f 2177 2176 2187
f 2188 2189 2178
f 2178 2177 2188
f 2178 2189 2190
f 2191 2202 2203
f 2203 2202 2214
f 2214 2215 2204
f 2204 2203 2214
f 2215 2216 2205
f 2205 2204 2215
f 2216 2217 2206
f 2206 2205 2216
f 2217 2218 2207
f 2207 2206 2217
f 2218 2219 2208
f 2208 2207 2218
f 2219 2220 2209
f 2209 2208 2219
f 2220 2221 2210
f 2210 2209 2220
f 2221 2222 2211
f 2211 2210 2221
f 2211 2222 2223
f 2223 2222 2234
f 2202 2213 2214
f 2214 2213 2225
f 2225 2226 2215
f 2215 2214 2225
f 2226 2227 2216
f 2216 2215 2226
f 2227 2228 2217
f 2217 2216 2227
f 2228 2229 2218
f 2218 2217 2228
f 2229 2230 2219
f 2219 2218 2229
f 2230 2231 2220
f 2220 2219 2230
f 2231 2232 2221
f 2221 2220 2231
f 2232 2233 2222
f 2222 2221 2232
f 2222 2233 2234
f 2234 2233 2245
f 2213 2224 2225
f 2225 2224 2236
f 2236 2237 2226
f 2226 2225 2236
f 2237 2238 2227
f 2227 2226 2237
f 2238 2239 2228
f 2228 2227 2238
f 2239 2240 2229
f 2229 2228 2239
f 2240 2241 2230
f 2230 2229 2240
f 2241 2242 2231
f 2231 2230 2241
f 2242 2243 2232
f 2232 2231 2242
f 2243 2244 2233
f 2233 2232 2243
f 2233 2244 2245
f 2246 2257 2258
f 2258 2257 2269
f 2269 2270 2259
f 2259 2258 2269
f 2270 2271 2260
f 2260 2259 2270
f 2271 2272 2261
f 2261 2260 2271
f 2272 2273 2262
f 2262 2261 2272
f 2273 2274 2263
f 2263 2262 2273
f 2274 2275 2264
f 2264 2263 2274
f 2275 2276 2265
f 2265 2264 2275
f 2276 2277 2266
f 2266 2265 2276
f 2266 2277 2278
f 2278 2277 2289
f 2257 2268 2269
f 2269 2268 2280
f 2280 2281 2270
f 2270 2269 2280
f 2281 2282 2271
f 2271 2270 2281
f 2282 2283 2272
f 2272 2271 2282
f 2283 2284 2273
f 2273 2272 2283
f 2284 2285 2274
f 2274 2273 2284
f 2285 2286 2275
f 2275 2274 2285
f 2286 2287 2276
f 2276 2275 2286
f 2287 2288 2277
f 2277 2276 2287
f 2277 2288 2289
f 2289 2288 2300
f 2268 2279 2280
f 2280 2279 2291
f 2291 2292 2281
f 2281 2280 2291
f 2292 2293 2282
f 2282 2281 2292
f 2293 2294 2283
f 2283 2282 2293
f 2294 2295 2284
f 2284 2283 2294
f 2295 2296 2285
f 2285 2284 2295
f 2296 2297 2286
f 2286 2285 2296
f 2297 2298 2287
f 2287 2286 2297
f 2298 2299 2288
f 2288 2287 2298
f 2288 2299 2300
f 2300 2299 2310
f 2279 2290 2291
f 2291 2290 2301
f 2291 2301 2302
f 2291 2302 2303
f 2303 2292 2291
f 2292 2303 2304
f 2304 2293 2292
f 2293 2304 2305
f 2305 2294 2293
f 2294 2305 2306
f 2306 2295 2294
f 2295 2306 2307
f 2307 2296 2295
f 2296 2307 2308
f 2308 2297 2296
f 2297 2308 2309
f 2309 2298 2297
f 2298 2309 2310
f 2310 2299 2298
f 2322 2333 2334
f 2334 2333 2345
f 2345 2346 2335
f 2335 2334 2345
f 2346 2347 2336
f 2336 2335 2346
f 2347 2348 2337
f 2337 2336 2347
f 2348 2349 2338
f 2338 2337 2348
f 2349 2350 2339
f 2339 2338 2349
f 2350 2351 2340
f 2340 2339 2350
f 2351 2352 2341
f 2341 2340 2351
f 2352 2353 2342
f 2342 2341 2352
f 2342 2353 2354
f 2354 2353 2365
f 2333 2344 2345
f 2345 2344 2356
f 2356 2357 2346
f 2346 2345 2356
f 2357 2358 2347
f 2347 2346 2357
f 2358 2359 2348
f 2348 2347 2358
f 2359 2360 2349
f 2349 2348 2359
f 2360 2361 2350
f 2350 2349 2360
f 2361 2362 2351
f 2351 2350 2361
f 2362 2363 2352
f 2352 2351 2362
f 2363 2364 2353
f 2353 2352 2363
f 2353 2364 2365
f 2365 2364 2376
f 2344 2355 2356
f 2356 2355 2367
f 2367 2368 2357
f 2357 2356 2367
f 2368 2369 2358
f 2358 2357 2368
f 2369 2370 2359
f 2359 2358 2369
f 2370 2371 2360
f 2360 2359 2370
f 2371 2372 2361
f 2361 2360 2371
f 2372 2373 2362
f 2362 2361 2372
f 2373 2374 2363
f 2363 2362 2373
f 2374 2375 2364
f 2364 2363 2374
f 2364 2375 2376
f 2376 2375 2387
f 2355 2366 2367
f 2367 2366 2378
f 2378 2379 2368
f 2368 2367 2378
f 2379 2380 2369
f 2369 2368 2379
f 2380 2381 2370
f 2370 2369 2380
f 2381 2382 2371
f 2371 2370 2381
f 2382 2383 2372
f 2372 2371 2382
f 2383 2384 2373
f 2373 2372 2383
f 2384 2385 2374
f 2374 2373 2384
f 2385 2386 2375
f 2375 2374 2385
f 2375 2386 2387
f 2387 2386 2398
f 2366 2377 2378
f 2378 2377 2389
f 2389 2390 2379
f 2379 2378 2389
f 2390 2391 2380
f 2380 2379 2390
f 2391 2392 2381
f 2381 2380 2391
f 2392 2393 2382
f 2382 2381 2392
f 2393 2394 2383
f 2383 2382 2393
f 2394 2395 2384
f 2384 2383 2394
f 2395 2396 2385
f 2385 2384 2395
f 2396 2397 2386
f 2386 2385 2396
f 2386 2397 2398
f 2398 2397 2408
f 2398 2408 2409
f 2409 2408 2419
f 2377 2388 2389
f 2389 2388 2399
f 2389 2399 2400
f 2400 2399 2410
f 2400 2410 2411
f 2411 2410 2422
f 2422 2423 2412
f 2412 2411 2422
f 2423 2424 2413
f 2413 2412 2423
f 2424 2425 2414
f 2414 2413 2424
f 2425 2426 2415
f 2415 2414 2425
f 2426 2427 2416
f 2416 2415 2426
f 2427 2428 2417
f 2417 2416 2427
f 2428 2429 2418
f 2418 2417 2428
f 2429 2430 2419
f 2419 2418 2429
f 2389 2400 2401
f 2401 2390 2389
f 2400 2411 2412
f 2412 2401 2400
f 2390 2401 2402
f 2402 2391 2390
f 2401 2412 2413
f 2413 2402 2401
f 2391 2402 2403
f 2403 2392 2391
f 2402 2413 2414
f 2414 2403 2402
f 2392 2403 2404
f 2404 2393 2392
f 2403 2414 2415
f 2415 2404 2403
f 2393 2404 2405
f 2405 2394 2393
f 2404 2415 2416
f 2416 2405 2404
f 2394 2405 2406
f 2406 2395 2394
f 2405 2416 2417
f 2417 2406 2405
f 2395 2406 2407
f 2407 2396 2395
f 2406 2417 2418
f 2418 2407 2406
f 2396 2407 2408
f 2408 2397 2396
f 2407 2418 2419
f 2419 2408 2407
f 2410 2421 2422
f 2422 2421 2433
f 2433 2434 2423
f 2423 2422 2433
f 2434 2435 2424
f 2424 2423 2434
f 2435 2436 2425
f 2425 2424 2435
f 2436 2437 2426
f 2426 2425 2436
f 2437 2438 2427
f 2427 2426 2437
f 2438 2439 2428
f 2428 2427 2438
f 2439 2440 2429
f 2429 2428 2439
f 2440 2441 2430
f 2430 2429 2440
f 2421 2432 2433
f 2433 2432 2444
f 2444 2445 2434
f 2434 2433 2444
f 2445 2446 2435
f 2435 2434 2445
f 2446 2447 2436
f 2436 2435 2446
f 2447 2448 2437
f 2437 2436 2447
f 2448 2449 2438
f 2438 2437 2448
f 2449 2450 2439
f 2439 2438 2449
f 2450 2451 2440
f 2440 2439 2450
f 2451 2452 2441
f 2441 2440 2451
f 2443 2444 2432
f 2464 2453 2463
f 2454 2465 2455
f 2455 2465 2466
f 2466 2467 2456
f 2456 2455 2466
f 2457 2468 2469
f 2469 2458 2457
f 2468 2479 2480
f 2480 2469 2468
f 2479 2490 2491
f 2491 2480 2479
f 2491 2490 2502
f 2458 2469 2470
f 2470 2459 2458
f 2469 2480 2481
f 2481 2470 2469
f 2480 2491 2492
f 2492 2481 2480
f 2492 2491 2503
f 2503 2491 2502
f 2459 2470 2471
f 2471 2460 2459
f 2470 2481 2482
f 2482 2471 2470
f 2481 2492 2493
f 2493 2482 2481
f 2493 2492 2504
f 2504 2492 2503
f 2504 2503 1719
f 2460 2471 2472
f 2472 2461 2460
f 2471 2482 2483
f 2483 2472 2471
f 2482 2493 2494
f 2494 2483 2482
f 2494 2493 2505
f 2505 2493 2504
f 2505 2504 1719
f 2462 2473 2474
f 2474 2463 2462
f 2473 2484 2485
f 2485 2474 2473
f 2475 2464 2474
f 2474 2464 2463
f 2466 2465 2477
f 2477 2465 2476
f 2477 2476 2488
f 2488 2476 2487
f 2488 2487 2499
f 2499 2487 2498
f 2499 2498 1718
f 2466 2477 2478
f 2478 2467 2466
f 2477 2488 2489
f 2489 2478 2477
f 2489 2488 2500
f 2500 2488 2499
f 2500 2499 1718
f 2486 2475 2474
f 2497 2486 2485
f 2485 2486 2474
f 2501 2489 2500
f 2506 2494 2505
f 2508 2496 2507
f 2507 2496 2495
f 1718 2501 2500
f 1719 2506 2505
f 2543 2521 2520
f 2520 2521 2541
f 2522 2544 2545
f 2545 2523 2522
f 2544 2555 2556
f 2556 2545 2544
f 2555 2566 2567
f 2567 2556 2555
f 2566 2594 2593
f 2593 2567 2566
f 2594 2577 2578
f 2578 2593 2594
f 2577 2599 2600
f 2600 2578 2577
f 2599 2610 2611
f 2611 2600 2599
f 2611 2610 2622
f 2622 2610 2621
f 2622 2621 1718
f 2523 2545 2546
f 2546 2524 2523
f 2545 2556 2557
f 2557 2546 2545
f 2556 2567 2568
f 2568 2557 2556
f 2567 2593 2592
f 2592 2568 2567
f 2593 2578 2579
f 2579 2592 2593
f 2578 2600 2601
f 2601 2579 2578
f 2600 2611 2612
f 2612 2601 2600
f 2612 2611 2623
f 2623 2611 2622
f 2623 2622 1718
f 2524 2546 2547
f 2547 2525 2524
f 2546 2557 2558
f 2558 2547 2546
f 2557 2568 2569
f 2569 2558 2557
f 2568 2592 2591
f 2591 2569 2568
f 2592 2579 2580
f 2580 2591 2592
f 2579 2601 2602
f 2602 2580 2579
f 2601 2612 2613
f 2613 2602 2601
f 2613 2612 2624
f 2624 2612 2623
f 2624 2623 1718
f 2525 2547 2548
f 2548 2526 2525
f 2547 2558 2559
f 2559 2548 2547
f 2558 2569 2570
f 2570 2559 2558
f 2569 2591 2590
f 2590 2570 2569
f 2591 2580 2581
f 2581 2590 2591
f 2580 2602 2603
f 2603 2581 2580
f 2602 2613 2614
f 2614 2603 2602
f 2614 2613 2625
f 2625 2613 2624
f 2625 2624 1718
f 2554 2543 2542
f 2542 2543 2520
f 2565 2554 2553
f 2553 2554 2542
f 2595 2565 2564
f 2564 2565 2553
f 2575 2576 2596
f 2596 2576 2595
f 2596 2595 2564
f 2576 2575 2598
f 2598 2575 2597
f 2598 2597 2609
f 2609 2597 2608
f 2609 2608 2620
f 2620 2608 2619
f 2626 2614 2625
f 1718 2626 2625
f 27 2722 28
f 28 2722 2721
f 28 2721 719
f 719 2721 720
f 720 2721 2877
f 720 2877 721
f 721 2877 2885
f 721 2885 722
f 722 2885 2884
f 722 2884 723
f 723 2884 2898
f 723 2898 724
f 724 2898 725
f 725 2898 2905
f 725 2905 726
f 726 2905 2912
f 726 2912 727
f 727 2912 2920
f 727 2920 728
f 728 2920 2919
f 728 2919 729
f 729 2919 2933
f 729 2933 730
f 730 2933 731
f 731 2933 2940
f 731 2940 732
f 732 2940 2947
f 732 2947 733
f 733 2947 2954
f 733 2954 734
f 734 2954 2961
f 734 2961 735
f 735 2961 2968
f 735 2968 736
f 736 2968 737
f 737 2968 2975
f 737 2975 738
f 738 2975 2982
f 738 2982 739
f 739 2982 2989
f 739 2989 740
f 740 2989 2996
f 740 2996 741
f 741 2996 3003
f 741 3003 742
f 742 3003 743
f 743 3003 3010
f 743 3010 744
f 744 3010 3017
f 744 3017 745
f 745 3017 2712
f 745 2712 746
f 746 2712 3023
f 746 3023 747
f 747 3023 3036
f 747 3036 748
f 748 3036 749
f 749 3036 3043
f 749 3043 750
f 750 3043 3050
f 750 3050 751
f 751 3050 3058
f 751 3058 752
f 752 3058 3057
f 752 3057 753
f 753 3057 754
f 754 3057 3071
f 754 3071 755
f 755 3071 3078
f 755 3078 756
f 756 3078 3085
f 756 3085 757
f 757 3085 3093
f 757 3093 758
f 758 3093 3092
f 758 3092 759
f 759 3092 760
f 760 3092 3106
f 760 3106 761
f 761 3106 3113
f 761 3113 762
f 762 3113 3120
f 762 3120 763
f 763 3120 3128
f 763 3128 764
f 764 3128 3127
f 764 3127 765
f 765 3127 766
f 766 3127 3141
f 766 3141 767
f 767 3141 3148
f 767 3148 768
f 768 3148 3155
f 768 3155 769
f 769 3155 3163
f 769 3163 770
f 770 3163 771
f 771 3163 3162
f 771 3162 772
f 772 3162 3176
f 772 3176 773
f 773 3176 3183
f 773 3183 774
f 774 3183 3190
f 774 3190 775
f 775 3190 3198
f 775 3198 776
f 776 3198 777
f 777 3198 3197
f 777 3197 778
f 778 3197 3211
f 778 3211 779
f 779 3211 3218
f 779 3218 780
f 780 3218 3225
f 780 3225 781
f 781 3225 782
f 782 3225 3224
f 782 3224 2630
f 2630 3224 3223
f 2630 3223 3222
f 3222 3223 3215
f 3222 3215 3214
f 3215 3208 3207
f 3207 3214 3215
f 3208 3194 3193
f 3193 3207 3208
f 3194 3201 3202
f 3202 3193 3194
f 3201 3187 3186
f 3186 3202 3201
f 3187 3180 3179
f 3179 3186 3187
f 3180 3173 3172
f 3172 3179 3180
f 3173 3159 3158
f 3158 3172 3173
f 3159 3166 3167
f 3167 3158 3159
f 3166 3152 3151
f 3151 3167 3166
f 3152 3145 3144
f 3144 3151 3152
f 3145 3138 3137
f 3137 3144 3145
f 3138 3124 3123
f 3123 3137 3138
f 3124 3131 3132
f 3132 3123 3124
f 3131 3117 3116
f 3116 3132 3131
f 3117 3110 3109
f 3109 3116 3117
f 3110 3103 3102
f 3102 3109 3110
f 3103 3089 3088
f 3088 3102 3103
f 3089 3096 3097
f 3097 3088 3089
f 3096 3082 3081
f 3081 3097 3096
f 3082 3075 3074
f 3074 3081 3082
f 3075 3068 3067
f 3067 3074 3075
f 3068 3054 3053
f 3053 3067 3068
f 3054 3061 3062
f 3062 3053 3054
f 3061 3047 3046
f 3046 3062 3061
f 3047 3040 3039
f 3039 3046 3047
f 3040 3033 3032
f 3032 3039 3040
f 3033 3020 3019
f 3019 3032 3033
f 3020 3026 3027
f 3027 3019 3020
f 3026 3014 3013
f 3013 3027 3026
f 3014 3007 3006
f 3006 3013 3014
f 3007 3000 2999
f 2999 3006 3007
f 3000 2993 2992
f 2992 2999 3000
f 2993 2986 2985
f 2985 2992 2993
f 2986 2979 2978
f 2978 2985 2986
f 2979 2972 2971
f 2971 2978 2979
f 2972 2965 2964
f 2964 2971 2972
f 2965 2958 2957
f 2957 2964 2965
f 2958 2951 2950
f 2950 2957 2958
f 2951 2944 2943
f 2943 2950 2951
f 2944 2937 2936
f 2936 2943 2944
f 2937 2930 2929
f 2929 2936 2937
f 2930 2916 2915
f 2915 2929 2930
f 2916 2923 2924
f 2924 2915 2916
f 2923 2909 2908
f 2908 2924 2923
f 2909 2902 2901
f 2901 2908 2909
f 2902 2895 2894
f 2894 2901 2902
f 2895 2881 2880
f 2880 2894 2895
f 2881 2888 2889
f 2889 2880 2881
f 2888 2874 2873
f 2873 2889 2888
f 2874 2718 2717
f 2717 2873 2874
f 2718 2725 2726
f 2726 2717 2718
f 2725 2732 2731
f 2731 2726 2725
f 2732 2736 2737
f 2737 2731 2732
f 2737 2736 2741
f 2741 2736 2740
f 2741 2740 2745
f 2745 2740 2744
f 2745 2744 23
f 23 2744 24
f 24 2744 2740
f 24 2740 25
f 25 2740 2736
f 25 2736 2735
f 2735 2736 2733
f 2735 2733 26
f 26 2733 2734
f 26 2734 27
f 27 2734 2722
f 26 25 2735
f 2745 23 2748
f 2748 23 22
f 2748 22 2751
f 2751 22 21
f 2751 21 2759
f 2759 21 2754
f 2759 2754 2755
f 2755 2754 2761
f 2755 2761 2762
f 2762 2761 2766
f 2762 2766 2649
f 2649 2766 2648
f 2648 2766 2770
f 2648 2770 2647
f 2647 2770 2775
f 2647 2775 2781
f 2781 2775 2774
f 2781 2774 2780
f 2774 2773 2779
f 2779 2780 2774
f 2773 2772 2778
f 2778 2779 2773
f 2778 2772 2771
f 2771 2772 17
f 2771 17 16
f 21 20 2754
f 2754 20 2760
f 2754 2760 2761
f 2761 2760 2765
f 2761 2765 2766
f 2766 2765 2770
f 20 19 2760
f 2760 19 2764
f 2760 2764 2765
f 2764 2768 2769
f 2769 2765 2764
f 2768 2773 2774
f 2774 2769 2768
f 2764 19 2763
f 2763 19 18
f 2763 18 2767
f 2767 18 17
f 2767 17 2772
f 16 15 2771
f 2771 15 2777
f 2771 2777 2778
f 2777 2786 2785
f 2785 2778 2777
f 2786 2791 2792
f 2792 2785 2786
f 2791 2798 2799
f 2799 2792 2791
f 2798 2803 2804
f 2804 2799 2798
f 2803 2810 2811
f 2811 2804 2803
f 2810 2817 2818
f 2818 2811 2810
f 2817 2824 2825
f 2825 2818 2817
f 2824 2831 2832
f 2832 2825 2824
f 2831 2838 2839
f 2839 2832 2831
f 2838 2845 2846
f 2846 2839 2838
f 2845 2852 2853
f 2853 2846 2845
f 2852 2859 2860
f 2860 2853 2852
f 2860 2859 2867
f 2867 2859 2866
f 2867 2866 2630
f 2630 2866 2865
f 2630 2865 2864
f 2864 2865 2857
f 2864 2857 784
f 784 2857 785
f 785 2857 2850
f 785 2850 786
f 786 2850 2843
f 786 2843 787
f 787 2843 788
f 788 2843 2836
f 788 2836 789
f 789 2836 2829
f 789 2829 790
f 790 2829 2822
f 790 2822 791
f 791 2822 2815
f 791 2815 792
f 792 2815 793
f 793 2815 2808
f 793 2808 794
f 794 2808 2714
f 794 2714 795
f 795 2714 2796
f 795 2796 796
f 796 2796 2789
f 796 2789 797
f 797 2789 14
f 14 2789 2788
f 14 2788 15
f 15 2788 2776
f 15 2776 2777
f 2777 2776 2786
f 784 783 2864
f 2864 783 2630
f 783 782 2630
f 2631 2869 2630
f 2630 2869 2868
f 2630 2868 2867
f 2867 2868 2860
f 2869 2631 2870
f 2870 2631 2632
f 2870 2632 2633
f 2870 2633 2863
f 2863 2633 2634
f 2863 2634 2635
f 2863 2635 2856
f 2856 2635 2636
f 2856 2636 2637
f 2856 2637 2849
f 2849 2637 2638
f 2849 2638 2842
f 2842 2638 2639
f 2842 2639 2835
f 2835 2639 2640
f 2835 2640 2828
f 2828 2640 2641
f 2828 2641 2821
f 2821 2641 2642
f 2821 2642 2814
f 2814 2642 2643
f 2814 2643 2807
f 2807 2643 2713
f 2807 2713 2806
f 2806 2713 2801
f 2801 2800 2805
f 2805 2806 2801
f 2800 2799 2804
f 2804 2805 2800
f 2643 2644 2713
f 2713 2644 2795
f 2713 2795 2794
f 2794 2795 2783
f 2783 2784 2793
f 2793 2794 2783
f 2784 2785 2792
f 2792 2793 2784
f 2644 2645 2795
f 2795 2645 2782
f 2795 2782 2783
f 2783 2782 2780
f 2780 2779 2784
f 2784 2783 2780
f 2779 2778 2785
f 2785 2784 2779
f 2645 2646 2782
f 2782 2646 2781
f 2782 2781 2780
f 2646 2647 2781
f 2649 2650 2762
f 2762 2650 2756
f 2762 2756 2755
f 2755 2756 2758
f 2755 2758 2759
f 2759 2758 2751
f 2650 2651 2756
f 2756 2651 2757
f 2756 2757 2758
f 2758 2757 2752
f 2758 2752 2751
f 2751 2752 2748
f 2757 2651 2753
f 2753 2651 2652
f 2753 2652 2750
f 2750 2652 2653
f 2750 2653 2747
f 2747 2653 2654
f 2747 2654 2743
f 2743 2654 2655
f 2743 2655 2739
f 2739 2655 2729
f 2739 2729 2730
f 2730 2729 2727
f 2727 2726 2731
f 2731 2730 2727
f 2655 2656 2729
f 2729 2656 2728
f 2729 2728 2727
f 2727 2728 2716
f 2716 2717 2726
f 2726 2727 2716
f 2656 2657 2728
f 2728 2657 2715
f 2728 2715 2716
f 2716 2715 2872
f 2872 2873 2717
f 2717 2716 2872
f 2657 2658 2715
f 2715 2658 2871
f 2715 2871 2872
f 2872 2871 2890
f 2890 2889 2873
f 2873 2872 2890
f 2658 2659 2871
f 2871 2659 2891
f 2871 2891 2890
f 2890 2891 2879
f 2879 2880 2889
f 2889 2890 2879
f 2891 2659 2878
f 2878 2659 2660
f 2878 2660 2892
f 2892 2660 2661
f 2892 2661 2899
f 2899 2661 2662
f 2899 2662 2906
f 2906 2662 2663
f 2906 2663 2926
f 2926 2663 2664
f 2926 2664 2913
f 2913 2664 2665
f 2913 2665 2927
f 2927 2665 2666
f 2927 2666 2667
f 2927 2667 2934
f 2934 2667 2668
f 2934 2668 2669
f 2934 2669 2941
f 2941 2669 2670
f 2941 2670 2948
f 2948 2670 2671
f 2948 2671 2672
f 2948 2672 2955
f 2955 2672 2673
f 2955 2673 2962
f 2962 2673 2674
f 2962 2674 2675
f 2962 2675 2969
f 2969 2675 2676
f 2969 2676 2677
f 2969 2677 2976
f 2976 2677 2678
f 2976 2678 2983
f 2983 2678 2679
f 2983 2679 2990
f 2990 2679 2680
f 2990 2680 2997
f 2997 2680 2681
f 2997 2681 3004
f 3004 2681 2682
f 3004 2682 3011
f 3011 2682 2683
f 3011 2683 3029
f 3029 2683 2711
f 3029 2711 3028
f 3028 2711 3018
f 3018 3019 3027
f 3027 3028 3018
f 2683 2684 2711
f 2711 2684 3030
f 2711 3030 3031
f 3031 3030 3038
f 3038 3039 3032
f 3032 3031 3038
f 2684 2685 3030
f 3030 2685 3037
f 3030 3037 3038
f 3038 3037 3045
f 3045 3046 3039
f 3039 3038 3045
f 2685 2686 3037
f 3037 2686 3044
f 3037 3044 3045
f 3045 3044 3063
f 3063 3062 3046
f 3046 3045 3063
f 2686 2687 3044
f 3044 2687 3064
f 3044 3064 3063
f 3063 3064 3052
f 3052 3053 3062
f 3062 3063 3052
f 3064 2687 3051
f 3051 2687 2688
f 3051 2688 3065
f 3065 2688 2689
f 3065 2689 3072
f 3072 2689 2690
f 3072 2690 3079
f 3079 2690 2691
f 3079 2691 3099
f 3099 2691 3086
f 3099 3086 3087
f 3087 3086 3101
f 3101 3102 3088
f 3088 3087 3101
f 2691 2692 3086
f 3086 2692 3100
f 3086 3100 3101
f 3101 3100 3108
f 3108 3109 3102
f 3102 3101 3108
f 2692 2693 3100
f 3100 2693 3107
f 3100 3107 3108
f 3108 3107 3115
f 3115 3116 3109
f 3109 3108 3115
f 2693 2694 3107
f 3107 2694 3114
f 3107 3114 3115
f 3115 3114 3133
f 3133 3132 3116
f 3116 3115 3133
f 2694 2695 3114
f 3114 2695 3134
f 3114 3134 3133
f 3133 3134 3122
f 3122 3123 3132
f 3132 3133 3122
f 3134 2695 3121
f 3121 2695 2696
f 3121 2696 3135
f 3135 2696 2697
f 3135 2697 3142
f 3142 2697 2698
f 3142 2698 3149
f 3149 2698 2699
f 3149 2699 3169
f 3169 2699 3156
f 3169 3156 3157
f 3157 3156 3171
f 3171 3172 3158
f 3158 3157 3171
f 2699 2700 3156
f 3156 2700 3170
f 3156 3170 3171
f 3171 3170 3178
f 3178 3179 3172
f 3172 3171 3178
f 2700 2701 3170
f 3170 2701 3177
f 3170 3177 3178
f 3178 3177 3185
f 3185 3186 3179
f 3179 3178 3185
f 2701 2702 3177
f 3177 2702 3184
f 3177 3184 3185
f 3185 3184 3203
f 3203 3202 3186
f 3186 3185 3203
f 2702 2703 3184
f 3184 2703 3204
f 3184 3204 3203
f 3203 3204 3192
f 3192 3193 3202
f 3202 3203 3192
f 2703 2704 3204
f 3204 2704 3191
f 3204 3191 3192
f 3192 3191 3206
f 3206 3207 3193
f 3193 3192 3206
f 2704 2705 3191
f 3191 2705 3205
f 3191 3205 3206
f 3206 3205 3213
f 3213 3214 3207
f 3207 3206 3213
f 2705 2706 3205
f 3205 2706 2707
f 3205 2707 3212
f 3212 2707 2708
f 3212 2708 2709
f 3212 2709 3219
f 3219 2709 2710
f 3219 2710 2630
f 2630 2710 2631
f 2719 2724 2725
f 2725 2718 2719
f 2724 2733 2732
f 2732 2725 2724
f 2732 2733 2736
f 2720 2723 2724
f 2724 2719 2720
f 2724 2723 2733
f 2733 2723 2734
f 2718 2874 2875
f 2875 2719 2718
f 2874 2888 2887
f 2887 2875 2874
f 2888 2881 2882
f 2882 2887 2888
f 2881 2895 2896
f 2896 2882 2881
f 2895 2902 2903
f 2903 2896 2895
f 2902 2909 2910
f 2910 2903 2902
f 2909 2923 2922
f 2922 2910 2909
f 2923 2916 2917
f 2917 2922 2923
f 2916 2930 2931
f 2931 2917 2916
f 2930 2937 2938
f 2938 2931 2930
f 2937 2944 2945
f 2945 2938 2937
f 2944 2951 2952
f 2952 2945 2944
f 2951 2958 2959
f 2959 2952 2951
f 2958 2965 2966
f 2966 2959 2958
f 2965 2972 2973
f 2973 2966 2965
f 2972 2979 2980
f 2980 2973 2972
f 2979 2986 2987
f 2987 2980 2979
f 2986 2993 2994
f 2994 2987 2986
f 2993 3000 3001
f 3001 2994 2993
f 3000 3007 3008
f 3008 3001 3000
f 3007 3014 3015
f 3015 3008 3007
f 3014 3026 3025
f 3025 3015 3014
f 3026 3020 3021
f 3021 3025 3026
f 3020 3033 3034
f 3034 3021 3020
f 3033 3040 3041
f 3041 3034 3033
f 3040 3047 3048
f 3048 3041 3040
f 3047 3061 3060
f 3060 3048 3047
f 3061 3054 3055
f 3055 3060 3061
f 3054 3068 3069
f 3069 3055 3054
f 3068 3075 3076
f 3076 3069 3068
f 3075 3082 3083
f 3083 3076 3075
f 3082 3096 3095
f 3095 3083 3082
f 3096 3089 3090
f 3090 3095 3096
f 3089 3103 3104
f 3104 3090 3089
f 3103 3110 3111
f 3111 3104 3103
f 3110 3117 3118
f 3118 3111 3110
f 3117 3131 3130
f 3130 3118 3117
f 3131 3124 3125
f 3125 3130 3131
f 3124 3138 3139
f 3139 3125 3124
f 3138 3145 3146
f 3146 3139 3138
f 3145 3152 3153
f 3153 3146 3145
f 3152 3166 3165
f 3165 3153 3152
f 3166 3159 3160
f 3160 3165 3166
f 3159 3173 3174
f 3174 3160 3159
f 3173 3180 3181
f 3181 3174 3173
f 3180 3187 3188
f 3188 3181 3180
f 3187 3201 3200
f 3200 3188 3187
f 3201 3194 3195
f 3195 3200 3201
f 3194 3208 3209
f 3209 3195 3194
f 3208 3215 3216
f 3216 3209 3208
f 3216 3215 3223
f 2720 2721 2723
f 2723 2721 2722
f 2723 2722 2734
f 2719 2875 2876
f 2876 2720 2719
f 2875 2887 2886
f 2886 2876 2875
f 2887 2882 2883
f 2883 2886 2887
f 2882 2896 2897
f 2897 2883 2882
f 2896 2903 2904
f 2904 2897 2896
f 2903 2910 2911
f 2911 2904 2903
f 2910 2922 2921
f 2921 2911 2910
f 2922 2917 2918
f 2918 2921 2922
f 2917 2931 2932
f 2932 2918 2917
f 2931 2938 2939
f 2939 2932 2931
f 2938 2945 2946
f 2946 2939 2938
f 2945 2952 2953
f 2953 2946 2945
f 2952 2959 2960
f 2960 2953 2952
f 2959 2966 2967
f 2967 2960 2959
f 2966 2973 2974
f 2974 2967 2966
f 2973 2980 2981
f 2981 2974 2973
f 2980 2987 2988
f 2988 2981 2980
f 2987 2994 2995
f 2995 2988 2987
f 2994 3001 3002
f 3002 2995 2994
f 3001 3008 3009
f 3009 3002 3001
f 3008 3015 3016
f 3016 3009 3008
f 3015 3025 3024
f 3024 3016 3015
f 3025 3021 3022
f 3022 3024 3025
f 3021 3034 3035
f 3035 3022 3021
f 3034 3041 3042
f 3042 3035 3034
f 3041 3048 3049
f 3049 3042 3041
f 3048 3060 3059
f 3059 3049 3048
f 3060 3055 3056
f 3056 3059 3060
f 3055 3069 3070
f 3070 3056 3055
f 3069 3076 3077
f 3077 3070 3069
f 3076 3083 3084
f 3084 3077 3076
f 3083 3095 3094
f 3094 3084 3083
f 3095 3090 3091
f 3091 3094 3095
f 3090 3104 3105
f 3105 3091 3090
f 3104 3111 3112
f 3112 3105 3104
f 3111 3118 3119
f 3119 3112 3111
f 3118 3130 3129
f 3129 3119 3118
f 3130 3125 3126
f 3126 3129 3130
f 3125 3139 3140
f 3140 3126 3125
f 3139 3146 3147
f 3147 3140 3139
f 3146 3153 3154
f 3154 3147 3146
f 3153 3165 3164
f 3164 3154 3153
f 3165 3160 3161
f 3161 3164 3165
f 3160 3174 3175
f 3175 3161 3160
f 3174 3181 3182
f 3182 3175 3174
f 3181 3188 3189
f 3189 3182 3181
f 3188 3200 3199
f 3199 3189 3188
f 3200 3195 3196
f 3196 3199 3200
f 3195 3209 3210
f 3210 3196 3195
f 3209 3216 3217
f 3217 3210 3209
f 3217 3216 3224
f 3224 3216 3223
f 2721 2720 2877
f 2877 2720 2876
f 2877 2876 2885
f 2885 2876 2886
f 2885 2886 2884
f 2884 2886 2883
f 2884 2883 2898
f 2898 2883 2897
f 2898 2897 2905
f 2905 2897 2904
f 2905 2904 2912
f 2912 2904 2911
f 2912 2911 2920
f 2920 2911 2921
f 2920 2921 2919
f 2919 2921 2918
f 2919 2918 2933
f 2933 2918 2932
f 2933 2932 2940
f 2940 2932 2939
f 2940 2939 2947
f 2947 2939 2946
f 2947 2946 2954
f 2954 2946 2953
f 2954 2953 2961
f 2961 2953 2960
f 2961 2960 2968
f 2968 2960 2967
f 2968 2967 2975
f 2975 2967 2974
f 2975 2974 2982
f 2982 2974 2981
f 2982 2981 2989
f 2989 2981 2988
f 2989 2988 2996
f 2996 2988 2995
f 2996 2995 3003
f 3003 2995 3002
f 3003 3002 3010
f 3010 3002 3009
f 3010 3009 3017
f 3017 3009 3016
f 3017 3016 3024
f 2731 2737 2738
f 2738 2730 2731
f 2737 2741 2742
f 2742 2738 2737
f 2741 2745 2746
f 2746 2742 2741
f 2746 2745 2749
f 2749 2745 2748
f 2749 2748 2752
f 2743 2739 2738
f 2738 2739 2730
f 2747 2743 2742
f 2742 2743 2738
f 2750 2747 2746
f 2746 2747 2742
f 2750 2746 2749
f 2753 2750 2749
f 2753 2749 2752
f 2757 2753 2752
f 2768 2764 2763
f 2773 2768 2767
f 2767 2768 2763
f 2772 2773 2767
f 2775 2770 2769
f 2769 2770 2765
f 2774 2775 2769
f 2787 2790 2791
f 2791 2786 2787
f 2790 2797 2798
f 2798 2791 2790
f 2797 2802 2803
f 2803 2798 2797
f 2802 2809 2810
f 2810 2803 2802
f 2809 2816 2817
f 2817 2810 2809
f 2816 2823 2824
f 2824 2817 2816
f 2823 2830 2831
f 2831 2824 2823
f 2830 2837 2838
f 2838 2831 2830
f 2837 2844 2845
f 2845 2838 2837
f 2844 2851 2852
f 2852 2845 2844
f 2851 2858 2859
f 2859 2852 2851
f 2859 2858 2866
f 2866 2858 2865
f 2787 2788 2790
f 2790 2788 2789
f 2790 2789 2797
f 2797 2789 2796
f 2797 2796 2714
f 2788 2787 2776
f 2776 2787 2786
f 2792 2799 2800
f 2800 2793 2792
f 2793 2800 2801
f 2801 2794 2793
f 2801 2713 2794
f 2802 2797 2714
f 2809 2802 2808
f 2808 2802 2714
f 2804 2811 2812
f 2812 2805 2804
f 2811 2818 2819
f 2819 2812 2811
f 2818 2825 2826
f 2826 2819 2818
f 2825 2832 2833
f 2833 2826 2825
f 2832 2839 2840
f 2840 2833 2832
f 2839 2846 2847
f 2847 2840 2839
f 2846 2853 2854
f 2854 2847 2846
f 2853 2860 2861
f 2861 2854 2853
f 2861 2860 2868
f 2805 2812 2813
f 2813 2806 2805
f 2812 2819 2820
f 2820 2813 2812
f 2819 2826 2827
f 2827 2820 2819
f 2826 2833 2834
f 2834 2827 2826
f 2833 2840 2841
f 2841 2834 2833
f 2840 2847 2848
f 2848 2841 2840
f 2847 2854 2855
f 2855 2848 2847
f 2854 2861 2862
f 2862 2855 2854
f 2862 2861 2869
f 2869 2861 2868
f 2814 2807 2813
f 2813 2807 2806
f 2816 2809 2808
f 2821 2814 2813
f 2823 2816 2815
f 2815 2816 2808
f 2828 2821 2820
f 2820 2821 2813
f 2830 2823 2822
f 2822 2823 2815
f 2835 2828 2827
f 2827 2828 2820
f 2837 2830 2829
f 2829 2830 2822
f 2842 2835 2834
f 2834 2835 2827
f 2844 2837 2836
f 2836 2837 2829
f 2849 2842 2841
f 2841 2842 2834
f 2851 2844 2843
f 2843 2844 2836
f 2856 2849 2848
f 2848 2849 2841
f 2858 2851 2850
f 2850 2851 2843
f 2863 2856 2855
f 2855 2856 2848
f 2865 2858 2857
f 2857 2858 2850
f 2870 2863 2862
f 2862 2863 2855
f 2870 2862 2869
f 2891 2878 2879
f 2879 2878 2893
f 2893 2894 2880
f 2880 2879 2893
f 2878 2892 2893
f 2893 2892 2900
f 2900 2901 2894
f 2894 2893 2900
f 2892 2899 2900
f 2900 2899 2907
f 2907 2908 2901
f 2901 2900 2907
f 2899 2906 2907
f 2907 2906 2925
f 2925 2924 2908
f 2908 2907 2925
f 2913 2914 2926
f 2926 2914 2925
f 2926 2925 2906
f 2915 2924 2925
f 2925 2914 2915
f 2914 2913 2928
f 2928 2913 2927
f 2928 2927 2935
f 2935 2927 2934
f 2935 2934 2942
f 2942 2934 2941
f 2942 2941 2949
f 2949 2941 2948
f 2949 2948 2956
f 2956 2948 2955
f 2956 2955 2963
f 2963 2955 2962
f 2963 2962 2970
f 2970 2962 2969
f 2970 2969 2977
f 2977 2969 2976
f 2977 2976 2984
f 2984 2976 2983
f 2984 2983 2991
f 2991 2983 2990
f 2991 2990 2998
f 2998 2990 2997
f 2998 2997 3005
f 3005 2997 3004
f 3005 3004 3012
f 3012 3004 3011
f 3012 3011 3029
f 2914 2928 2929
f 2929 2915 2914
f 2928 2935 2936
f 2936 2929 2928
f 2935 2942 2943
f 2943 2936 2935
f 2942 2949 2950
f 2950 2943 2942
f 2949 2956 2957
f 2957 2950 2949
f 2956 2963 2964
f 2964 2957 2956
f 2963 2970 2971
f 2971 2964 2963
f 2970 2977 2978
f 2978 2971 2970
f 2977 2984 2985
f 2985 2978 2977
f 2984 2991 2992
f 2992 2985 2984
f 2991 2998 2999
f 2999 2992 2991
f 2998 3005 3006
f 3006 2999 2998
f 3005 3012 3013
f 3013 3006 3005
f 3012 3028 3027
f 3027 3013 3012
f 3028 3012 3029
f 2712 3017 3024
f 3018 3031 3032
f 3032 3019 3018
f 3024 3022 2712
f 2712 3022 3023
f 3023 3022 3036
f 3036 3022 3035
f 3036 3035 3043
f 3043 3035 3042
f 3043 3042 3050
f 3050 3042 3049
f 3050 3049 3058
f 3058 3049 3059
f 3058 3059 3057
f 3057 3059 3056
f 3057 3056 3071
f 3071 3056 3070
f 3071 3070 3078
f 3078 3070 3077
f 3078 3077 3085
f 3085 3077 3084
f 3085 3084 3093
f 3093 3084 3094
f 3093 3094 3092
f 3092 3094 3091
f 3092 3091 3106
f 3106 3091 3105
f 3106 3105 3113
f 3113 3105 3112
f 3113 3112 3120
f 3120 3112 3119
f 3120 3119 3128
f 3128 3119 3129
f 3128 3129 3127
f 3127 3129 3126
f 3127 3126 3141
f 3141 3126 3140
f 3141 3140 3148
f 3148 3140 3147
f 3148 3147 3155
f 3155 3147 3154
f 3155 3154 3163
f 3163 3154 3164
f 3163 3164 3162
f 3162 3164 3161
f 3162 3161 3176
f 3176 3161 3175
f 3176 3175 3183
f 3183 3175 3182
f 3183 3182 3190
f 3190 3182 3189
f 3190 3189 3198
f 3198 3189 3199
f 3198 3199 3197
f 3197 3199 3196
f 3197 3196 3211
f 3211 3196 3210
f 3211 3210 3218
f 3218 3210 3217
f 3218 3217 3225
f 3225 3217 3224
f 3031 3018 2711
f 3064 3051 3052
f 3052 3051 3066
f 3066 3067 3053
f 3053 3052 3066
f 3051 3065 3066
f 3066 3065 3073
f 3073 3074 3067
f 3067 3066 3073
f 3065 3072 3073
f 3073 3072 3080
f 3080 3081 3074
f 3074 3073 3080
f 3072 3079 3080
f 3080 3079 3098
f 3098 3097 3081
f 3081 3080 3098
f 3088 3097 3098
f 3098 3087 3088
f 3079 3099 3098
f 3098 3099 3087
f 3134 3121 3122
f 3122 3121 3136
f 3136 3137 3123
f 3123 3122 3136
f 3121 3135 3136
f 3136 3135 3143
f 3143 3144 3137
f 3137 3136 3143
f 3135 3142 3143
f 3143 3142 3150
f 3150 3151 3144
f 3144 3143 3150
f 3142 3149 3150
f 3150 3149 3168
f 3168 3167 3151
f 3151 3150 3168
f 3158 3167 3168
f 3168 3157 3158
f 3149 3169 3168
f 3168 3169 3157
f 3205 3212 3213
f 3213 3212 3220
f 3213 3220 3221
f 3221 3220 2630
f 3221 2630 3222
f 3222 3214 3221
f 3221 3214 3213
f 2630 3220 3219
f 3219 3220 3212
f 1720 1719 3227
f 3227 1719 1798
f 3227 1798 3228
f 3228 1798 1797
f 3228 1797 1796
f 3228 1796 3229
f 3229 1796 1795
f 3229 1795 1794
f 3229 1794 3230
f 3230 1794 1793
f 3230 1793 1792
f 3230 1792 3231
f 3231 1792 1791
f 3231 1791 3232
f 3232 1791 1790
f 3232 1790 3233
f 3233 1790 1789
f 3233 1789 1788
f 3233 1788 3234
f 3234 1788 1787
f 3234 1787 3235
f 3235 1787 1786
f 3235 1786 3236
f 3236 1786 1785
f 3236 1785 3237
f 3237 1785 1784
f 3237 1784 1783
f 3237 1783 3238
f 3238 1783 1782
f 3238 1782 3239
f 3239 1782 1781
f 3239 1781 3240
f 3240 1781 1780
f 3240 1780 1779
f 3240 1779 3241
f 3241 1779 1778
f 3241 1778 1777
f 3241 1777 3242
f 3242 1777 1776
f 3242 1776 3243
f 3243 1776 1775
f 3243 1775 3244
f 3244 1775 1774
f 3244 1774 1773
f 3244 1773 3245
f 3245 1773 1772
f 3245 1772 3246
f 3246 1772 1771
f 3246 1771 3247
f 3247 1771 1770
f 3247 1770 3248
f 3248 1770 1769
f 3248 1769 1768
f 3248 1768 3249
f 3249 1768 1767
f 3249 1767 3250
f 3250 1767 1766
f 3250 1766 3251
f 3251 1766 1765
f 3251 1765 1764
f 3251 1764 3252
f 3252 1764 1763
f 3252 1763 1762
f 3252 1762 3253
f 3253 1762 1761
f 3253 1761 1760
f 3253 1760 3226
f 3226 1760 1759
f 3226 1759 1758
f 3226 1758 3254
f 3254 1758 1757
f 3254 1757 1756
f 3254 1756 3255
f 3255 1756 1755
f 3255 1755 1754
f 3255 1754 3256
f 3256 1754 1753
f 3256 1753 1752
f 3256 1752 3257
f 3257 1752 1751
f 3257 1751 3258
f 3258 1751 1750
f 3258 1750 3259
f 3259 1750 1749
f 3259 1749 1748
f 3259 1748 3260
f 3260 1748 1747
f 3260 1747 3261
f 3261 1747 1746
f 3261 1746 3262
f 3262 1746 1745
f 3262 1745 3263
f 3263 1745 1744
f 3263 1744 1743
f 3263 1743 3264
f 3264 1743 1742
f 3264 1742 3265
f 3265 1742 1741
f 3265 1741 3266
f 3266 1741 1740
f 3266 1740 1739
f 3266 1739 3267
f 3267 1739 1738
f 3267 1738 1737
f 3267 1737 3268
f 3268 1737 1736
f 3268 1736 3269
f 3269 1736 1735
f 3269 1735 3270
f 3270 1735 1734
f 3270 1734 1733
f 3270 1733 3271
f 3271 1733 1732
f 3271 1732 3272
f 3272 1732 1731
f 3272 1731 3273
f 3273 1731 1730
f 3273 1730 3274
f 3274 1730 1729
f 3274 1729 1728
f 3274 1728 3275
f 3275 1728 1727
f 3275 1727 3276
f 3276 1727 1726
f 3276 1726 3277
f 3277 1726 1725
f 3277 1725 1724
f 3277 1724 3278
f 3278 1724 1723
f 3278 1723 1722
f 3278 1722 3279
f 3279 1722 1721
f 3279 1721 1720
f 3279 1720 3227
f 2632 2631 3227
f 3227 2631 2710
f 3227 2710 3279
f 3279 2710 2709
f 3279 2709 2708
f 3279 2708 3278
f 3278 2708 2707
f 3278 2707 2706
f 3278 2706 3277
f 3277 2706 2705
f 3277 2705 2704
f 3277 2704 3276
f 3276 2704 2703
f 3276 2703 3275
f 3275 2703 2702
f 3275 2702 3274
f 3274 2702 2701
f 3274 2701 2700
f 3274 2700 3273
f 3273 2700 2699
f 3273 2699 3272
f 3272 2699 2698
f 3272 2698 3271
f 3271 2698 2697
f 3271 2697 3270
f 3270 2697 2696
f 3270 2696 2695
f 3270 2695 3269
f 3269 2695 2694
f 3269 2694 3268
f 3268 2694 2693
f 3268 2693 3267
f 3267 2693 2692
f 3267 2692 2691
f 3267 2691 3266
f 3266 2691 2690
f 3266 2690 2689
f 3266 2689 3265
f 3265 2689 2688
f 3265 2688 3264
f 3264 2688 2687
f 3264 2687 3263
f 3263 2687 2686
f 3263 2686 2685
f 3263 2685 3262
f 3262 2685 2684
f 3262 2684 3261
f 3261 2684 2683
f 3261 2683 3260
f 3260 2683 2682
f 3260 2682 3259
f 3259 2682 2681
f 3259 2681 2680
f 3259 2680 3258
f 3258 2680 2679
f 3258 2679 3257
f 3257 2679 2678
f 3257 2678 3256
f 3256 2678 2677
f 3256 2677 2676
f 3256 2676 3255
f 3255 2676 2675
f 3255 2675 2674
f 3255 2674 3254
f 3254 2674 2673
f 3254 2673 2672
f 3254 2672 3226
f 3226 2672 2671
f 3226 2671 2670
f 3226 2670 3253
f 3253 2670 2669
f 3253 2669 2668
f 3253 2668 3252
f 3252 2668 2667
f 3252 2667 2666
f 3252 2666 3251
f 3251 2666 2665
f 3251 2665 2664
f 3251 2664 3250
f 3250 2664 2663
f 3250 2663 3249
f 3249 2663 2662
f 3249 2662 3248
f 3248 2662 2661
f 3248 2661 2660
f 3248 2660 3247
f 3247 2660 2659
f 3247 2659 3246
f 3246 2659 2658
f 3246 2658 3245
f 3245 2658 2657
f 3245 2657 3244
f 3244 2657 2656
f 3244 2656 2655
f 3244 2655 3243
f 3243 2655 2654
f 3243 2654 3242
f 3242 2654 2653
f 3242 2653 3241
f 3241 2653 2652
f 3241 2652 2651
f 3241 2651 3240
f 3240 2651 2650
f 3240 2650 2649
f 3240 2649 3239
f 3239 2649 2648
f 3239 2648 3238
f 3238 2648 2647
f 3238 2647 3237
f 3237 2647 2646
f 3237 2646 2645
f 3237 2645 3236
f 3236 2645 2644
f 3236 2644 3235
f 3235 2644 2643
f 3235 2643 3234
f 3234 2643 2642
f 3234 2642 3233
f 3233 2642 2641
f 3233 2641 2640
f 3233 2640 3232
f 3232 2640 2639
f 3232 2639 3231
f 3231 2639 2638
f 3231 2638 3230
f 3230 2638 2637
f 3230 2637 2636
f 3230 2636 3229
f 3229 2636 2635
f 3229 2635 2634
f 3229 2634 3228
f 3228 2634 2633
f 3228 2633 2632
f 3228 2632 3227
f 3343 3280 3345
f 3345 3280 3281
f 3345 3281 3346
f 3346 3281 3282
f 3346 3282 3347
f 3347 3282 3283
f 3347 3283 3348
f 3348 3283 3284
f 3348 3284 3349
f 3349 3284 3285
f 3349 3285 3350
f 3350 3285 3286
f 3350 3286 3287
f 3350 3287 3351
f 3351 3287 3288
f 3351 3288 3352
f 3352 3288 3289
f 3352 3289 3353
f 3353 3289 3290
f 3353 3290 3291
f 3353 3291 3354
f 3354 3291 3292
f 3354 3292 3293
f 3354 3293 3355
f 3355 3293 3294
f 3355 3294 3356
f 3356 3294 3295
f 3356 3295 3296
f 3356 3296 3357
f 3357 3296 3297
f 3357 3297 3298
f 3357 3298 3358
f 3358 3298 3299
f 3358 3299 3359
f 3359 3299 3300
f 3359 3300 3301
f 3359 3301 3360
f 3360 3301 3302
f 3360 3302 3303
f 3360 3303 3361
f 3361 3303 3304
f 3361 3304 3362
f 3362 3304 3305
f 3362 3305 3363
f 3363 3305 3306
f 3363 3306 3307
f 3363 3307 3364
f 3364 3307 3308
f 3364 3308 3365
f 3365 3308 3309
f 3365 3309 3366
f 3366 3309 3310
f 3366 3310 3367
f 3367 3310 3311
f 3367 3311 3344
f 3344 3311 3312
f 3344 3312 3313
f 3344 3313 3368
f 3368 3313 3314
f 3368 3314 3369
f 3369 3314 3315
f 3369 3315 3370
f 3370 3315 3316
f 3370 3316 3371
f 3371 3316 3317
f 3371 3317 3372
f 3372 3317 3318
f 3372 3318 3319
f 3372 3319 3373
f 3373 3319 3320
f 3373 3320 3374
f 3374 3320 3321
f 3374 3321 3375
f 3375 3321 3322
f 3375 3322 3323
f 3375 3323 3376
f 3376 3323 3324
f 3376 3324 3325
f 3376 3325 3377
f 3377 3325 3326
f 3377 3326 3378
f 3378 3326 3327
f 3378 3327 3328
f 3378 3328 3379
f 3379 3328 3329
f 3379 3329 3330
f 3379 3330 3380
f 3380 3330 3331
f 3380 3331 3381
f 3381 3331 3332
f 3381 3332 3333
f 3381 3333 3382
f 3382 3333 3334
f 3382 3334 3335
f 3382 3335 3383
f 3383 3335 3336
f 3383 3336 3384
f 3384 3336 3337
f 3384 3337 3385
f 3385 3337 3338
f 3385 3338 3339
f 3385 3339 3386
f 3386 3339 3340
f 3386 3340 3387
f 3387 3340 3341
f 3387 3341 3388
f 3388 3341 3342
f 3388 3342 3389
f 3389 3342 3343
f 3389 3343 3345
f 1026 1025 3345
f 3345 1025 1088
f 3345 1088 3389
f 3389 1088 1087
f 3389 1087 3388
f 3388 1087 1086
f 3388 1086 3387
f 3387 1086 1085
f 3387 1085 3386
f 3386 1085 1084
f 3386 1084 3385
f 3385 1084 1083
f 3385 1083 1082
f 3385 1082 3384
f 3384 1082 1081
f 3384 1081 3383
f 3383 1081 1080
f 3383 1080 3382
f 3382 1080 1079
f 3382 1079 1078
f 3382 1078 3381
f 3381 1078 1077
f 3381 1077 1076
f 3381 1076 3380
f 3380 1076 1075
f 3380 1075 3379
f 3379 1075 1074
f 3379 1074 1073
f 3379 1073 3378
f 3378 1073 1072
f 3378 1072 1071
f 3378 1071 3377
f 3377 1071 1070
f 3377 1070 3376
f 3376 1070 1069
f 3376 1069 1068
f 3376 1068 3375
f 3375 1068 1067
f 3375 1067 1066
f 3375 1066 3374
f 3374 1066 1065
f 3374 1065 3373
f 3373 1065 1064
f 3373 1064 3372
f 3372 1064 1063
f 3372 1063 1062
f 3372 1062 3371
f 3371 1062 1061
f 3371 1061 3370
f 3370 1061 1060
f 3370 1060 3369
f 3369 1060 1059
f 3369 1059 3368
f 3368 1059 1058
f 3368 1058 3344
f 3344 1058 1057
f 3344 1057 1056
f 3344 1056 3367
f 3367 1056 1055
f 3367 1055 3366
f 3366 1055 1054
f 3366 1054 3365
f 3365 1054 1053
f 3365 1053 3364
f 3364 1053 1052
f 3364 1052 3363
f 3363 1052 1051
f 3363 1051 1050
f 3363 1050 3362
f 3362 1050 1049
f 3362 1049 3361
f 3361 1049 1048
f 3361 1048 3360
f 3360 1048 1047
f 3360 1047 1046
f 3360 1046 3359
f 3359 1046 1045
f 3359 1045 1044
f 3359 1044 3358
f 3358 1044 1043
f 3358 1043 3357
f 3357 1043 1042
f 3357 1042 1041
f 3357 1041 3356
f 3356 1041 1040
f 3356 1040 1039
f 3356 1039 3355
f 3355 1039 1038
f 3355 1038 3354
f 3354 1038 1037
f 3354 1037 1036
f 3354 1036 3353
f 3353 1036 1035
f 3353 1035 1034
f 3353 1034 3352
f 3352 1034 1033
f 3352 1033 3351
f 3351 1033 1032
f 3351 1032 3350
f 3350 1032 1031
f 3350 1031 1030
f 3350 1030 3349
f 3349 1030 1029
f 3349 1029 3348
f 3348 1029 1028
f 3348 1028 3347
f 3347 1028 1027
f 3347 1027 3346
f 3346 1027 1026
f 3346 1026 3345
f 1608 3403 560
f 560 3403 3402
f 560 3402 561
f 561 3402 3555
f 561 3555 562
f 562 3555 3554
f 562 3554 563
f 563 3554 564
f 564 3554 3568
f 564 3568 565
f 565 3568 3575
f 565 3575 566
f 566 3575 3582
f 566 3582 567
f 567 3582 3590
f 567 3590 568
f 568 3590 569
f 569 3590 3589
f 569 3589 570
f 570 3589 3603
f 570 3603 571
f 571 3603 3610
f 571 3610 572
f 572 3610 3617
f 572 3617 573
f 573 3617 574
f 574 3617 3625
f 574 3625 575
f 575 3625 3624
f 575 3624 576
f 576 3624 3638
f 576 3638 577
f 577 3638 3645
f 577 3645 578
f 578 3645 579
f 579 3645 3652
f 579 3652 580
f 580 3652 3660
f 580 3660 581
f 581 3660 3659
f 581 3659 582
f 582 3659 3673
f 582 3673 583
f 583 3673 584
f 584 3673 3680
f 584 3680 585
f 585 3680 3687
f 585 3687 586
f 586 3687 3695
f 586 3695 587
f 587 3695 3694
f 587 3694 588
f 588 3694 589
f 589 3694 3708
f 589 3708 590
f 590 3708 3715
f 590 3715 591
f 591 3715 3722
f 591 3722 592
f 592 3722 3730
f 592 3730 593
f 593 3730 3729
f 593 3729 594
f 594 3729 595
f 595 3729 3743
f 595 3743 596
f 596 3743 3750
f 596 3750 597
f 597 3750 3757
f 597 3757 598
f 598 3757 3765
f 598 3765 599
f 599 3765 600
f 600 3765 3764
f 600 3764 601
f 601 3764 3778
f 601 3778 602
f 602 3778 3785
f 602 3785 603
f 603 3785 3792
f 603 3792 604
f 604 3792 605
f 605 3792 3800
f 605 3800 606
f 606 3800 3799
f 606 3799 607
f 607 3799 3813
f 607 3813 608
f 608 3813 3820
f 608 3820 609
f 609 3820 610
f 610 3820 3827
f 610 3827 611
f 611 3827 3835
f 611 3835 612
f 612 3835 3834
f 612 3834 613
f 613 3834 3848
f 613 3848 614
f 614 3848 615
f 615 3848 3855
f 615 3855 616
f 616 3855 3862
f 616 3862 617
f 617 3862 3870
f 617 3870 618
f 618 3870 3869
f 618 3869 619
f 619 3869 620
f 620 3869 3883
f 620 3883 621
f 621 3883 3890
f 621 3890 622
f 622 3890 3897
f 622 3897 623
f 623 3897 624
f 624 3897 3896
f 624 3896 3390
f 3390 3896 3895
f 3390 3895 3894
f 3894 3895 3887
f 3894 3887 3886
f 3887 3880 3879
f 3879 3886 3887
f 3880 3866 3865
f 3865 3879 3880
f 3866 3873 3874
f 3874 3865 3866
f 3873 3859 3858
f 3858 3874 3873
f 3859 3852 3851
f 3851 3858 3859
f 3852 3845 3844
f 3844 3851 3852
f 3845 3831 3830
f 3830 3844 3845
f 3831 3838 3839
f 3839 3830 3831
f 3838 3824 3823
f 3823 3839 3838
f 3824 3817 3816
f 3816 3823 3824
f 3817 3810 3809
f 3809 3816 3817
f 3810 3796 3795
f 3795 3809 3810
f 3796 3803 3804
f 3804 3795 3796
f 3803 3789 3788
f 3788 3804 3803
f 3789 3782 3781
f 3781 3788 3789
f 3782 3775 3774
f 3774 3781 3782
f 3775 3761 3760
f 3760 3774 3775
f 3761 3768 3769
f 3769 3760 3761
f 3768 3754 3753
f 3753 3769 3768
f 3754 3747 3746
f 3746 3753 3754
f 3747 3740 3739
f 3739 3746 3747
f 3740 3726 3725
f 3725 3739 3740
f 3726 3733 3734
f 3734 3725 3726
f 3733 3719 3718
f 3718 3734 3733
f 3719 3712 3711
f 3711 3718 3719
f 3712 3705 3704
f 3704 3711 3712
f 3705 3691 3690
f 3690 3704 3705
f 3691 3698 3699
f 3699 3690 3691
f 3698 3684 3683
f 3683 3699 3698
f 3684 3677 3676
f 3676 3683 3684
f 3677 3670 3669
f 3669 3676 3677
f 3670 3656 3655
f 3655 3669 3670
f 3656 3663 3664
f 3664 3655 3656
f 3663 3649 3648
f 3648 3664 3663
f 3649 3642 3641
f 3641 3648 3649
f 3642 3635 3634
f 3634 3641 3642
f 3635 3621 3620
f 3620 3634 3635
f 3621 3628 3629
f 3629 3620 3621
f 3628 3614 3613
f 3613 3629 3628
f 3614 3607 3606
f 3606 3613 3614
f 3607 3600 3599
f 3599 3606 3607
f 3600 3586 3585
f 3585 3599 3600
f 3586 3593 3594
f 3594 3585 3586
f 3593 3579 3578
f 3578 3594 3593
f 3579 3572 3571
f 3571 3578 3579
f 3572 3565 3564
f 3564 3571 3572
f 3565 3551 3550
f 3550 3564 3565
f 3551 3558 3559
f 3559 3550 3551
f 3558 3399 3398
f 3398 3559 3558
f 3399 3406 3407
f 3407 3398 3399
f 3406 3412 3413
f 3413 3407 3406
f 3412 3417 3418
f 3418 3413 3412
f 3418 3417 3421
f 3421 3417 3395
f 3421 3395 3426
f 3426 3395 3394
f 3426 3394 3427
f 3427 3394 1604
f 3427 1604 3430
f 3430 1604 1603
f 3430 1603 3433
f 3433 1603 1602
f 3433 1602 3440
f 3440 1602 3393
f 3440 3393 3439
f 3439 3393 3436
f 3439 3436 3438
f 3438 3436 3437
f 3438 3437 3328
f 3328 3437 3329
f 3329 3437 3443
f 3329 3443 3330
f 3330 3443 3446
f 3330 3446 3331
f 3331 3446 3450
f 3331 3450 3332
f 3332 3450 3456
f 3332 3456 3455
f 3455 3456 3457
f 3455 3457 3454
f 3457 3458 3453
f 3453 3454 3457
f 3453 3458 3392
f 3392 3458 3447
f 3392 3447 1599
f 1599 3447 3448
f 1599 3448 3444
f 3444 3448 3449
f 3444 3449 3445
f 3445 3449 3450
f 3445 3450 3446
f 1607 3410 1608
f 1608 3410 3404
f 1608 3404 3403
f 3403 3404 3402
f 1606 3416 1607
f 1607 3416 3411
f 1607 3411 3410
f 3410 3411 3404
f 1605 3395 1606
f 1606 3395 3417
f 1606 3417 3416
f 3416 3417 3411
f 3395 1605 3394
f 3394 1605 1604
f 1602 1601 3393
f 3393 1601 3441
f 3393 3441 3442
f 3442 3441 3445
f 3442 3445 3446
f 1601 1600 3441
f 3441 1600 3444
f 3441 3444 3445
f 1600 1599 3444
f 1599 1598 3392
f 3392 1598 3452
f 3392 3452 3453
f 3452 3461 3462
f 3462 3453 3452
f 3461 3468 3469
f 3469 3462 3461
f 3468 3475 3476
f 3476 3469 3468
f 3475 3481 3482
f 3482 3476 3475
f 3481 3488 3489
f 3489 3482 3481
f 3488 3495 3496
f 3496 3489 3488
f 3495 3502 3503
f 3503 3496 3495
f 3502 3509 3510
f 3510 3503 3502
f 3509 3516 3517
f 3517 3510 3509
f 3516 3523 3524
f 3524 3517 3516
f 3523 3530 3531
f 3531 3524 3523
f 3530 3537 3538
f 3538 3531 3530
f 3538 3537 3545
f 3545 3537 3544
f 3545 3544 3390
f 3390 3544 3543
f 3390 3543 3542
f 3542 3543 3535
f 3542 3535 3534
f 3534 3535 3527
f 3534 3527 628
f 628 3527 629
f 629 3527 3520
f 629 3520 630
f 630 3520 3513
f 630 3513 631
f 631 3513 632
f 632 3513 3506
f 632 3506 633
f 633 3506 3499
f 633 3499 634
f 634 3499 635
f 635 3499 3492
f 635 3492 636
f 636 3492 3485
f 636 3485 637
f 637 3485 3478
f 637 3478 638
f 638 3478 639
f 639 3478 3472
f 639 3472 454
f 454 3472 3465
f 454 3465 1596
f 1596 3465 3466
f 1596 3466 3459
f 3459 3466 3467
f 3459 3467 3460
f 3467 3468 3461
f 3461 3460 3467
f 3452 1598 3451
f 3451 1598 1597
f 3451 1597 3460
f 3460 1597 3459
f 1597 1596 3459
f 628 627 3534
f 3534 627 626
f 3534 626 3541
f 3541 626 625
f 3541 625 3390
f 3390 625 624
f 3390 3280 3545
f 3545 3280 3546
f 3545 3546 3538
f 3538 3546 3539
f 3539 3532 3531
f 3531 3538 3539
f 3532 3525 3524
f 3524 3531 3532
f 3525 3518 3517
f 3517 3524 3525
f 3518 3511 3510
f 3510 3517 3518
f 3511 3504 3503
f 3503 3510 3511
f 3504 3497 3496
f 3496 3503 3504
f 3497 3490 3489
f 3489 3496 3497
f 3490 3483 3482
f 3482 3489 3490
f 3483 3477 3476
f 3476 3482 3483
f 3477 3470 3469
f 3469 3476 3477
f 3470 3463 3462
f 3462 3469 3470
f 3463 3454 3453
f 3453 3462 3463
f 3546 3280 3547
f 3547 3280 3343
f 3547 3343 3540
f 3540 3343 3342
f 3540 3342 3533
f 3533 3342 3341
f 3533 3341 3526
f 3526 3341 3340
f 3526 3340 3519
f 3519 3340 3512
f 3519 3512 3518
f 3518 3512 3511
f 3340 3339 3512
f 3512 3339 3505
f 3512 3505 3504
f 3504 3505 3497
f 3339 3338 3505
f 3505 3338 3498
f 3505 3498 3497
f 3497 3498 3490
f 3338 3337 3498
f 3498 3337 3491
f 3498 3491 3490
f 3490 3491 3483
f 3337 3336 3491
f 3491 3336 3484
f 3491 3484 3483
f 3483 3484 3477
f 3484 3336 3391
f 3391 3336 3335
f 3391 3335 3471
f 3471 3335 3334
f 3471 3334 3464
f 3464 3334 3333
f 3464 3333 3455
f 3455 3333 3332
f 3438 3328 3435
f 3435 3328 3327
f 3435 3327 3432
f 3432 3327 3326
f 3432 3326 3429
f 3429 3326 3325
f 3429 3325 3424
f 3424 3325 3324
f 3424 3324 3423
f 3423 3324 3420
f 3423 3420 3419
f 3419 3420 3414
f 3414 3413 3418
f 3418 3419 3414
f 3324 3323 3420
f 3420 3323 3415
f 3420 3415 3414
f 3414 3415 3408
f 3408 3407 3413
f 3413 3414 3408
f 3323 3322 3415
f 3415 3322 3409
f 3415 3409 3408
f 3408 3409 3397
f 3397 3398 3407
f 3407 3408 3397
f 3322 3321 3409
f 3409 3321 3396
f 3409 3396 3397
f 3397 3396 3560
f 3560 3559 3398
f 3398 3397 3560
f 3321 3320 3396
f 3396 3320 3561
f 3396 3561 3560
f 3560 3561 3549
f 3549 3550 3559
f 3559 3560 3549
f 3561 3320 3548
f 3548 3320 3319
f 3548 3319 3562
f 3562 3319 3318
f 3562 3318 3569
f 3569 3318 3317
f 3569 3317 3576
f 3576 3317 3316
f 3576 3316 3596
f 3596 3316 3583
f 3596 3583 3584
f 3584 3583 3598
f 3598 3599 3585
f 3585 3584 3598
f 3316 3315 3583
f 3583 3315 3597
f 3583 3597 3598
f 3598 3597 3605
f 3605 3606 3599
f 3599 3598 3605
f 3315 3314 3597
f 3597 3314 3604
f 3597 3604 3605
f 3605 3604 3612
f 3612 3613 3606
f 3606 3605 3612
f 3314 3313 3604
f 3604 3313 3611
f 3604 3611 3612
f 3612 3611 3630
f 3630 3629 3613
f 3613 3612 3630
f 3313 3312 3611
f 3611 3312 3631
f 3611 3631 3630
f 3630 3631 3619
f 3619 3620 3629
f 3629 3630 3619
f 3631 3312 3618
f 3618 3312 3311
f 3618 3311 3632
f 3632 3311 3310
f 3632 3310 3639
f 3639 3310 3309
f 3639 3309 3646
f 3646 3309 3308
f 3646 3308 3666
f 3666 3308 3653
f 3666 3653 3654
f 3654 3653 3668
f 3668 3669 3655
f 3655 3654 3668
f 3308 3307 3653
f 3653 3307 3667
f 3653 3667 3668
f 3668 3667 3675
f 3675 3676 3669
f 3669 3668 3675
f 3307 3306 3667
f 3667 3306 3674
f 3667 3674 3675
f 3675 3674 3682
f 3682 3683 3676
f 3676 3675 3682
f 3306 3305 3674
f 3674 3305 3681
f 3674 3681 3682
f 3682 3681 3700
f 3700 3699 3683
f 3683 3682 3700
f 3305 3304 3681
f 3681 3304 3701
f 3681 3701 3700
f 3700 3701 3689
f 3689 3690 3699
f 3699 3700 3689
f 3701 3304 3688
f 3688 3304 3303
f 3688 3303 3702
f 3702 3303 3302
f 3702 3302 3709
f 3709 3302 3301
f 3709 3301 3716
f 3716 3301 3300
f 3716 3300 3736
f 3736 3300 3723
f 3736 3723 3724
f 3724 3723 3738
f 3738 3739 3725
f 3725 3724 3738
f 3300 3299 3723
f 3723 3299 3737
f 3723 3737 3738
f 3738 3737 3745
f 3745 3746 3739
f 3739 3738 3745
f 3299 3298 3737
f 3737 3298 3744
f 3737 3744 3745
f 3745 3744 3752
f 3752 3753 3746
f 3746 3745 3752
f 3298 3297 3744
f 3744 3297 3751
f 3744 3751 3752
f 3752 3751 3771
f 3752 3771 3770
f 3770 3771 3758
f 3770 3758 3759
f 3759 3758 3773
f 3773 3774 3760
f 3760 3759 3773
f 3297 3296 3751
f 3751 3296 3771
f 3771 3296 3758
f 3758 3296 3295
f 3758 3295 3772
f 3772 3295 3294
f 3772 3294 3779
f 3779 3294 3293
f 3779 3293 3786
f 3786 3293 3292
f 3786 3292 3806
f 3806 3292 3793
f 3806 3793 3794
f 3794 3793 3808
f 3808 3809 3795
f 3795 3794 3808
f 3292 3291 3793
f 3793 3291 3807
f 3793 3807 3808
f 3808 3807 3815
f 3815 3816 3809
f 3809 3808 3815
f 3291 3290 3807
f 3807 3290 3814
f 3807 3814 3815
f 3815 3814 3822
f 3822 3823 3816
f 3816 3815 3822
f 3290 3289 3814
f 3814 3289 3821
f 3814 3821 3822
f 3822 3821 3840
f 3840 3839 3823
f 3823 3822 3840
f 3289 3288 3821
f 3821 3288 3841
f 3821 3841 3840
f 3840 3841 3829
f 3829 3830 3839
f 3839 3840 3829
f 3841 3288 3828
f 3828 3288 3287
f 3828 3287 3842
f 3842 3287 3286
f 3842 3286 3849
f 3849 3286 3285
f 3849 3285 3856
f 3856 3285 3284
f 3856 3284 3876
f 3876 3284 3863
f 3876 3863 3864
f 3864 3863 3878
f 3878 3879 3865
f 3865 3864 3878
f 3284 3283 3863
f 3863 3283 3877
f 3863 3877 3878
f 3878 3877 3885
f 3885 3886 3879
f 3879 3878 3885
f 3283 3282 3877
f 3877 3282 3884
f 3877 3884 3885
f 3885 3884 3892
f 3885 3892 3893
f 3893 3892 3390
f 3893 3390 3894
f 3282 3281 3884
f 3884 3281 3891
f 3884 3891 3892
f 3892 3891 3280
f 3892 3280 3390
f 3281 3280 3891
f 3400 3405 3406
f 3406 3399 3400
f 3405 3411 3412
f 3412 3406 3405
f 3412 3411 3417
f 3401 3404 3405
f 3405 3400 3401
f 3405 3404 3411
f 3399 3558 3557
f 3557 3400 3399
f 3558 3551 3552
f 3552 3557 3558
f 3551 3565 3566
f 3566 3552 3551
f 3565 3572 3573
f 3573 3566 3565
f 3572 3579 3580
f 3580 3573 3572
f 3579 3593 3592
f 3592 3580 3579
f 3593 3586 3587
f 3587 3592 3593
f 3586 3600 3601
f 3601 3587 3586
f 3600 3607 3608
f 3608 3601 3600
f 3607 3614 3615
f 3615 3608 3607
f 3614 3628 3627
f 3627 3615 3614
f 3628 3621 3622
f 3622 3627 3628
f 3621 3635 3636
f 3636 3622 3621
f 3635 3642 3643
f 3643 3636 3635
f 3642 3649 3650
f 3650 3643 3642
f 3649 3663 3662
f 3662 3650 3649
f 3663 3656 3657
f 3657 3662 3663
f 3656 3670 3671
f 3671 3657 3656
f 3670 3677 3678
f 3678 3671 3670
f 3677 3684 3685
f 3685 3678 3677
f 3684 3698 3697
f 3697 3685 3684
f 3698 3691 3692
f 3692 3697 3698
f 3691 3705 3706
f 3706 3692 3691
f 3705 3712 3713
f 3713 3706 3705
f 3712 3719 3720
f 3720 3713 3712
f 3719 3733 3732
f 3732 3720 3719
f 3733 3726 3727
f 3727 3732 3733
f 3726 3740 3741
f 3741 3727 3726
f 3740 3747 3748
f 3748 3741 3740
f 3747 3754 3755
f 3755 3748 3747
f 3754 3768 3767
f 3767 3755 3754
f 3768 3761 3762
f 3762 3767 3768
f 3761 3775 3776
f 3776 3762 3761
f 3775 3782 3783
f 3783 3776 3775
f 3782 3789 3790
f 3790 3783 3782
f 3789 3803 3802
f 3802 3790 3789
f 3803 3796 3797
f 3797 3802 3803
f 3796 3810 3811
f 3811 3797 3796
f 3810 3817 3818
f 3818 3811 3810
f 3817 3824 3825
f 3825 3818 3817
f 3824 3838 3837
f 3837 3825 3824
f 3838 3831 3832
f 3832 3837 3838
f 3831 3845 3846
f 3846 3832 3831
f 3845 3852 3853
f 3853 3846 3845
f 3852 3859 3860
f 3860 3853 3852
f 3859 3873 3872
f 3872 3860 3859
f 3873 3866 3867
f 3867 3872 3873
f 3866 3880 3881
f 3881 3867 3866
f 3880 3887 3888
f 3888 3881 3880
f 3888 3887 3895
f 3555 3402 3401
f 3401 3402 3404
f 3400 3557 3556
f 3556 3401 3400
f 3557 3552 3553
f 3553 3556 3557
f 3552 3566 3567
f 3567 3553 3552
f 3566 3573 3574
f 3574 3567 3566
f 3573 3580 3581
f 3581 3574 3573
f 3580 3592 3591
f 3591 3581 3580
f 3592 3587 3588
f 3588 3591 3592
f 3587 3601 3602
f 3602 3588 3587
f 3601 3608 3609
f 3609 3602 3601
f 3608 3615 3616
f 3616 3609 3608
f 3615 3627 3626
f 3626 3616 3615
f 3627 3622 3623
f 3623 3626 3627
f 3622 3636 3637
f 3637 3623 3622
f 3636 3643 3644
f 3644 3637 3636
f 3643 3650 3651
f 3651 3644 3643
f 3650 3662 3661
f 3661 3651 3650
f 3662 3657 3658
f 3658 3661 3662
f 3657 3671 3672
f 3672 3658 3657
f 3671 3678 3679
f 3679 3672 3671
f 3678 3685 3686
f 3686 3679 3678
f 3685 3697 3696
f 3696 3686 3685
f 3697 3692 3693
f 3693 3696 3697
f 3692 3706 3707
f 3707 3693 3692
f 3706 3713 3714
f 3714 3707 3706
f 3713 3720 3721
f 3721 3714 3713
f 3720 3732 3731
f 3731 3721 3720
f 3732 3727 3728
f 3728 3731 3732
f 3727 3741 3742
f 3742 3728 3727
f 3741 3748 3749
f 3749 3742 3741
f 3748 3755 3756
f 3756 3749 3748
f 3755 3767 3766
f 3766 3756 3755
f 3767 3762 3763
f 3763 3766 3767
f 3762 3776 3777
f 3777 3763 3762
f 3776 3783 3784
f 3784 3777 3776
f 3783 3790 3791
f 3791 3784 3783
f 3790 3802 3801
f 3801 3791 3790
f 3802 3797 3798
f 3798 3801 3802
f 3797 3811 3812
f 3812 3798 3797
f 3811 3818 3819
f 3819 3812 3811
f 3818 3825 3826
f 3826 3819 3818
f 3825 3837 3836
f 3836 3826 3825
f 3837 3832 3833
f 3833 3836 3837
f 3832 3846 3847
f 3847 3833 3832
f 3846 3853 3854
f 3854 3847 3846
f 3853 3860 3861
f 3861 3854 3853
f 3860 3872 3871
f 3871 3861 3860
f 3872 3867 3868
f 3868 3871 3872
f 3867 3881 3882
f 3882 3868 3867
f 3881 3888 3889
f 3889 3882 3881
f 3889 3888 3896
f 3896 3888 3895
f 3418 3421 3422
f 3422 3419 3418
f 3421 3426 3425
f 3425 3422 3421
f 3425 3426 3428
f 3428 3426 3427
f 3428 3427 3431
f 3431 3427 3430
f 3431 3430 3434
f 3434 3430 3433
f 3434 3433 3440
f 3424 3423 3422
f 3422 3423 3419
f 3424 3425 3429
f 3429 3425 3428
f 3429 3428 3432
f 3432 3428 3431
f 3432 3431 3435
f 3435 3431 3434
f 3435 3434 3439
f 3439 3434 3440
f 3425 3424 3422
f 3438 3435 3439
f 3443 3437 3436
f 3443 3436 3442
f 3442 3436 3393
f 3446 3443 3442
f 3448 3458 3457
f 3457 3449 3448
f 3456 3450 3449
f 3457 3456 3449
f 3458 3448 3447
f 3461 3452 3451
f 3460 3461 3451
f 3464 3455 3454
f 3471 3464 3463
f 3463 3464 3454
f 3466 3465 3473
f 3473 3465 3472
f 3473 3472 3479
f 3479 3472 3478
f 3479 3478 3486
f 3486 3478 3485
f 3486 3485 3493
f 3493 3485 3492
f 3493 3492 3500
f 3500 3492 3499
f 3500 3499 3507
f 3507 3499 3506
f 3507 3506 3513
f 3466 3473 3474
f 3474 3467 3466
f 3473 3479 3480
f 3480 3474 3473
f 3479 3486 3487
f 3487 3480 3479
f 3486 3493 3494
f 3494 3487 3486
f 3493 3500 3501
f 3501 3494 3493
f 3500 3507 3508
f 3508 3501 3500
f 3507 3514 3515
f 3515 3508 3507
f 3514 3521 3522
f 3522 3515 3514
f 3521 3528 3529
f 3529 3522 3521
f 3528 3535 3536
f 3536 3529 3528
f 3536 3535 3543
f 3467 3474 3475
f 3475 3468 3467
f 3474 3480 3481
f 3481 3475 3474
f 3480 3487 3488
f 3488 3481 3480
f 3487 3494 3495
f 3495 3488 3487
f 3494 3501 3502
f 3502 3495 3494
f 3501 3508 3509
f 3509 3502 3501
f 3508 3515 3516
f 3516 3509 3508
f 3515 3522 3523
f 3523 3516 3515
f 3522 3529 3530
f 3530 3523 3522
f 3529 3536 3537
f 3537 3530 3529
f 3537 3536 3544
f 3544 3536 3543
f 3391 3471 3470
f 3470 3471 3463
f 3484 3391 3477
f 3477 3391 3470
f 3511 3512 3504
f 3514 3507 3513
f 3521 3514 3520
f 3520 3514 3513
f 3526 3519 3525
f 3525 3519 3518
f 3528 3521 3520
f 3533 3526 3525
f 3535 3528 3527
f 3527 3528 3520
f 3540 3533 3532
f 3532 3533 3525
f 3547 3540 3539
f 3539 3540 3532
f 3547 3539 3546
f 3390 3542 3541
f 3541 3542 3534
f 3561 3548 3549
f 3549 3548 3563
f 3563 3564 3550
f 3550 3549 3563
f 3553 3554 3556
f 3556 3554 3555
f 3556 3555 3401
f 3554 3553 3568
f 3568 3553 3567
f 3568 3567 3575
f 3575 3567 3574
f 3575 3574 3582
f 3582 3574 3581
f 3582 3581 3590
f 3590 3581 3591
f 3590 3591 3589
f 3589 3591 3588
f 3589 3588 3603
f 3603 3588 3602
f 3603 3602 3610
f 3610 3602 3609
f 3610 3609 3617
f 3617 3609 3616
f 3617 3616 3625
f 3625 3616 3626
f 3625 3626 3624
f 3624 3626 3623
f 3624 3623 3638
f 3638 3623 3637
f 3638 3637 3645
f 3645 3637 3644
f 3645 3644 3652
f 3652 3644 3651
f 3652 3651 3660
f 3660 3651 3661
f 3660 3661 3659
f 3659 3661 3658
f 3659 3658 3673
f 3673 3658 3672
f 3673 3672 3680
f 3680 3672 3679
f 3680 3679 3687
f 3687 3679 3686
f 3687 3686 3695
f 3695 3686 3696
f 3695 3696 3694
f 3694 3696 3693
f 3694 3693 3708
f 3708 3693 3707
f 3708 3707 3715
f 3715 3707 3714
f 3715 3714 3722
f 3722 3714 3721
f 3722 3721 3730
f 3730 3721 3731
f 3730 3731 3729
f 3729 3731 3728
f 3729 3728 3743
f 3743 3728 3742
f 3743 3742 3750
f 3750 3742 3749
f 3750 3749 3757
f 3757 3749 3756
f 3757 3756 3766
f 3548 3562 3563
f 3563 3562 3570
f 3570 3571 3564
f 3564 3563 3570
f 3562 3569 3570
f 3570 3569 3577
f 3577 3578 3571
f 3571 3570 3577
f 3569 3576 3577
f 3577 3576 3595
f 3595 3594 3578
f 3578 3577 3595
f 3585 3594 3595
f 3595 3584 3585
f 3576 3596 3595
f 3595 3596 3584
f 3631 3618 3619
f 3619 3618 3633
f 3633 3634 3620
f 3620 3619 3633
f 3618 3632 3633
f 3633 3632 3640
f 3640 3641 3634
f 3634 3633 3640
f 3632 3639 3640
f 3640 3639 3647
f 3647 3648 3641
f 3641 3640 3647
f 3639 3646 3647
f 3647 3646 3665
f 3665 3664 3648
f 3648 3647 3665
f 3655 3664 3665
f 3665 3654 3655
f 3646 3666 3665
f 3665 3666 3654
f 3701 3688 3689
f 3689 3688 3703
f 3703 3704 3690
f 3690 3689 3703
f 3688 3702 3703
f 3703 3702 3710
f 3710 3711 3704
f 3704 3703 3710
f 3702 3709 3710
f 3710 3709 3717
f 3717 3718 3711
f 3711 3710 3717
f 3709 3716 3717
f 3717 3716 3735
f 3735 3734 3718
f 3718 3717 3735
f 3725 3734 3735
f 3735 3724 3725
f 3716 3736 3735
f 3735 3736 3724
f 3752 3770 3769
f 3769 3753 3752
f 3770 3759 3760
f 3760 3769 3770
f 3765 3757 3766
f 3766 3763 3765
f 3765 3763 3764
f 3764 3763 3778
f 3778 3763 3777
f 3778 3777 3785
f 3785 3777 3784
f 3785 3784 3792
f 3792 3784 3791
f 3792 3791 3800
f 3800 3791 3801
f 3800 3801 3799
f 3799 3801 3798
f 3799 3798 3813
f 3813 3798 3812
f 3813 3812 3820
f 3820 3812 3819
f 3820 3819 3827
f 3827 3819 3826
f 3827 3826 3835
f 3835 3826 3836
f 3835 3836 3834
f 3834 3836 3833
f 3834 3833 3848
f 3848 3833 3847
f 3848 3847 3855
f 3855 3847 3854
f 3855 3854 3862
f 3862 3854 3861
f 3862 3861 3870
f 3870 3861 3871
f 3870 3871 3869
f 3869 3871 3868
f 3869 3868 3883
f 3883 3868 3882
f 3883 3882 3890
f 3890 3882 3889
f 3890 3889 3897
f 3897 3889 3896
f 3758 3772 3773
f 3773 3772 3780
f 3780 3781 3774
f 3774 3773 3780
f 3772 3779 3780
f 3780 3779 3787
f 3787 3788 3781
f 3781 3780 3787
f 3779 3786 3787
f 3787 3786 3805
f 3805 3804 3788
f 3788 3787 3805
f 3795 3804 3805
f 3805 3794 3795
f 3786 3806 3805
f 3805 3806 3794
f 3841 3828 3829
f 3829 3828 3843
f 3843 3844 3830
f 3830 3829 3843
f 3828 3842 3843
f 3843 3842 3850
f 3850 3851 3844
f 3844 3843 3850
f 3842 3849 3850
f 3850 3849 3857
f 3857 3858 3851
f 3851 3850 3857
f 3849 3856 3857
f 3857 3856 3875
f 3875 3874 3858
f 3858 3857 3875
f 3865 3874 3875
f 3875 3864 3865
f 3856 3876 3875
f 3875 3876 3864
f 3894 3886 3893
f 3893 3886 3885
f 3899 3914 3898
f 3898 3914 3915
f 3898 3915 3916
f 3916 3915 3922
f 3916 3922 3923
f 3922 3928 3929
f 3929 3923 3922
f 3928 3934 3935
f 3935 3929 3928
f 3934 3940 3941
f 3941 3935 3934
f 3941 3940 3947
f 3947 3940 3946
f 3947 3946 453
f 453 3946 3945
f 453 3945 3905
f 3905 3945 3944
f 3905 3944 3904
f 3904 3944 3938
f 3904 3938 3903
f 3903 3938 3932
f 3903 3932 3902
f 3902 3932 3926
f 3902 3926 3901
f 3901 3926 3920
f 3901 3920 3900
f 3900 3920 3914
f 3900 3914 3899
f 3905 402 453
f 3906 3949 453
f 453 3949 3948
f 453 3948 3947
f 3947 3948 3941
f 3906 3907 3949
f 3949 3907 3943
f 3949 3943 3942
f 3942 3943 3936
f 3936 3935 3941
f 3941 3942 3936
f 3907 3908 3943
f 3943 3908 3937
f 3943 3937 3936
f 3936 3937 3930
f 3930 3929 3935
f 3935 3936 3930
f 3908 3909 3937
f 3937 3909 3931
f 3937 3931 3930
f 3930 3931 3924
f 3924 3923 3929
f 3929 3930 3924
f 3909 3910 3931
f 3931 3910 3925
f 3931 3925 3924
f 3924 3925 3918
f 3924 3918 3917
f 3917 3918 3898
f 3917 3898 3916
f 3910 3911 3925
f 3925 3911 3919
f 3925 3919 3918
f 3918 3919 3898
f 3911 3912 3919
f 3919 3912 3898
f 3912 3913 3898
f 3915 3914 3921
f 3921 3914 3920
f 3921 3920 3927
f 3927 3920 3926
f 3927 3926 3933
f 3933 3926 3932
f 3933 3932 3939
f 3939 3932 3938
f 3939 3938 3945
f 3945 3938 3944
f 3924 3917 3923
f 3923 3917 3916
f 3922 3921 3927
f 3927 3928 3922
f 3915 3921 3922
f 3927 3933 3934
f 3934 3928 3927
f 3933 3939 3940
f 3940 3934 3933
f 3940 3939 3946
f 3946 3939 3945
f 3949 3942 3948
f 3948 3942 3941
f 3951 3968 3950
f 3950 3968 3969
f 3950 3969 3970
f 3970 3969 3976
f 3970 3976 3977
f 3976 3982 3983
f 3983 3977 3976
f 3982 3988 3989
f 3989 3983 3982
f 3988 3994 3995
f 3995 3989 3988
f 3994 4000 4001
f 4001 3995 3994
f 4001 4000 4007
f 4007 4000 4006
f 4007 4006 427
f 427 4006 4005
f 427 4005 4004
f 4004 4005 3998
f 4004 3998 3957
f 3957 3998 3956
f 3956 3998 3992
f 3956 3992 3955
f 3955 3992 3986
f 3955 3986 3954
f 3954 3986 3980
f 3954 3980 3953
f 3953 3980 3974
f 3953 3974 3952
f 3952 3974 3968
f 3952 3968 3951
f 3957 3958 4004
f 4004 3958 427
f 3958 428 427
f 3959 4009 427
f 427 4009 4008
f 427 4008 4007
f 4007 4008 4001
f 3959 3960 4009
f 4009 3960 4003
f 4009 4003 4002
f 4002 4003 3996
f 3996 3995 4001
f 4001 4002 3996
f 3960 3961 4003
f 4003 3961 3997
f 4003 3997 3996
f 3996 3997 3990
f 3990 3989 3995
f 3995 3996 3990
f 3961 3962 3997
f 3997 3962 3991
f 3997 3991 3990
f 3990 3991 3984
f 3984 3983 3989
f 3989 3990 3984
f 3962 3963 3991
f 3991 3963 3985
f 3991 3985 3984
f 3984 3985 3978
f 3978 3977 3983
f 3983 3984 3978
f 3963 3964 3985
f 3985 3964 3979
f 3985 3979 3978
f 3978 3979 3972
f 3978 3972 3971
f 3971 3972 3966
f 3971 3966 3950
f 3950 3966 3967
f 3964 3965 3979
f 3979 3965 3973
f 3979 3973 3972
f 3972 3973 3966
f 3965 3966 3973
f 3971 3950 3970
f 3969 3968 3975
f 3975 3968 3974
f 3975 3974 3981
f 3981 3974 3980
f 3981 3980 3987
f 3987 3980 3986
f 3987 3986 3993
f 3993 3986 3992
f 3993 3992 3999
f 3999 3992 3998
f 3999 3998 4005
f 3978 3971 3977
f 3977 3971 3970
f 3976 3975 3981
f 3981 3982 3976
f 3969 3975 3976
f 3981 3987 3988
f 3988 3982 3981
f 3987 3993 3994
f 3994 3988 3987
f 3993 3999 4000
f 4000 3994 3993
f 4000 3999 4006
f 4006 3999 4005
f 4009 4002 4008
f 4008 4002 4001
f 427 426 3959
f 3959 426 4032
f 3959 4032 3960
f 3960 4032 4033
f 3960 4033 4034
f 4034 4033 4036
f 4034 4036 3962
f 3962 4036 4037
f 3962 4037 3963
f 3963 4037 4038
f 3963 4038 3964
f 3964 4038 4042
f 3964 4042 4043
f 4043 4042 4049
f 4043 4049 4050
f 4049 4056 4057
f 4057 4050 4049
f 4056 4064 4065
f 4065 4057 4056
f 4064 4073 4074
f 4074 4065 4064
f 4073 4083 4084
f 4084 4074 4073
f 4083 4093 4094
f 4094 4084 4083
f 4093 4103 4104
f 4104 4094 4093
f 4103 4113 4114
f 4114 4104 4103
f 4113 4123 4124
f 4124 4114 4113
f 4123 4133 4134
f 4134 4124 4123
f 4133 4143 4144
f 4144 4134 4133
f 4143 4153 4154
f 4154 4144 4143
f 4153 4163 4164
f 4164 4154 4153
f 4163 4173 4174
f 4174 4164 4163
f 4173 4182 4183
f 4183 4174 4173
f 4182 4190 4191
f 4191 4183 4182
f 4191 4190 4197
f 4197 4190 4196
f 4197 4196 3899
f 3899 4196 3900
f 3900 4196 4202
f 3900 4202 3901
f 3901 4202 4201
f 3901 4201 3902
f 3902 4201 4200
f 3902 4200 4204
f 4204 4200 4199
f 4204 4199 4203
f 4203 4199 404
f 4203 404 403
f 4032 426 4033
f 4033 426 425
f 4033 425 4035
f 4035 425 424
f 4035 424 4039
f 4039 424 423
f 4039 423 4045
f 4045 423 422
f 4045 422 4052
f 4052 422 421
f 4052 421 4060
f 4060 421 420
f 4060 420 4069
f 4069 420 419
f 4069 419 4079
f 4079 419 418
f 4079 418 4089
f 4089 418 417
f 4089 417 4099
f 4099 417 416
f 4099 416 4109
f 4109 416 415
f 4109 415 4119
f 4119 415 414
f 4119 414 413
f 4119 413 4129
f 4129 413 412
f 4129 412 4139
f 4139 412 411
f 4139 411 4149
f 4149 411 410
f 4149 410 4159
f 4159 410 409
f 4159 409 4169
f 4169 409 408
f 4169 408 4178
f 4178 408 407
f 4178 407 4186
f 4186 407 406
f 4186 406 4193
f 4193 406 405
f 4193 405 4199
f 4199 405 404
f 402 3905 403
f 403 3905 4205
f 403 4205 4203
f 4203 4205 3904
f 4203 3904 4204
f 4204 3904 3903
f 4204 3903 3902
f 3905 3904 4205
f 3899 3898 4197
f 4197 3898 4198
f 4197 4198 4191
f 4191 4198 4010
f 4191 4010 4011
f 3898 4010 4198
f 4191 4011 4192
f 4192 4011 4012
f 4192 4012 4013
f 4014 4185 4013
f 4013 4185 4184
f 4013 4184 4192
f 4192 4184 4183
f 4192 4183 4191
f 4014 4015 4185
f 4185 4015 4177
f 4185 4177 4176
f 4176 4177 4166
f 4166 4165 4175
f 4175 4176 4166
f 4165 4164 4174
f 4174 4175 4165
f 4015 4016 4177
f 4177 4016 4167
f 4177 4167 4166
f 4167 4157 4156
f 4156 4166 4167
f 4157 4147 4146
f 4146 4156 4157
f 4147 4137 4136
f 4136 4146 4147
f 4137 4127 4126
f 4126 4136 4137
f 4127 4117 4116
f 4116 4126 4127
f 4117 4107 4106
f 4106 4116 4117
f 4107 4097 4096
f 4096 4106 4107
f 4097 4087 4086
f 4086 4096 4097
f 4087 4077 4076
f 4076 4086 4087
f 4076 4077 4067
f 4067 4077 4068
f 4067 4068 4028
f 4028 4068 4027
f 4027 4068 4026
f 4026 4068 4077
f 4026 4077 4078
f 4078 4077 4088
f 4078 4088 4025
f 4025 4088 4024
f 4024 4088 4098
f 4024 4098 4023
f 4023 4098 4108
f 4023 4108 4022
f 4022 4108 4118
f 4022 4118 4021
f 4021 4118 4128
f 4021 4128 4020
f 4020 4128 4138
f 4020 4138 4019
f 4019 4138 4148
f 4019 4148 4018
f 4018 4148 4158
f 4018 4158 4017
f 4017 4158 4168
f 4017 4168 4016
f 4016 4168 4167
f 4025 4026 4078
f 4067 4028 4059
f 4059 4028 4029
f 4059 4029 4058
f 4058 4029 4051
f 4058 4051 4050
f 4050 4051 4031
f 4050 4031 4044
f 4044 4031 3967
f 4044 3967 3966
f 4029 4030 4051
f 4051 4030 4031
f 4044 3966 4043
f 4043 3966 3965
f 4043 3965 3964
f 3962 3961 4034
f 4034 3961 3960
f 4033 4035 4036
f 4036 4035 4040
f 4036 4040 4041
f 4040 4046 4047
f 4047 4041 4040
f 4046 4053 4054
f 4054 4047 4046
f 4053 4061 4062
f 4062 4054 4053
f 4061 4070 4071
f 4071 4062 4061
f 4070 4080 4081
f 4081 4071 4070
f 4080 4090 4091
f 4091 4081 4080
f 4090 4100 4101
f 4101 4091 4090
f 4100 4110 4111
f 4111 4101 4100
f 4110 4120 4121
f 4121 4111 4110
f 4120 4130 4131
f 4131 4121 4120
f 4130 4140 4141
f 4141 4131 4130
f 4140 4150 4151
f 4151 4141 4140
f 4150 4160 4161
f 4161 4151 4150
f 4160 4170 4171
f 4171 4161 4160
f 4170 4179 4180
f 4180 4171 4170
f 4179 4187 4188
f 4188 4180 4179
f 4187 4194 4195
f 4195 4188 4187
f 4195 4194 4200
f 4200 4194 4199
f 4042 4038 4037
f 4042 4037 4041
f 4041 4037 4036
f 4046 4040 4039
f 4039 4040 4035
f 4041 4047 4048
f 4048 4042 4041
f 4047 4054 4055
f 4055 4048 4047
f 4054 4062 4063
f 4063 4055 4054
f 4062 4071 4072
f 4072 4063 4062
f 4071 4081 4082
f 4082 4072 4071
f 4081 4091 4092
f 4092 4082 4081
f 4091 4101 4102
f 4102 4092 4091
f 4101 4111 4112
f 4112 4102 4101
f 4111 4121 4122
f 4122 4112 4111
f 4121 4131 4132
f 4132 4122 4121
f 4131 4141 4142
f 4142 4132 4131
f 4141 4151 4152
f 4152 4142 4141
f 4151 4161 4162
f 4162 4152 4151
f 4161 4171 4172
f 4172 4162 4161
f 4171 4180 4181
f 4181 4172 4171
f 4180 4188 4189
f 4189 4181 4180
f 4188 4195 4196
f 4196 4189 4188
f 4196 4195 4201
f 4201 4195 4200
f 4050 4044 4043
f 4053 4046 4045
f 4045 4046 4039
f 4049 4048 4055
f 4055 4056 4049
f 4042 4048 4049
f 4061 4053 4052
f 4052 4053 4045
f 4055 4063 4064
f 4064 4056 4055
f 4063 4072 4073
f 4073 4064 4063
f 4072 4082 4083
f 4083 4073 4072
f 4082 4092 4093
f 4093 4083 4082
f 4092 4102 4103
f 4103 4093 4092
f 4102 4112 4113
f 4113 4103 4102
f 4112 4122 4123
f 4123 4113 4112
f 4122 4132 4133
f 4133 4123 4122
f 4132 4142 4143
f 4143 4133 4132
f 4142 4152 4153
f 4153 4143 4142
f 4152 4162 4163
f 4163 4153 4152
f 4162 4172 4173
f 4173 4163 4162
f 4172 4181 4182
f 4182 4173 4172
f 4181 4189 4190
f 4190 4182 4181
f 4190 4189 4196
f 4050 4057 4058
f 4057 4065 4066
f 4066 4058 4057
f 4065 4074 4075
f 4075 4066 4065
f 4074 4084 4085
f 4085 4075 4074
f 4084 4094 4095
f 4095 4085 4084
f 4094 4104 4105
f 4105 4095 4094
f 4104 4114 4115
f 4115 4105 4104
f 4114 4124 4125
f 4125 4115 4114
f 4124 4134 4135
f 4135 4125 4124
f 4134 4144 4145
f 4145 4135 4134
f 4144 4154 4155
f 4155 4145 4144
f 4154 4164 4165
f 4165 4155 4154
f 4067 4059 4058
f 4070 4061 4060
f 4060 4061 4052
f 4067 4066 4075
f 4075 4076 4067
f 4058 4066 4067
f 4080 4070 4069
f 4069 4070 4060
f 4075 4085 4086
f 4086 4076 4075
f 4085 4095 4096
f 4096 4086 4085
f 4095 4105 4106
f 4106 4096 4095
f 4105 4115 4116
f 4116 4106 4105
f 4115 4125 4126
f 4126 4116 4115
f 4125 4135 4136
f 4136 4126 4125
f 4135 4145 4146
f 4146 4136 4135
f 4145 4155 4156
f 4156 4146 4145
f 4155 4165 4166
f 4166 4156 4155
f 4090 4080 4079
f 4079 4080 4069
f 4098 4088 4087
f 4087 4088 4077
f 4100 4090 4089
f 4089 4090 4079
f 4108 4098 4097
f 4097 4098 4087
f 4110 4100 4099
f 4099 4100 4089
f 4118 4108 4107
f 4107 4108 4097
f 4120 4110 4109
f 4109 4110 4099
f 4128 4118 4117
f 4117 4118 4107
f 4130 4120 4119
f 4119 4120 4109
f 4138 4128 4127
f 4127 4128 4117
f 4140 4130 4129
f 4129 4130 4119
f 4148 4138 4137
f 4137 4138 4127
f 4150 4140 4139
f 4139 4140 4129
f 4158 4148 4147
f 4147 4148 4137
f 4160 4150 4149
f 4149 4150 4139
f 4168 4158 4157
f 4157 4158 4147
f 4167 4168 4157
f 4170 4160 4159
f 4159 4160 4149
f 4179 4170 4169
f 4169 4170 4159
f 4174 4183 4184
f 4184 4175 4174
f 4184 4185 4175
f 4175 4185 4176
f 4187 4179 4178
f 4178 4179 4169
f 4178 4186 4187
f 4187 4186 4193
f 4187 4193 4194
f 4194 4193 4199
f 4202 4196 4201
f 4019 4023 4020
f 4020 4023 4022
f 4020 4022 4021
f 453 452 3906
f 3906 452 4229
f 3906 4229 3907
f 3907 4229 4230
f 3907 4230 4231
f 4231 4230 4232
f 4231 4232 4233
f 4233 4232 4237
f 4233 4237 4238
f 4237 4243 4244
f 4244 4238 4237
f 4243 4250 4251
f 4251 4244 4243
f 4250 4258 4259
f 4259 4251 4250
f 4258 4267 4268
f 4268 4259 4258
f 4267 4277 4278
f 4278 4268 4267
f 4277 4287 4288
f 4288 4278 4277
f 4287 4297 4298
f 4298 4288 4287
f 4297 4307 4308
f 4308 4298 4297
f 4307 4316 4317
f 4317 4308 4307
f 4316 4326 4327
f 4327 4317 4316
f 4326 4336 4337
f 4337 4327 4326
f 4336 4346 4347
f 4347 4337 4336
f 4346 4356 4357
f 4357 4347 4346
f 4356 4366 4367
f 4367 4357 4356
f 4366 4375 4376
f 4376 4367 4366
f 4375 4383 4384
f 4384 4376 4375
f 4383 4390 4391
f 4391 4384 4383
f 4391 4390 4397
f 4397 4390 4396
f 4397 4396 3955
f 3955 4396 4400
f 3955 4400 3956
f 3956 4400 3957
f 3957 4400 4399
f 3957 4399 4401
f 4401 4399 429
f 4401 429 3958
f 3958 429 428
f 4229 452 4230
f 4230 452 451
f 4230 451 4232
f 4232 451 450
f 4232 450 4236
f 4236 450 449
f 4236 449 4242
f 4242 449 448
f 4242 448 4249
f 4249 448 447
f 4249 447 4257
f 4257 447 446
f 4257 446 4266
f 4266 446 445
f 4266 445 4276
f 4276 445 444
f 4276 444 4286
f 4286 444 443
f 4286 443 4296
f 4296 443 442
f 4296 442 4306
f 4306 442 441
f 4306 441 440
f 4306 440 4315
f 4315 440 439
f 4315 439 4325
f 4325 439 438
f 4325 438 4335
f 4335 438 437
f 4335 437 4345
f 4345 437 436
f 4345 436 4355
f 4355 436 435
f 4355 435 4365
f 4365 435 434
f 4365 434 4374
f 4374 434 433
f 4374 433 4382
f 4382 433 432
f 4382 432 4389
f 4389 432 431
f 4389 431 4395
f 4395 431 430
f 4395 430 4399
f 4399 430 429
f 3958 3957 4401
f 3955 3954 4397
f 4397 3954 4398
f 4397 4398 4391
f 4391 4398 4392
f 4392 4385 4384
f 4384 4391 4392
f 4385 4377 4376
f 4376 4384 4385
f 4377 4368 4367
f 4367 4376 4377
f 4368 4358 4357
f 4357 4367 4368
f 4358 4348 4347
f 4347 4357 4358
f 4348 4338 4337
f 4337 4347 4348
f 4338 4328 4327
f 4327 4337 4338
f 4328 4318 4317
f 4317 4327 4328
f 4318 4309 4308
f 4308 4317 4318
f 4309 4299 4298
f 4298 4308 4309
f 4299 4289 4288
f 4288 4298 4299
f 4289 4279 4278
f 4278 4288 4289
f 4279 4269 4268
f 4268 4278 4279
f 4269 4260 4259
f 4259 4268 4269
f 4260 4252 4251
f 4251 4259 4260
f 4252 4245 4244
f 4244 4251 4252
f 4245 4239 4238
f 4238 4244 4245
f 4238 4239 4234
f 4234 4239 4235
f 4234 4235 3910
f 3910 4235 3911
f 3911 4235 4239
f 3911 4239 4240
f 4240 4239 4246
f 4240 4246 4247
f 4246 4253 4254
f 4254 4247 4246
f 4253 4261 4262
f 4262 4254 4253
f 4261 4270 4271
f 4271 4262 4261
f 4270 4280 4281
f 4281 4271 4270
f 4280 4290 4291
f 4291 4281 4280
f 4290 4300 4301
f 4301 4291 4290
f 4300 4310 4311
f 4311 4301 4300
f 4310 4319 4320
f 4320 4311 4310
f 4319 4329 4330
f 4330 4320 4319
f 4329 4339 4340
f 4340 4330 4329
f 4339 4349 4350
f 4350 4340 4339
f 4349 4359 4360
f 4360 4350 4349
f 4359 4369 4370
f 4370 4360 4359
f 4369 4378 4379
f 4379 4370 4369
f 4378 4386 4387
f 4387 4379 4378
f 4387 4386 4394
f 4394 4386 4393
f 4394 4393 3951
f 3951 4393 3952
f 3952 4393 3953
f 3953 4393 4392
f 3953 4392 4398
f 3954 3953 4398
f 3951 3950 4394
f 4394 3950 4206
f 4394 4206 4387
f 4387 4206 4388
f 4387 4388 4379
f 4379 4388 4380
f 4380 4371 4370
f 4370 4379 4380
f 4371 4361 4360
f 4360 4370 4371
f 4361 4351 4350
f 4350 4360 4361
f 4351 4341 4340
f 4340 4350 4351
f 4341 4331 4330
f 4330 4340 4341
f 4331 4321 4320
f 4320 4330 4331
f 4321 4312 4311
f 4311 4320 4321
f 4312 4302 4301
f 4301 4311 4312
f 4302 4292 4291
f 4291 4301 4302
f 4292 4282 4281
f 4281 4291 4292
f 4282 4272 4271
f 4271 4281 4282
f 4272 4263 4262
f 4262 4271 4272
f 4263 4255 4254
f 4254 4262 4263
f 4254 4255 4247
f 4247 4255 4248
f 4247 4248 4226
f 4226 4248 4225
f 4225 4248 4224
f 4224 4248 4255
f 4224 4255 4256
f 4256 4255 4264
f 4256 4264 4223
f 4223 4264 4265
f 4223 4265 4222
f 4222 4265 4221
f 4221 4265 4274
f 4221 4274 4275
f 4275 4274 4285
f 4275 4285 4220
f 4220 4285 4219
f 4219 4285 4295
f 4219 4295 4218
f 4218 4295 4305
f 4218 4305 4217
f 4217 4305 4228
f 4217 4228 4216
f 4216 4228 4324
f 4216 4324 4215
f 4215 4324 4334
f 4215 4334 4214
f 4214 4334 4344
f 4214 4344 4213
f 4213 4344 4354
f 4213 4354 4212
f 4212 4354 4364
f 4212 4364 4211
f 4211 4364 4363
f 4211 4363 4373
f 4373 4363 4362
f 4373 4362 4372
f 4362 4361 4371
f 4371 4372 4362
f 4206 4207 4388
f 4388 4207 4208
f 4388 4208 4380
f 4380 4208 4381
f 4380 4381 4371
f 4371 4381 4372
f 4208 4209 4381
f 4381 4209 4372
f 4372 4209 4373
f 4373 4209 4210
f 4373 4210 4211
f 4220 4221 4275
f 4223 4224 4256
f 4226 4227 4247
f 4247 4227 4241
f 4247 4241 4240
f 4240 4241 3913
f 4240 3913 3912
f 4227 3913 4241
f 3912 3911 4240
f 3910 3909 4234
f 4234 3909 4233
f 4234 4233 4238
f 4233 3909 4231
f 4231 3909 3908
f 4231 3908 3907
f 4243 4237 4236
f 4236 4237 4232
f 4250 4243 4242
f 4242 4243 4236
f 4246 4245 4252
f 4252 4253 4246
f 4239 4245 4246
f 4258 4250 4249
f 4249 4250 4242
f 4252 4260 4261
f 4261 4253 4252
f 4260 4269 4270
f 4270 4261 4260
f 4269 4279 4280
f 4280 4270 4269
f 4279 4289 4290
f 4290 4280 4279
f 4289 4299 4300
f 4300 4290 4289
f 4299 4309 4310
f 4310 4300 4299
f 4309 4318 4319
f 4319 4310 4309
f 4318 4328 4329
f 4329 4319 4318
f 4328 4338 4339
f 4339 4329 4328
f 4338 4348 4349
f 4349 4339 4338
f 4348 4358 4359
f 4359 4349 4348
f 4358 4368 4369
f 4369 4359 4358
f 4368 4377 4378
f 4378 4369 4368
f 4377 4385 4386
f 4386 4378 4377
f 4386 4385 4393
f 4393 4385 4392
f 4267 4258 4257
f 4257 4258 4249
f 4255 4263 4264
f 4263 4272 4273
f 4273 4264 4263
f 4272 4282 4283
f 4283 4273 4272
f 4282 4292 4293
f 4293 4283 4282
f 4292 4302 4303
f 4303 4293 4292
f 4302 4312 4313
f 4313 4303 4302
f 4312 4321 4322
f 4322 4313 4312
f 4321 4331 4332
f 4332 4322 4321
f 4331 4341 4342
f 4342 4332 4331
f 4341 4351 4352
f 4352 4342 4341
f 4351 4361 4362
f 4362 4352 4351
f 4274 4265 4264
f 4277 4267 4266
f 4266 4267 4257
f 4264 4273 4274
f 4273 4283 4284
f 4284 4274 4273
f 4283 4293 4294
f 4294 4284 4283
f 4293 4303 4304
f 4304 4294 4293
f 4303 4313 4314
f 4314 4304 4303
f 4313 4322 4323
f 4323 4314 4313
f 4322 4332 4333
f 4333 4323 4322
f 4332 4342 4343
f 4343 4333 4332
f 4342 4352 4353
f 4353 4343 4342
f 4352 4362 4363
f 4363 4353 4352
f 4287 4277 4276
f 4276 4277 4266
f 4295 4285 4284
f 4284 4285 4274
f 4297 4287 4286
f 4286 4287 4276
f 4305 4295 4294
f 4294 4295 4284
f 4286 4296 4297
f 4297 4296 4306
f 4297 4306 4307
f 4307 4306 4315
f 4307 4315 4316
f 4316 4315 4326
f 4294 4304 4305
f 4305 4304 4314
f 4305 4314 4228
f 4228 4314 4323
f 4228 4323 4324
f 4324 4323 4334
f 4336 4326 4325
f 4325 4326 4315
f 4344 4334 4333
f 4333 4334 4323
f 4346 4336 4335
f 4335 4336 4325
f 4354 4344 4343
f 4343 4344 4333
f 4356 4346 4345
f 4345 4346 4335
f 4364 4354 4353
f 4353 4354 4343
f 4363 4364 4353
f 4366 4356 4355
f 4355 4356 4345
f 4375 4366 4365
f 4365 4366 4355
f 4383 4375 4374
f 4374 4375 4365
f 4390 4383 4382
f 4382 4383 4374
f 4396 4390 4389
f 4389 4390 4382
f 4400 4396 4395
f 4395 4396 4389
f 4399 4400 4395
f 4214 4218 4215
f 4215 4218 4217
f 4215 4217 4216
f 3898 3913 4010
f 4010 3913 4227
f 4010 4227 4011
f 4011 4227 4226
f 4011 4226 4012
f 4012 4226 4225
f 4012 4225 4013
f 4013 4225 4224
f 4013 4224 4014
f 4014 4224 4223
f 4014 4223 4015
f 4015 4223 4222
f 4015 4222 4016
f 4016 4222 4221
f 4016 4221 4017
f 4017 4221 4220
f 4017 4220 4018
f 4018 4220 4219
f 4018 4219 4019
f 4019 4219 4218
f 4019 4218 4214
f 4019 4214 4023
f 4023 4214 4213
f 4023 4213 4024
f 4024 4213 4212
f 4024 4212 4025
f 4025 4212 4211
f 4025 4211 4026
f 4026 4211 4210
f 4026 4210 4027
f 4027 4210 4209
f 4027 4209 4028
f 4028 4209 4208
f 4028 4208 4029
f 4029 4208 4207
f 4029 4207 4030
f 4030 4207 4206
f 4030 4206 4031
f 4031 4206 3950
f 4031 3950 3967
f 4402 4403 4405
f 4405 4403 4404
f 4403 4406 4404
f 4404 4406 4407
f 4406 4408 4407
f 4407 4408 4409
f 4408 4402 4409
f 4409 4402 4405
f 4409 4405 4407
f 4407 4405 4404
f 4410 4411 4640
f 4640 4411 4639
f 4639 4411 4412
f 4639 4412 4413
f 4413 4414 4639
f 4639 4414 4638
f 4638 4414 4415
f 4638 4415 4416
f 4638 4416 4637
f 4637 4416 4417
f 4637 4417 4418
f 4637 4418 4636
f 4636 4418 4419
f 4636 4419 4420
f 4420 4421 4636
f 4636 4421 4635
f 4635 4421 4422
f 4635 4422 4423
f 4635 4423 4634
f 4634 4423 4424
f 4634 4424 4425
f 4425 4426 4634
f 4634 4426 4633
f 4633 4426 4427
f 4633 4427 4428
f 4633 4428 4632
f 4632 4428 4429
f 4632 4429 4430
f 4632 4430 4631
f 4631 4430 4431
f 4631 4431 4630
f 4630 4431 4432
f 4630 4432 4629
f 4629 4432 4433
f 4629 4433 4628
f 4628 4433 4434
f 4628 4434 4627
f 4627 4434 4435
f 4627 4435 4436
f 4627 4436 4463
f 4463 4436 4437
f 4463 4437 4438
f 4438 4439 4463
f 4463 4439 4440
f 4463 4440 4441
f 4441 4442 4463
f 4463 4442 4443
f 4463 4443 4444
f 4444 4445 4463
f 4463 4445 4446
f 4463 4446 4447
f 4447 4448 4463
f 4463 4448 4449
f 4463 4449 4450
f 4450 4451 4463
f 4463 4451 4452
f 4463 4452 4453
f 4453 4454 4463
f 4463 4454 4455
f 4463 4455 4456
f 4456 4457 4463
f 4463 4457 4458
f 4463 4458 4459
f 4459 4460 4463
f 4463 4460 4461
f 4463 4461 4462
f 4464 4465 4463
f 4463 4465 4642
f 4463 4642 4626
f 4626 4642 4625
f 4625 4642 4643
f 4625 4643 4644
f 4466 4712 4465
f 4465 4712 4713
f 4465 4713 4714
f 4467 4468 4466
f 4466 4468 4469
f 4466 4469 4470
f 4470 4471 4466
f 4466 4471 4472
f 4466 4472 4473
f 4473 4474 4466
f 4466 4474 4698
f 4466 4698 4699
f 4698 4474 4697
f 4697 4474 4475
f 4697 4475 4492
f 4492 4475 4476
f 4492 4476 4491
f 4491 4476 4477
f 4491 4477 4490
f 4490 4477 4478
f 4490 4478 4489
f 4489 4478 4479
f 4489 4479 4488
f 4488 4479 4480
f 4488 4480 4487
f 4487 4480 4481
f 4487 4481 4486
f 4486 4481 4482
f 4486 4482 4485
f 4485 4482 4483
f 4485 4483 4484
f 4493 4508 4492
f 4492 4508 4509
f 4492 4509 4771
f 4771 4509 4770
f 4770 4509 4526
f 4770 4526 4734
f 4734 4526 4733
f 4733 4526 4543
f 4733 4543 4660
f 4660 4543 4560
f 4660 4560 4659
f 4659 4560 4580
f 4659 4580 4592
f 4592 4580 4581
f 4592 4581 4591
f 4591 4581 4582
f 4591 4582 4590
f 4590 4582 4583
f 4590 4583 4589
f 4589 4583 4584
f 4589 4584 4588
f 4588 4584 4585
f 4588 4585 4587
f 4587 4585 4586
f 4508 4493 4507
f 4507 4493 4494
f 4507 4494 4506
f 4506 4494 4495
f 4506 4495 4505
f 4505 4495 4496
f 4505 4496 4504
f 4504 4496 4497
f 4504 4497 4503
f 4503 4497 4498
f 4503 4498 4502
f 4502 4498 4499
f 4502 4499 4501
f 4501 4499 4500
f 4509 4510 4526
f 4526 4510 4525
f 4525 4510 4511
f 4525 4511 4524
f 4524 4511 4512
f 4524 4512 4523
f 4523 4512 4513
f 4523 4513 4522
f 4522 4513 4514
f 4522 4514 4521
f 4521 4514 4515
f 4521 4515 4520
f 4520 4515 4516
f 4520 4516 4519
f 4519 4516 4517
f 4519 4517 4518
f 4526 4527 4543
f 4543 4527 4542
f 4542 4527 4528
f 4542 4528 4541
f 4541 4528 4529
f 4541 4529 4540
f 4540 4529 4530
f 4540 4530 4539
f 4539 4530 4531
f 4539 4531 4538
f 4538 4531 4532
f 4538 4532 4537
f 4537 4532 4533
f 4537 4533 4536
f 4536 4533 4534
f 4536 4534 4535
f 4543 4544 4560
f 4560 4544 4559
f 4559 4544 4545
f 4559 4545 4558
f 4558 4545 4546
f 4558 4546 4557
f 4557 4546 4547
f 4557 4547 4556
f 4556 4547 4548
f 4556 4548 4555
f 4555 4548 4549
f 4555 4549 4554
f 4554 4549 4550
f 4554 4550 4553
f 4553 4550 4551
f 4553 4551 4552
f 4560 4561 4580
f 4580 4561 4579
f 4579 4561 4562
f 4579 4562 4578
f 4578 4562 4563
f 4578 4563 4577
f 4577 4563 4564
f 4577 4564 4576
f 4576 4564 4570
f 4576 4570 4571
f 4570 4564 4569
f 4569 4564 4565
f 4569 4565 4568
f 4568 4565 4567
f 4567 4565 4566
f 4571 4572 4576
f 4576 4572 4575
f 4575 4572 4573
f 4575 4573 4574
f 4659 4592 4604
f 4604 4592 4593
f 4604 4593 4603
f 4603 4593 4594
f 4603 4594 4602
f 4602 4594 4595
f 4602 4595 4601
f 4601 4595 4596
f 4601 4596 4600
f 4600 4596 4597
f 4600 4597 4599
f 4599 4597 4598
f 4605 4654 4604
f 4604 4654 4655
f 4604 4655 4656
f 4606 4621 4605
f 4605 4621 4622
f 4605 4622 4623
f 4607 4618 4606
f 4606 4618 4619
f 4606 4619 4620
f 4618 4607 4617
f 4617 4607 4608
f 4617 4608 4616
f 4616 4608 4609
f 4616 4609 4615
f 4615 4609 4610
f 4615 4610 4614
f 4614 4610 4611
f 4614 4611 4613
f 4613 4611 4612
f 4620 4621 4606
f 4624 4648 4623
f 4623 4648 4649
f 4623 4649 4650
f 4625 4645 4624
f 4624 4645 4646
f 4624 4646 4647
f 4626 4627 4463
f 4642 4465 4641
f 4641 4465 4715
f 4641 4715 4716
f 4644 4645 4625
f 4647 4648 4624
f 4623 4650 4605
f 4605 4650 4651
f 4605 4651 4652
f 4652 4653 4605
f 4605 4653 4654
f 4656 4657 4604
f 4604 4657 4658
f 4604 4658 4659
f 4660 4661 4733
f 4733 4661 4732
f 4732 4661 4662
f 4732 4662 4731
f 4731 4662 4663
f 4731 4663 4730
f 4730 4663 4664
f 4730 4664 4729
f 4729 4664 4665
f 4729 4665 4728
f 4728 4665 4666
f 4728 4666 4727
f 4727 4666 4667
f 4727 4667 4726
f 4726 4667 4668
f 4726 4668 4725
f 4725 4668 4669
f 4725 4669 4724
f 4724 4669 4723
f 4723 4669 4670
f 4723 4670 4722
f 4722 4670 4671
f 4722 4671 4721
f 4721 4671 4672
f 4721 4672 4720
f 4720 4672 4673
f 4720 4673 4719
f 4719 4673 4674
f 4719 4674 4718
f 4718 4674 4675
f 4718 4675 4717
f 4717 4675 4676
f 4717 4676 4677
f 4717 4677 4716
f 4716 4677 4641
f 4679 4752 4678
f 4678 4752 4465
f 4678 4465 4714
f 4752 4679 4788
f 4788 4679 4680
f 4788 4680 4787
f 4787 4680 4786
f 4786 4680 4681
f 4786 4681 4785
f 4785 4681 4682
f 4785 4682 4784
f 4784 4682 4683
f 4784 4683 4783
f 4783 4683 4684
f 4783 4684 4782
f 4782 4684 4685
f 4782 4685 4781
f 4781 4685 4686
f 4781 4686 4780
f 4780 4686 4687
f 4780 4687 4688
f 4780 4688 4779
f 4779 4688 4689
f 4779 4689 4778
f 4778 4689 4690
f 4778 4690 4777
f 4777 4690 4691
f 4777 4691 4776
f 4776 4691 4692
f 4776 4692 4775
f 4775 4692 4693
f 4775 4693 4774
f 4774 4693 4694
f 4774 4694 4773
f 4773 4694 4695
f 4773 4695 4772
f 4772 4695 4696
f 4772 4696 4771
f 4771 4696 4492
f 4696 4697 4492
f 4699 4700 4466
f 4466 4700 4701
f 4466 4701 4702
f 4702 4703 4466
f 4466 4703 4704
f 4466 4704 4705
f 4705 4706 4466
f 4466 4706 4707
f 4466 4707 4708
f 4708 4709 4466
f 4466 4709 4710
f 4466 4710 4711
f 4711 4712 4466
f 4734 4735 4770
f 4770 4735 4769
f 4769 4735 4736
f 4769 4736 4768
f 4768 4736 4737
f 4768 4737 4767
f 4767 4737 4738
f 4767 4738 4766
f 4766 4738 4739
f 4766 4739 4765
f 4765 4739 4740
f 4765 4740 4764
f 4764 4740 4741
f 4764 4741 4763
f 4763 4741 4742
f 4763 4742 4762
f 4762 4742 4743
f 4762 4743 4761
f 4761 4743 4760
f 4760 4743 4744
f 4760 4744 4759
f 4759 4744 4745
f 4759 4745 4758
f 4758 4745 4746
f 4758 4746 4757
f 4757 4746 4747
f 4757 4747 4756
f 4756 4747 4748
f 4756 4748 4755
f 4755 4748 4749
f 4755 4749 4754
f 4754 4749 4750
f 4754 4750 4751
f 4754 4751 4753
f 4753 4751 4715
f 4753 4715 4752
f 4752 4715 4465
f 4410 4640 4789
f 4789 4640 4790
f 4462 4791 4792
f 4462 4461 4791
f 4791 4461 4843
f 4843 4461 4460
f 4843 4460 4842
f 4842 4460 4459
f 4842 4459 4841
f 4841 4459 4458
f 4841 4458 4840
f 4840 4458 4457
f 4840 4457 4839
f 4839 4457 4456
f 4839 4456 4838
f 4838 4456 4455
f 4838 4455 4837
f 4837 4455 4454
f 4837 4454 4836
f 4836 4454 4453
f 4836 4453 4835
f 4835 4453 4452
f 4835 4452 4834
f 4834 4452 4451
f 4834 4451 4833
f 4833 4451 4450
f 4833 4450 4832
f 4832 4450 4449
f 4832 4449 4831
f 4831 4449 4448
f 4831 4448 4830
f 4830 4448 4447
f 4830 4447 4829
f 4829 4447 4446
f 4829 4446 4828
f 4828 4446 4445
f 4828 4445 4827
f 4827 4445 4444
f 4827 4444 4826
f 4826 4444 4443
f 4826 4443 4825
f 4825 4443 4442
f 4825 4442 4824
f 4824 4442 4441
f 4824 4441 4823
f 4823 4441 4440
f 4823 4440 4822
f 4822 4440 4439
f 4822 4439 4821
f 4821 4439 4438
f 4821 4438 4820
f 4820 4438 4437
f 4820 4437 4819
f 4819 4437 4436
f 4819 4436 4818
f 4818 4436 4817
f 4817 4436 4435
f 4817 4435 4816
f 4816 4435 4434
f 4816 4434 4815
f 4815 4434 4433
f 4815 4433 4814
f 4814 4433 4432
f 4814 4432 4813
f 4813 4432 4431
f 4813 4431 4812
f 4812 4431 4430
f 4812 4430 4811
f 4811 4430 4429
f 4811 4429 4810
f 4810 4429 4428
f 4810 4428 4809
f 4809 4428 4427
f 4809 4427 4808
f 4808 4427 4426
f 4808 4426 4807
f 4807 4426 4425
f 4807 4425 4806
f 4806 4425 4424
f 4806 4424 4805
f 4805 4424 4423
f 4805 4423 4804
f 4804 4423 4422
f 4804 4422 4803
f 4803 4422 4421
f 4803 4421 4802
f 4802 4421 4420
f 4802 4420 4801
f 4801 4420 4419
f 4801 4419 4800
f 4800 4419 4418
f 4800 4418 4799
f 4799 4418 4417
f 4799 4417 4798
f 4798 4417 4416
f 4798 4416 4797
f 4797 4416 4415
f 4797 4415 4796
f 4796 4415 4414
f 4796 4414 4795
f 4795 4414 4413
f 4795 4413 4794
f 4794 4413 4412
f 4794 4412 4793
f 4793 4412 4411
f 4793 4411 4410
f 4410 4789 4793
f 4640 4639 4790
f 4790 4639 4870
f 4870 4639 4638
f 4870 4638 4869
f 4869 4638 4637
f 4869 4637 4868
f 4868 4637 4636
f 4868 4636 4867
f 4867 4636 4635
f 4867 4635 4866
f 4866 4635 4634
f 4866 4634 4865
f 4865 4634 4633
f 4865 4633 4864
f 4864 4633 4632
f 4864 4632 4863
f 4863 4632 4631
f 4863 4631 4862
f 4862 4631 4630
f 4862 4630 4861
f 4861 4630 4629
f 4861 4629 4860
f 4860 4629 4628
f 4860 4628 4859
f 4859 4628 4627
f 4859 4627 4858
f 4858 4627 4626
f 4858 4626 4857
f 4857 4626 4625
f 4857 4625 4856
f 4856 4625 4855
f 4855 4625 4624
f 4855 4624 4854
f 4854 4624 4623
f 4854 4623 4853
f 4853 4623 4622
f 4853 4622 4852
f 4852 4622 4621
f 4852 4621 4851
f 4851 4621 4620
f 4851 4620 4850
f 4850 4620 4619
f 4850 4619 4849
f 4849 4619 4618
f 4849 4618 4848
f 4848 4618 4617
f 4848 4617 4847
f 4847 4617 4616
f 4847 4616 4846
f 4846 4616 4615
f 4846 4615 4845
f 4845 4615 4614
f 4845 4614 4844
f 4844 4614 4613
f 4402 4907 4403
f 4403 4907 4871
f 4403 4871 4945
f 4945 4871 4981
f 4981 4871 4872
f 4981 4872 4980
f 4980 4872 4873
f 4980 4873 4979
f 4979 4873 4874
f 4979 4874 4875
f 4408 4792 4402
f 4402 4792 4843
f 4402 4843 4842
f 4792 4408 5166
f 5166 4408 4406
f 5166 4406 4464
f 4464 4406 4465
f 4465 4406 4403
f 4465 4403 4909
f 4909 4403 4908
f 4908 4403 4982
f 4908 4982 4944
f 4944 4982 4983
f 4944 4983 4943
f 4943 4983 4984
f 4943 4984 4942
f 4942 4984 4985
f 4942 4985 4941
f 4941 4985 4986
f 4941 4986 4940
f 4940 4986 4987
f 4940 4987 4988
f 4979 4875 4978
f 4978 4875 4876
f 4978 4876 4977
f 4977 4876 4877
f 4977 4877 4976
f 4976 4877 4878
f 4976 4878 4975
f 4975 4878 4879
f 4975 4879 4974
f 4974 4879 4880
f 4974 4880 4973
f 4973 4880 4972
f 4972 4880 4881
f 4972 4881 4971
f 4971 4881 4882
f 4971 4882 4970
f 4970 4882 4883
f 4970 4883 4969
f 4969 4883 4884
f 4969 4884 4885
f 4969 4885 4968
f 4968 4885 4886
f 4968 4886 4967
f 4967 4886 4887
f 4967 4887 4966
f 4966 4887 4888
f 4966 4888 4965
f 4965 4888 4889
f 4965 4889 4964
f 4964 4889 5088
f 4964 5088 5105
f 5105 5088 5104
f 5104 5088 5089
f 5104 5089 5103
f 5103 5089 5090
f 5103 5090 5102
f 5102 5090 5091
f 5102 5091 5101
f 5101 5091 5092
f 5101 5092 5100
f 5100 5092 5093
f 5100 5093 5099
f 5099 5093 5094
f 5099 5094 5098
f 5098 5094 5095
f 5098 5095 5097
f 5097 5095 5096
f 5088 4889 5071
f 5071 4889 4890
f 5071 4890 5051
f 5051 4890 5039
f 5051 5039 5050
f 5050 5039 5040
f 5050 5040 5049
f 5049 5040 5041
f 5049 5041 5048
f 5048 5041 5042
f 5048 5042 5047
f 5047 5042 5043
f 5047 5043 5046
f 5046 5043 5044
f 5046 5044 5045
f 5039 4890 5027
f 5027 4890 4891
f 5027 4891 4892
f 4892 4893 5027
f 5027 4893 4894
f 5027 4894 4895
f 5027 4895 5026
f 5026 4895 4896
f 5026 4896 4897
f 4897 4898 5026
f 5026 4898 4899
f 5026 4899 4854
f 4854 4899 4900
f 4854 4900 4901
f 4854 4901 4855
f 4855 4901 4902
f 4855 4902 4903
f 4903 4904 4855
f 4855 4904 4856
f 4856 4904 4905
f 4856 4905 4906
f 4906 4907 4856
f 4856 4907 4857
f 4857 4907 4402
f 4857 4402 4858
f 4858 4402 4818
f 4858 4818 4817
f 4909 4910 4465
f 4465 4910 4911
f 4465 4911 5165
f 5165 4911 4912
f 5165 4912 4913
f 4913 4914 5165
f 5165 4914 4915
f 5165 4915 4916
f 4916 4917 5165
f 5165 4917 5156
f 5165 5156 5157
f 5156 4917 5155
f 5155 4917 4918
f 5155 4918 4919
f 4919 4920 5155
f 5155 4920 4921
f 5155 4921 4922
f 4922 4923 5155
f 5155 4923 4924
f 5155 4924 4925
f 4925 4926 5155
f 5155 4926 5139
f 5155 5139 5140
f 4926 4927 5139
f 5139 4927 5000
f 5139 5000 5122
f 5122 5000 5001
f 5122 5001 5105
f 5105 5001 4963
f 5105 4963 4964
f 5000 4927 4999
f 4999 4927 4928
f 4999 4928 4998
f 4998 4928 4929
f 4998 4929 4997
f 4997 4929 4930
f 4997 4930 4996
f 4996 4930 4931
f 4996 4931 4995
f 4995 4931 4932
f 4995 4932 4994
f 4994 4932 4933
f 4994 4933 4993
f 4993 4933 4934
f 4993 4934 4992
f 4992 4934 4935
f 4992 4935 4991
f 4991 4935 4936
f 4991 4936 4937
f 4991 4937 4990
f 4990 4937 4938
f 4990 4938 4989
f 4989 4938 4939
f 4989 4939 4988
f 4988 4939 4940
f 4946 5018 4945
f 4945 5018 4982
f 4945 4982 4403
f 5018 4946 5017
f 5017 4946 4947
f 5017 4947 5016
f 5016 4947 4948
f 5016 4948 5015
f 5015 4948 4949
f 5015 4949 4950
f 5015 4950 5014
f 5014 4950 4951
f 5014 4951 5013
f 5013 4951 4952
f 5013 4952 5012
f 5012 4952 4953
f 5012 4953 5011
f 5011 4953 4954
f 5011 4954 5010
f 5010 4954 5009
f 5009 4954 4955
f 5009 4955 5008
f 5008 4955 4956
f 5008 4956 5007
f 5007 4956 4957
f 5007 4957 5006
f 5006 4957 4958
f 5006 4958 4959
f 5006 4959 5005
f 5005 4959 4960
f 5005 4960 5004
f 5004 4960 4961
f 5004 4961 5003
f 5003 4961 4962
f 5003 4962 5002
f 5002 4962 4963
f 5002 4963 5001
f 4791 4843 4792
f 4842 4841 4402
f 4402 4841 4840
f 4402 4840 4839
f 4839 4838 4402
f 4402 4838 4837
f 4402 4837 4836
f 4836 4835 4402
f 4402 4835 4834
f 4402 4834 4833
f 4833 4832 4402
f 4402 4832 4831
f 4402 4831 4830
f 4830 4829 4402
f 4402 4829 4828
f 4402 4828 4827
f 4827 4826 4402
f 4402 4826 4825
f 4402 4825 4824
f 4824 4823 4402
f 4402 4823 4822
f 4402 4822 4821
f 4821 4820 4402
f 4402 4820 4819
f 4402 4819 4818
f 4817 4816 4858
f 4858 4816 4859
f 4859 4816 4815
f 4859 4815 4860
f 4860 4815 4814
f 4860 4814 4861
f 4861 4814 4813
f 4861 4813 4862
f 4862 4813 4812
f 4862 4812 4863
f 4863 4812 4811
f 4863 4811 4810
f 4863 4810 4864
f 4864 4810 4809
f 4864 4809 4808
f 4864 4808 4865
f 4865 4808 4807
f 4865 4807 4806
f 4806 4805 4865
f 4865 4805 4866
f 4866 4805 4804
f 4866 4804 4803
f 4866 4803 4867
f 4867 4803 4802
f 4867 4802 4801
f 4801 4800 4867
f 4867 4800 4868
f 4868 4800 4799
f 4868 4799 4798
f 4868 4798 4869
f 4869 4798 4797
f 4869 4797 4796
f 4869 4796 4870
f 4870 4796 4795
f 4870 4795 4794
f 4794 4793 4870
f 4870 4793 4790
f 4790 4793 4789
f 4854 4853 5026
f 5026 4853 4852
f 5026 4852 5025
f 5025 4852 4851
f 5025 4851 4850
f 5025 4850 5024
f 5024 4850 4849
f 5024 4849 4848
f 5024 4848 5023
f 5023 4848 4847
f 5023 4847 5022
f 5022 4847 4846
f 5022 4846 5021
f 5021 4846 4845
f 5021 4845 5020
f 5020 4845 4844
f 5020 4844 5019
f 5039 5027 5038
f 5038 5027 5028
f 5038 5028 5037
f 5037 5028 5029
f 5037 5029 5036
f 5036 5029 5030
f 5036 5030 5035
f 5035 5030 5031
f 5035 5031 5034
f 5034 5031 5032
f 5034 5032 5033
f 5051 5052 5071
f 5071 5052 5070
f 5070 5052 5069
f 5069 5052 5053
f 5069 5053 5068
f 5068 5053 5054
f 5068 5054 5067
f 5067 5054 5055
f 5067 5055 5061
f 5061 5055 5060
f 5060 5055 5059
f 5059 5055 5056
f 5059 5056 5058
f 5058 5056 5057
f 5061 5062 5067
f 5067 5062 5063
f 5067 5063 5066
f 5066 5063 5064
f 5066 5064 5065
f 5088 5071 5087
f 5087 5071 5072
f 5087 5072 5086
f 5086 5072 5073
f 5086 5073 5085
f 5085 5073 5074
f 5085 5074 5084
f 5084 5074 5075
f 5084 5075 5083
f 5083 5075 5076
f 5083 5076 5082
f 5082 5076 5077
f 5082 5077 5081
f 5081 5077 5078
f 5081 5078 5080
f 5080 5078 5079
f 5122 5105 5121
f 5121 5105 5106
f 5121 5106 5120
f 5120 5106 5107
f 5120 5107 5119
f 5119 5107 5108
f 5119 5108 5118
f 5118 5108 5109
f 5118 5109 5117
f 5117 5109 5110
f 5117 5110 5116
f 5116 5110 5111
f 5116 5111 5115
f 5115 5111 5112
f 5115 5112 5114
f 5114 5112 5113
f 5122 5123 5139
f 5139 5123 5138
f 5138 5123 5124
f 5138 5124 5137
f 5137 5124 5125
f 5137 5125 5136
f 5136 5125 5126
f 5136 5126 5135
f 5135 5126 5127
f 5135 5127 5134
f 5134 5127 5128
f 5134 5128 5133
f 5133 5128 5129
f 5133 5129 5132
f 5132 5129 5130
f 5132 5130 5131
f 5155 5140 5154
f 5154 5140 5141
f 5154 5141 5153
f 5153 5141 5142
f 5153 5142 5152
f 5152 5142 5143
f 5152 5143 5151
f 5151 5143 5144
f 5151 5144 5150
f 5150 5144 5145
f 5150 5145 5149
f 5149 5145 5146
f 5149 5146 5148
f 5148 5146 5147
f 5157 5158 5165
f 5165 5158 5159
f 5165 5159 5160
f 5160 5161 5165
f 5165 5161 5162
f 5165 5162 5163
f 5163 5164 5165
f 5018 4753 4982
f 4982 4753 4752
f 4982 4752 4788
f 4753 5018 4754
f 4754 5018 5017
f 4754 5017 4755
f 4755 5017 5016
f 4755 5016 4756
f 4756 5016 5015
f 4756 5015 4757
f 4757 5015 5014
f 4757 5014 4758
f 4758 5014 5013
f 4758 5013 4759
f 4759 5013 5012
f 4759 5012 4760
f 4760 5012 5011
f 4760 5011 4761
f 4761 5011 5010
f 4761 5010 4762
f 4762 5010 5009
f 4762 5009 4763
f 4763 5009 5008
f 4763 5008 4764
f 4764 5008 5007
f 4764 5007 4765
f 4765 5007 5006
f 4765 5006 4766
f 4766 5006 5005
f 4766 5005 4767
f 4767 5005 5004
f 4767 5004 4768
f 4768 5004 5003
f 4768 5003 4769
f 4769 5003 5002
f 4769 5002 4770
f 4770 5002 5001
f 4770 5001 4771
f 4771 5001 5000
f 4771 5000 4999
f 4771 4999 4772
f 4772 4999 4998
f 4772 4998 4773
f 4773 4998 4997
f 4773 4997 4774
f 4774 4997 4996
f 4774 4996 4775
f 4775 4996 4995
f 4775 4995 4776
f 4776 4995 4994
f 4776 4994 4777
f 4777 4994 4993
f 4777 4993 4778
f 4778 4993 4992
f 4778 4992 4779
f 4779 4992 4991
f 4779 4991 4780
f 4780 4991 4990
f 4780 4990 4781
f 4781 4990 4989
f 4781 4989 4782
f 4782 4989 4988
f 4782 4988 4783
f 4783 4988 4987
f 4783 4987 4784
f 4784 4987 4986
f 4784 4986 4785
f 4785 4986 4985
f 4785 4985 4786
f 4786 4985 4984
f 4786 4984 4787
f 4787 4984 4983
f 4787 4983 4788
f 4788 4983 4982
f 4501 5130 4502
f 4502 5130 5129
f 4502 5129 4503
f 4503 5129 5128
f 4503 5128 4504
f 4504 5128 5127
f 4504 5127 4505
f 4505 5127 5126
f 4505 5126 4506
f 4506 5126 5125
f 4506 5125 4507
f 4507 5125 5124
f 4507 5124 4508
f 4508 5124 5123
f 4508 5123 4509
f 4509 5123 5122
f 4509 5122 5121
f 4509 5121 4510
f 4510 5121 5120
f 4510 5120 4511
f 4511 5120 5119
f 4511 5119 4512
f 4512 5119 5118
f 4512 5118 4513
f 4513 5118 5117
f 4513 5117 4514
f 4514 5117 5116
f 4514 5116 4515
f 4515 5116 5115
f 4515 5115 4516
f 4516 5115 5114
f 4516 5114 4517
f 4552 5079 4553
f 4553 5079 5078
f 4553 5078 4554
f 4554 5078 5077
f 4554 5077 4555
f 4555 5077 5076
f 4555 5076 4556
f 4556 5076 5075
f 4556 5075 4557
f 4557 5075 5074
f 4557 5074 4558
f 4558 5074 5073
f 4558 5073 4559
f 4559 5073 5072
f 4559 5072 4560
f 4560 5072 5071
f 4560 5071 4561
f 4561 5071 5070
f 4561 5070 4562
f 4562 5070 5069
f 4562 5069 4563
f 4563 5069 5068
f 4563 5068 4564
f 4564 5068 5067
f 4564 5067 4565
f 4565 5067 5066
f 4565 5066 4566
f 4566 5066 5065
f 4612 4611 5019
f 5019 4611 5020
f 5020 4611 4610
f 5020 4610 5021
f 5021 4610 4609
f 5021 4609 5022
f 5022 4609 4608
f 5022 4608 5023
f 5023 4608 4607
f 5023 4607 5024
f 5024 4607 4606
f 5024 4606 5025
f 5025 4606 4605
f 5025 4605 5026
f 5026 4605 4604
f 5026 4604 5027
f 5027 4604 4603
f 5027 4603 5028
f 5028 4603 4602
f 5028 4602 5029
f 5029 4602 4601
f 5029 4601 5030
f 5030 4601 4600
f 5030 4600 5031
f 5031 4600 4599
f 5031 4599 5032
f 5032 4599 4598
f 5032 4598 5033
f 5057 5056 4574
f 4574 5056 4575
f 4575 5056 5055
f 4575 5055 4576
f 4576 5055 5054
f 4576 5054 4577
f 4577 5054 5053
f 4577 5053 4578
f 4578 5053 5052
f 4578 5052 4579
f 4579 5052 5051
f 4579 5051 4580
f 4580 5051 4581
f 4581 5051 5050
f 4581 5050 4582
f 4582 5050 5049
f 4582 5049 4583
f 4583 5049 5048
f 4583 5048 4584
f 4584 5048 5047
f 4584 5047 4585
f 4585 5047 5046
f 4585 5046 4586
f 4586 5046 5045
f 5065 5064 4566
f 4566 5064 4567
f 4567 5064 5063
f 4567 5063 4568
f 4568 5063 5062
f 4568 5062 4569
f 4569 5062 5061
f 4569 5061 4570
f 4570 5061 4571
f 4571 5061 5060
f 4571 5060 4572
f 4572 5060 5059
f 4572 5059 4573
f 4573 5059 5058
f 4573 5058 4574
f 4574 5058 5057
f 5045 5044 4586
f 4586 5044 4587
f 4587 5044 5043
f 4587 5043 4588
f 4588 5043 5042
f 4588 5042 4589
f 4589 5042 5041
f 4589 5041 4590
f 4590 5041 5040
f 4590 5040 4591
f 4591 5040 5039
f 4591 5039 4592
f 4592 5039 4593
f 4593 5039 5038
f 4593 5038 4594
f 4594 5038 5037
f 4594 5037 4595
f 4595 5037 5036
f 4595 5036 4596
f 4596 5036 5035
f 4596 5035 4597
f 4597 5035 5034
f 4597 5034 4598
f 4598 5034 5033
f 4484 5147 4485
f 4485 5147 5146
f 4485 5146 4486
f 4486 5146 5145
f 4486 5145 4487
f 4487 5145 5144
f 4487 5144 4488
f 4488 5144 5143
f 4488 5143 4489
f 4489 5143 5142
f 4489 5142 4490
f 4490 5142 5141
f 4490 5141 4491
f 4491 5141 5140
f 4491 5140 4492
f 4492 5140 5139
f 4492 5139 5138
f 4492 5138 4493
f 4493 5138 5137
f 4493 5137 4494
f 4494 5137 5136
f 4494 5136 4495
f 4495 5136 5135
f 4495 5135 4496
f 4496 5135 5134
f 4496 5134 4497
f 4497 5134 5133
f 4497 5133 4498
f 4498 5133 5132
f 4498 5132 4499
f 4499 5132 5131
f 4499 5131 4500
f 4981 4716 4945
f 4945 4716 4715
f 4945 4715 4751
f 4716 4981 4717
f 4717 4981 4980
f 4717 4980 4718
f 4718 4980 4979
f 4718 4979 4719
f 4719 4979 4978
f 4719 4978 4720
f 4720 4978 4977
f 4720 4977 4721
f 4721 4977 4976
f 4721 4976 4722
f 4722 4976 4975
f 4722 4975 4723
f 4723 4975 4974
f 4723 4974 4724
f 4724 4974 4973
f 4724 4973 4725
f 4725 4973 4972
f 4725 4972 4726
f 4726 4972 4971
f 4726 4971 4727
f 4727 4971 4970
f 4727 4970 4728
f 4728 4970 4969
f 4728 4969 4729
f 4729 4969 4968
f 4729 4968 4730
f 4730 4968 4967
f 4730 4967 4731
f 4731 4967 4966
f 4731 4966 4732
f 4732 4966 4965
f 4732 4965 4733
f 4733 4965 4964
f 4733 4964 4734
f 4734 4964 4963
f 4734 4963 4962
f 4734 4962 4735
f 4735 4962 4961
f 4735 4961 4736
f 4736 4961 4960
f 4736 4960 4737
f 4737 4960 4959
f 4737 4959 4738
f 4738 4959 4958
f 4738 4958 4739
f 4739 4958 4957
f 4739 4957 4740
f 4740 4957 4956
f 4740 4956 4741
f 4741 4956 4955
f 4741 4955 4742
f 4742 4955 4954
f 4742 4954 4743
f 4743 4954 4953
f 4743 4953 4744
f 4744 4953 4952
f 4744 4952 4745
f 4745 4952 4951
f 4745 4951 4746
f 4746 4951 4950
f 4746 4950 4747
f 4747 4950 4949
f 4747 4949 4748
f 4748 4949 4948
f 4748 4948 4749
f 4749 4948 4947
f 4749 4947 4750
f 4750 4947 4946
f 4750 4946 4751
f 4751 4946 4945
f 4944 4679 4908
f 4908 4679 4678
f 4908 4678 4714
f 4679 4944 4680
f 4680 4944 4943
f 4680 4943 4681
f 4681 4943 4942
f 4681 4942 4682
f 4682 4942 4941
f 4682 4941 4683
f 4683 4941 4940
f 4683 4940 4684
f 4684 4940 4939
f 4684 4939 4685
f 4685 4939 4938
f 4685 4938 4686
f 4686 4938 4937
f 4686 4937 4687
f 4687 4937 4936
f 4687 4936 4688
f 4688 4936 4935
f 4688 4935 4689
f 4689 4935 4934
f 4689 4934 4690
f 4690 4934 4933
f 4690 4933 4691
f 4691 4933 4932
f 4691 4932 4692
f 4692 4932 4931
f 4692 4931 4693
f 4693 4931 4930
f 4693 4930 4694
f 4694 4930 4929
f 4694 4929 4695
f 4695 4929 4928
f 4695 4928 4696
f 4696 4928 4927
f 4696 4927 4697
f 4697 4927 4926
f 4697 4926 4925
f 4697 4925 4698
f 4698 4925 4924
f 4698 4924 4699
f 4699 4924 4923
f 4699 4923 4700
f 4700 4923 4922
f 4700 4922 4701
f 4701 4922 4921
f 4701 4921 4702
f 4702 4921 4920
f 4702 4920 4703
f 4703 4920 4919
f 4703 4919 4704
f 4704 4919 4918
f 4704 4918 4705
f 4705 4918 4917
f 4705 4917 4706
f 4706 4917 4916
f 4706 4916 4707
f 4707 4916 4915
f 4707 4915 4708
f 4708 4915 4914
f 4708 4914 4709
f 4709 4914 4913
f 4709 4913 4710
f 4710 4913 4912
f 4710 4912 4711
f 4711 4912 4911
f 4711 4911 4712
f 4712 4911 4910
f 4712 4910 4713
f 4713 4910 4909
f 4713 4909 4714
f 4714 4909 4908
f 4518 5113 4519
f 4519 5113 5112
f 4519 5112 4520
f 4520 5112 5111
f 4520 5111 4521
f 4521 5111 5110
f 4521 5110 4522
f 4522 5110 5109
f 4522 5109 4523
f 4523 5109 5108
f 4523 5108 4524
f 4524 5108 5107
f 4524 5107 4525
f 4525 5107 5106
f 4525 5106 4526
f 4526 5106 5105
f 4526 5105 5104
f 4526 5104 4527
f 4527 5104 5103
f 4527 5103 4528
f 4528 5103 5102
f 4528 5102 4529
f 4529 5102 5101
f 4529 5101 4530
f 4530 5101 5100
f 4530 5100 4531
f 4531 5100 5099
f 4531 5099 4532
f 4532 5099 5098
f 4532 5098 4533
f 4533 5098 5097
f 4533 5097 4534
f 4535 5096 4536
f 4536 5096 5095
f 4536 5095 4537
f 4537 5095 5094
f 4537 5094 4538
f 4538 5094 5093
f 4538 5093 4539
f 4539 5093 5092
f 4539 5092 4540
f 4540 5092 5091
f 4540 5091 4541
f 4541 5091 5090
f 4541 5090 4542
f 4542 5090 5089
f 4542 5089 4543
f 4543 5089 5088
f 4543 5088 5087
f 4543 5087 4544
f 4544 5087 5086
f 4544 5086 4545
f 4545 5086 5085
f 4545 5085 4546
f 4546 5085 5084
f 4546 5084 4547
f 4547 5084 5083
f 4547 5083 4548
f 4548 5083 5082
f 4548 5082 4549
f 4549 5082 5081
f 4549 5081 4550
f 4550 5081 5080
f 4550 5080 4551
f 4467 5164 4468
f 4468 5164 5163
f 4468 5163 4469
f 4469 5163 5162
f 4469 5162 4470
f 4470 5162 5161
f 4470 5161 4471
f 4471 5161 5160
f 4471 5160 4472
f 4472 5160 5159
f 4472 5159 4473
f 4473 5159 5158
f 4473 5158 4474
f 4474 5158 5157
f 4474 5157 4475
f 4475 5157 5156
f 4475 5156 5155
f 4475 5155 4476
f 4476 5155 5154
f 4476 5154 4477
f 4477 5154 5153
f 4477 5153 4478
f 4478 5153 5152
f 4478 5152 4479
f 4479 5152 5151
f 4479 5151 4480
f 4480 5151 5150
f 4480 5150 4481
f 4481 5150 5149
f 4481 5149 4482
f 4482 5149 5148
f 4482 5148 4483
f 4907 4642 4871
f 4871 4642 4641
f 4871 4641 4677
f 4642 4907 4643
f 4643 4907 4906
f 4643 4906 4644
f 4644 4906 4905
f 4644 4905 4645
f 4645 4905 4904
f 4645 4904 4646
f 4646 4904 4903
f 4646 4903 4647
f 4647 4903 4902
f 4647 4902 4648
f 4648 4902 4901
f 4648 4901 4649
f 4649 4901 4900
f 4649 4900 4650
f 4650 4900 4899
f 4650 4899 4651
f 4651 4899 4898
f 4651 4898 4652
f 4652 4898 4897
f 4652 4897 4653
f 4653 4897 4896
f 4653 4896 4654
f 4654 4896 4895
f 4654 4895 4655
f 4655 4895 4894
f 4655 4894 4656
f 4656 4894 4893
f 4656 4893 4657
f 4657 4893 4892
f 4657 4892 4658
f 4658 4892 4891
f 4658 4891 4659
f 4659 4891 4890
f 4659 4890 4660
f 4660 4890 4889
f 4660 4889 4888
f 4660 4888 4661
f 4661 4888 4887
f 4661 4887 4662
f 4662 4887 4886
f 4662 4886 4663
f 4663 4886 4885
f 4663 4885 4664
f 4664 4885 4884
f 4664 4884 4665
f 4665 4884 4883
f 4665 4883 4666
f 4666 4883 4882
f 4666 4882 4667
f 4667 4882 4881
f 4667 4881 4668
f 4668 4881 4880
f 4668 4880 4669
f 4669 4880 4879
f 4669 4879 4670
f 4670 4879 4878
f 4670 4878 4671
f 4671 4878 4877
f 4671 4877 4672
f 4672 4877 4876
f 4672 4876 4673
f 4673 4876 4875
f 4673 4875 4674
f 4674 4875 4874
f 4674 4874 4675
f 4675 4874 4873
f 4675 4873 4676
f 4676 4873 4872
f 4676 4872 4677
f 4677 4872 4871
f 5164 4467 5165
f 5165 4467 4466
f 4534 5097 4535
f 4535 5097 5096
f 4517 5114 4518
f 4518 5114 5113
f 5147 4484 5148
f 5148 4484 4483
f 4613 4612 4844
f 4844 4612 5019
f 4552 4551 5079
f 5079 4551 5080
f 5167 5168 5170
f 5170 5168 5169
f 5168 5171 5169
f 5169 5171 5172
f 5171 5173 5172
f 5172 5173 5174
f 5170 5174 5167
f 5167 5174 5173
f 5174 5170 5176
f 5176 5170 5175
f 5170 5169 5175
f 5175 5169 5177
f 5179 5497 5178
f 5178 5497 5498
f 5178 5498 5240
f 5240 5498 5499
f 5240 5499 5239
f 5239 5499 5500
f 5239 5500 5238
f 5238 5500 5237
f 5237 5500 5501
f 5237 5501 5236
f 5236 5501 5502
f 5236 5502 5235
f 5235 5502 5503
f 5235 5503 5234
f 5234 5503 5504
f 5234 5504 5233
f 5233 5504 5505
f 5233 5505 5506
f 5497 5179 5165
f 5165 5179 5180
f 5165 5180 5181
f 5181 5182 5165
f 5165 5182 4465
f 4465 5182 5183
f 4465 5183 5184
f 5184 5185 4465
f 4465 5185 5186
f 4465 5186 5187
f 5187 5188 4465
f 4465 5188 5189
f 4465 5189 5190
f 5190 5191 4465
f 4465 5191 5192
f 4465 5192 5193
f 5193 5194 4465
f 4465 5194 5593
f 4465 5593 5594
f 5593 5194 5592
f 5592 5194 5195
f 5592 5195 5196
f 5592 5196 5591
f 5591 5196 5197
f 5591 5197 5590
f 5590 5197 5198
f 5590 5198 5199
f 5590 5199 5589
f 5589 5199 5200
f 5589 5200 5201
f 5589 5201 5588
f 5588 5201 5202
f 5588 5202 5203
f 5588 5203 5587
f 5587 5203 5204
f 5587 5204 5205
f 5587 5205 5586
f 5586 5205 5206
f 5586 5206 5207
f 5586 5207 5585
f 5585 5207 5208
f 5585 5208 5584
f 5584 5208 5209
f 5584 5209 5210
f 5584 5210 5583
f 5583 5210 5211
f 5583 5211 5212
f 5583 5212 5582
f 5582 5212 5213
f 5582 5213 5214
f 5582 5214 5581
f 5581 5214 5215
f 5581 5215 5216
f 5581 5216 5580
f 5580 5216 5217
f 5580 5217 5218
f 5580 5218 5579
f 5579 5218 5219
f 5579 5219 5220
f 5221 5522 5220
f 5220 5522 5523
f 5220 5523 5579
f 5579 5523 5524
f 5579 5524 5525
f 5222 5520 5221
f 5221 5520 5521
f 5221 5521 5522
f 5223 5518 5222
f 5222 5518 5519
f 5222 5519 5520
f 5224 5516 5223
f 5223 5516 5517
f 5223 5517 5518
f 5516 5224 5515
f 5515 5224 5225
f 5515 5225 5514
f 5514 5225 5226
f 5514 5226 5513
f 5513 5226 5227
f 5513 5227 5512
f 5512 5227 5511
f 5511 5227 5228
f 5511 5228 5510
f 5510 5228 5229
f 5510 5229 5509
f 5509 5229 5230
f 5509 5230 5508
f 5508 5230 5231
f 5508 5231 5507
f 5507 5231 5232
f 5507 5232 5506
f 5506 5232 5233
f 4466 5171 5165
f 5165 5171 5168
f 5165 5168 5408
f 5408 5168 5407
f 5407 5168 5406
f 5406 5168 5405
f 5405 5168 5404
f 5404 5168 5403
f 5403 5168 5402
f 5402 5168 5401
f 5401 5168 5400
f 5400 5168 5167
f 5400 5167 5399
f 5399 5167 5398
f 5398 5167 5397
f 5397 5167 5396
f 5396 5167 5395
f 5395 5167 5343
f 5395 5343 5344
f 4465 5315 4466
f 4466 5315 5316
f 4466 5316 5171
f 5171 5316 5317
f 5171 5317 5318
f 5241 5242 5606
f 5606 5242 5256
f 5606 5256 5257
f 5256 5242 5255
f 5255 5242 5243
f 5255 5243 5254
f 5254 5243 5244
f 5254 5244 5253
f 5253 5244 5252
f 5252 5244 5245
f 5252 5245 5251
f 5251 5245 5246
f 5251 5246 5250
f 5250 5246 5247
f 5250 5247 5248
f 5248 5249 5250
f 5257 5258 5606
f 5606 5258 5259
f 5606 5259 5260
f 5260 5261 5606
f 5606 5261 5605
f 5605 5261 5262
f 5605 5262 5263
f 5263 5264 5605
f 5605 5264 5604
f 5604 5264 5265
f 5604 5265 5266
f 5266 5267 5604
f 5604 5267 5268
f 5604 5268 5603
f 5603 5268 5269
f 5603 5269 5270
f 5270 5271 5603
f 5603 5271 5272
f 5603 5272 5273
f 5603 5273 5602
f 5602 5273 5274
f 5602 5274 5275
f 5275 5276 5602
f 5602 5276 5277
f 5602 5277 5278
f 5278 5279 5602
f 5602 5279 5601
f 5601 5279 5280
f 5601 5280 5281
f 5281 5282 5601
f 5601 5282 5283
f 5601 5283 5284
f 5284 5285 5601
f 5601 5285 5286
f 5601 5286 5287
f 5601 5287 5600
f 5600 5287 5288
f 5600 5288 5289
f 5289 5290 5600
f 5600 5290 5291
f 5600 5291 5292
f 5600 5292 5599
f 5599 5292 5293
f 5599 5293 5294
f 5294 5295 5599
f 5599 5295 5598
f 5598 5295 5296
f 5598 5296 5297
f 5297 5298 5598
f 5598 5298 5299
f 5598 5299 5597
f 5597 5299 5300
f 5597 5300 5301
f 5301 5302 5597
f 5597 5302 5596
f 5596 5302 5303
f 5596 5303 5304
f 5596 5304 5595
f 5595 5304 5305
f 5595 5305 4465
f 4465 5305 5306
f 4465 5306 5307
f 5307 5308 4465
f 4465 5308 5309
f 4465 5309 5310
f 5310 5311 4465
f 4465 5311 5312
f 4465 5312 5313
f 5313 5314 4465
f 4465 5314 5315
f 5171 5318 5173
f 5173 5318 5319
f 5173 5319 5320
f 5320 5321 5173
f 5173 5321 5322
f 5173 5322 5323
f 5323 5324 5173
f 5173 5324 5325
f 5173 5325 5326
f 5326 5327 5173
f 5173 5327 5328
f 5173 5328 5329
f 5329 5330 5173
f 5173 5330 5167
f 5167 5330 5331
f 5167 5331 5332
f 5332 5333 5167
f 5167 5333 5334
f 5167 5334 5335
f 5335 5336 5167
f 5167 5336 5337
f 5167 5337 5338
f 5338 5339 5167
f 5167 5339 5340
f 5167 5340 5341
f 5341 5342 5167
f 5167 5342 5343
f 5344 5345 5395
f 5395 5345 5346
f 5395 5346 5347
f 5347 5348 5395
f 5395 5348 5349
f 5395 5349 5350
f 5350 5351 5395
f 5395 5351 5394
f 5394 5351 5352
f 5394 5352 5353
f 5353 5354 5394
f 5394 5354 5355
f 5394 5355 5356
f 5356 5357 5394
f 5394 5357 5393
f 5393 5357 5358
f 5393 5358 5359
f 5359 5360 5393
f 5393 5360 5361
f 5393 5361 5362
f 5393 5362 5392
f 5392 5362 5363
f 5392 5363 5364
f 5364 5365 5392
f 5392 5365 5366
f 5392 5366 5391
f 5391 5366 5367
f 5391 5367 5368
f 5368 5369 5391
f 5391 5369 5390
f 5390 5369 5370
f 5390 5370 5371
f 5371 5372 5390
f 5390 5372 5373
f 5390 5373 5374
f 5390 5374 5388
f 5388 5374 5375
f 5388 5375 5387
f 5387 5375 5376
f 5387 5376 5386
f 5386 5376 5377
f 5386 5377 5378
f 5386 5378 5385
f 5385 5378 5379
f 5385 5379 5384
f 5384 5379 5380
f 5384 5380 5383
f 5383 5380 5382
f 5382 5380 5381
f 5388 5389 5390
f 5408 5409 5165
f 5165 5409 5410
f 5165 5410 5411
f 5411 5412 5165
f 5165 5412 5488
f 5165 5488 5489
f 5412 5413 5488
f 5488 5413 5487
f 5487 5413 5486
f 5486 5413 5485
f 5485 5413 5414
f 5485 5414 5484
f 5484 5414 5483
f 5483 5414 5482
f 5482 5414 5415
f 5482 5415 5481
f 5481 5415 5480
f 5480 5415 5479
f 5479 5415 5416
f 5479 5416 5478
f 5478 5416 5477
f 5477 5416 5476
f 5476 5416 5475
f 5475 5416 5417
f 5475 5417 5474
f 5474 5417 5473
f 5473 5417 5472
f 5472 5417 5471
f 5471 5417 5418
f 5471 5418 5470
f 5470 5418 5469
f 5469 5418 5468
f 5468 5418 5467
f 5467 5418 5466
f 5466 5418 5465
f 5465 5418 5464
f 5464 5418 5463
f 5463 5418 5419
f 5463 5419 5462
f 5462 5419 5461
f 5461 5419 5460
f 5460 5419 5459
f 5459 5419 5458
f 5458 5419 5457
f 5457 5419 5456
f 5456 5419 5420
f 5456 5420 5455
f 5455 5420 5454
f 5454 5420 5453
f 5453 5420 5452
f 5452 5420 5421
f 5452 5421 5451
f 5451 5421 5450
f 5450 5421 5449
f 5449 5421 5448
f 5448 5421 5422
f 5448 5422 5447
f 5447 5422 5446
f 5446 5422 5445
f 5445 5422 5423
f 5445 5423 5444
f 5444 5423 5443
f 5443 5423 5442
f 5442 5423 5441
f 5441 5423 5440
f 5440 5423 5439
f 5439 5423 5424
f 5439 5424 5425
f 5426 5437 5425
f 5425 5437 5438
f 5425 5438 5439
f 5437 5426 5436
f 5436 5426 5427
f 5436 5427 5435
f 5435 5427 5428
f 5435 5428 5434
f 5434 5428 5429
f 5434 5429 5433
f 5433 5429 5430
f 5433 5430 5431
f 5431 5432 5433
f 5489 5490 5165
f 5165 5490 5491
f 5165 5491 5492
f 5492 5493 5165
f 5165 5493 5494
f 5165 5494 5495
f 5495 5496 5165
f 5165 5496 5497
f 5579 5525 5578
f 5578 5525 5526
f 5578 5526 5527
f 5527 5528 5578
f 5578 5528 5529
f 5578 5529 5530
f 5530 5531 5578
f 5578 5531 5532
f 5578 5532 5533
f 5578 5533 5577
f 5577 5533 5534
f 5577 5534 5535
f 5535 5536 5577
f 5577 5536 5537
f 5577 5537 5538
f 5538 5539 5577
f 5577 5539 5540
f 5577 5540 5576
f 5576 5540 5541
f 5576 5541 5542
f 5542 5543 5576
f 5576 5543 5544
f 5576 5544 5575
f 5575 5544 5545
f 5575 5545 5546
f 5546 5547 5575
f 5575 5547 5548
f 5575 5548 5574
f 5574 5548 5549
f 5574 5549 5550
f 5550 5551 5574
f 5574 5551 5573
f 5573 5551 5552
f 5573 5552 5553
f 5553 5554 5573
f 5573 5554 5555
f 5573 5555 5556
f 5556 5557 5573
f 5573 5557 5572
f 5572 5557 5571
f 5571 5557 5558
f 5571 5558 5559
f 5571 5559 5570
f 5570 5559 5560
f 5570 5560 5569
f 5569 5560 5561
f 5569 5561 5568
f 5568 5561 5562
f 5568 5562 5567
f 5567 5562 5563
f 5567 5563 5566
f 5566 5563 5565
f 5565 5563 5564
f 5594 5595 4465
f 5608 5179 5607
f 5607 5179 5178
f 5607 5178 5240
f 5179 5608 5180
f 5180 5608 5609
f 5180 5609 5181
f 5181 5609 5610
f 5181 5610 5182
f 5182 5610 5611
f 5182 5611 5183
f 5183 5611 5612
f 5183 5612 5184
f 5184 5612 5613
f 5184 5613 5185
f 5185 5613 5614
f 5185 5614 5186
f 5186 5614 5187
f 5187 5614 5615
f 5187 5615 5188
f 5188 5615 5616
f 5188 5616 5189
f 5189 5616 5617
f 5189 5617 5190
f 5190 5617 5618
f 5190 5618 5191
f 5191 5618 5619
f 5191 5619 5192
f 5192 5619 5620
f 5192 5620 5193
f 5193 5620 5621
f 5193 5621 5194
f 5194 5621 5195
f 5195 5621 5622
f 5195 5622 5196
f 5196 5622 5623
f 5196 5623 5197
f 5197 5623 5624
f 5197 5624 5198
f 5198 5624 5625
f 5198 5625 5199
f 5199 5625 5626
f 5199 5626 5200
f 5200 5626 5627
f 5200 5627 5201
f 5201 5627 5628
f 5201 5628 5202
f 5202 5628 5203
f 5203 5628 5629
f 5203 5629 5204
f 5204 5629 5630
f 5204 5630 5205
f 5205 5630 5631
f 5205 5631 5206
f 5206 5631 5632
f 5206 5632 5207
f 5207 5632 5633
f 5207 5633 5208
f 5208 5633 5634
f 5208 5634 5209
f 5209 5634 5635
f 5209 5635 5210
f 5210 5635 5211
f 5211 5635 5636
f 5211 5636 5212
f 5212 5636 5637
f 5212 5637 5213
f 5213 5637 5638
f 5213 5638 5214
f 5214 5638 5639
f 5214 5639 5215
f 5215 5639 5640
f 5215 5640 5216
f 5216 5640 5641
f 5216 5641 5217
f 5217 5641 5218
f 5218 5641 5642
f 5218 5642 5219
f 5219 5642 5643
f 5219 5643 5220
f 5220 5643 5644
f 5220 5644 5221
f 5221 5644 5645
f 5221 5645 5222
f 5222 5645 5646
f 5222 5646 5223
f 5223 5646 5647
f 5223 5647 5224
f 5224 5647 5648
f 5224 5648 5225
f 5225 5648 5226
f 5226 5648 5649
f 5226 5649 5227
f 5227 5649 5650
f 5227 5650 5228
f 5228 5650 5651
f 5228 5651 5229
f 5229 5651 5652
f 5229 5652 5230
f 5230 5652 5653
f 5230 5653 5231
f 5231 5653 5654
f 5231 5654 5232
f 5232 5654 5655
f 5232 5655 5233
f 5233 5655 5234
f 5234 5655 5656
f 5234 5656 5235
f 5235 5656 5657
f 5235 5657 5236
f 5236 5657 5658
f 5236 5658 5237
f 5237 5658 5659
f 5237 5659 5238
f 5238 5659 5660
f 5238 5660 5239
f 5239 5660 5661
f 5239 5661 5240
f 5240 5661 5607
f 5663 5608 5662
f 5662 5608 5607
f 5662 5607 5716
f 5716 5607 5661
f 5716 5661 5715
f 5715 5661 5660
f 5715 5660 5714
f 5714 5660 5659
f 5714 5659 5713
f 5713 5659 5658
f 5713 5658 5712
f 5712 5658 5657
f 5712 5657 5711
f 5711 5657 5656
f 5711 5656 5710
f 5710 5656 5655
f 5710 5655 5709
f 5709 5655 5654
f 5709 5654 5708
f 5708 5654 5653
f 5708 5653 5707
f 5707 5653 5652
f 5707 5652 5706
f 5706 5652 5651
f 5706 5651 5705
f 5705 5651 5650
f 5705 5650 5704
f 5704 5650 5649
f 5704 5649 5703
f 5703 5649 5648
f 5703 5648 5702
f 5702 5648 5647
f 5702 5647 5701
f 5701 5647 5646
f 5701 5646 5700
f 5700 5646 5645
f 5700 5645 5699
f 5699 5645 5644
f 5699 5644 5698
f 5698 5644 5643
f 5698 5643 5697
f 5697 5643 5642
f 5697 5642 5696
f 5696 5642 5641
f 5696 5641 5695
f 5695 5641 5640
f 5695 5640 5694
f 5694 5640 5639
f 5694 5639 5693
f 5693 5639 5638
f 5693 5638 5692
f 5692 5638 5637
f 5692 5637 5691
f 5691 5637 5636
f 5691 5636 5690
f 5690 5636 5635
f 5690 5635 5689
f 5689 5635 5634
f 5689 5634 5688
f 5688 5634 5633
f 5688 5633 5687
f 5687 5633 5632
f 5687 5632 5686
f 5686 5632 5631
f 5686 5631 5685
f 5685 5631 5630
f 5685 5630 5684
f 5684 5630 5629
f 5684 5629 5683
f 5683 5629 5628
f 5683 5628 5682
f 5682 5628 5627
f 5682 5627 5681
f 5681 5627 5626
f 5681 5626 5680
f 5680 5626 5625
f 5680 5625 5679
f 5679 5625 5624
f 5679 5624 5678
f 5678 5624 5623
f 5678 5623 5677
f 5677 5623 5622
f 5677 5622 5676
f 5676 5622 5621
f 5676 5621 5675
f 5675 5621 5620
f 5675 5620 5674
f 5674 5620 5619
f 5674 5619 5673
f 5673 5619 5618
f 5673 5618 5672
f 5672 5618 5617
f 5672 5617 5671
f 5671 5617 5616
f 5671 5616 5670
f 5670 5616 5615
f 5670 5615 5669
f 5669 5615 5614
f 5669 5614 5668
f 5668 5614 5613
f 5668 5613 5667
f 5667 5613 5612
f 5667 5612 5666
f 5666 5612 5611
f 5666 5611 5665
f 5665 5611 5610
f 5665 5610 5664
f 5664 5610 5609
f 5664 5609 5663
f 5663 5609 5608
f 5739 5717 5743
f 5743 5717 5718
f 5743 5718 5719
f 5743 5719 5722
f 5722 5719 5720
f 5722 5720 5721
f 5722 5723 5743
f 5743 5723 5742
f 5743 5742 5739
f 5739 5742 5738
f 5738 5742 5741
f 5738 5741 5744
f 5744 5741 5724
f 5744 5724 5725
f 5742 5723 5741
f 5741 5723 5724
f 5744 5725 5745
f 5745 5725 5726
f 5745 5726 5746
f 5746 5726 5727
f 5746 5727 5747
f 5747 5727 5740
f 5747 5740 5733
f 5733 5740 5732
f 5732 5740 5748
f 5732 5748 5731
f 5731 5748 5730
f 5730 5748 5728
f 5730 5728 5729
f 5727 5728 5740
f 5740 5728 5748
f 5733 5734 5747
f 5747 5734 5746
f 5734 5735 5746
f 5746 5735 5745
f 5735 5736 5745
f 5745 5736 5744
f 5736 5737 5744
f 5744 5737 5738
f 5177 5913 5175
f 5175 5913 5914
f 5175 5914 5915
f 5749 151 5177
f 5177 151 232
f 5177 232 5906
f 5906 232 5905
f 5905 232 231
f 5905 231 230
f 5176 159 5749
f 5749 159 158
f 5749 158 157
f 5175 5982 5176
f 5176 5982 5983
f 5176 5983 5984
f 5716 202 5662
f 5662 202 201
f 5662 201 5663
f 5663 201 200
f 5663 200 5664
f 5664 200 199
f 5664 199 5665
f 5665 199 5666
f 5666 199 198
f 5666 198 5667
f 5667 198 197
f 5667 197 5668
f 5668 197 5669
f 5669 197 196
f 5669 196 5670
f 5670 196 195
f 5670 195 5671
f 5671 195 5672
f 5672 195 194
f 5672 194 5673
f 5673 194 193
f 5673 193 5674
f 5674 193 192
f 5674 192 5675
f 5675 192 191
f 5675 191 5676
f 5676 191 190
f 5676 190 5677
f 5677 190 6088
f 5677 6088 6089
f 202 5716 203
f 203 5716 5715
f 203 5715 5714
f 203 5714 204
f 204 5714 5713
f 204 5713 205
f 205 5713 5712
f 205 5712 206
f 206 5712 5711
f 206 5711 5810
f 5810 5711 5809
f 5809 5711 5710
f 5809 5710 5808
f 5808 5710 5709
f 5808 5709 5807
f 5807 5709 5806
f 5806 5709 5708
f 5806 5708 5805
f 5805 5708 5707
f 5805 5707 5804
f 5804 5707 5706
f 5804 5706 5803
f 5803 5706 5802
f 5802 5706 5705
f 5802 5705 5801
f 5801 5705 5704
f 5801 5704 5800
f 5800 5704 5799
f 5799 5704 5703
f 5799 5703 5798
f 5798 5703 5702
f 5798 5702 5797
f 5797 5702 5796
f 5796 5702 5701
f 5796 5701 5795
f 5795 5701 5794
f 5794 5701 5700
f 5794 5700 5793
f 5793 5700 5792
f 5792 5700 5699
f 5792 5699 5791
f 5791 5699 6100
f 5791 6100 5790
f 5790 6100 5789
f 5789 6100 5788
f 5788 6100 5787
f 5787 6100 6101
f 5787 6101 5786
f 5786 6101 5785
f 5785 6101 5784
f 5784 6101 5783
f 5783 6101 5782
f 5782 6101 5781
f 5781 6101 5780
f 5780 6101 5779
f 5779 6101 6102
f 5779 6102 5778
f 5778 6102 5777
f 5777 6102 5776
f 5776 6102 5775
f 5775 6102 5774
f 5774 6102 5773
f 5773 6102 6103
f 5773 6103 5772
f 5772 6103 5771
f 5771 6103 5770
f 5770 6103 5769
f 5769 6103 5768
f 5768 6103 6104
f 5768 6104 5767
f 5767 6104 5766
f 5766 6104 5765
f 5765 6104 5764
f 5764 6104 6105
f 5764 6105 5763
f 5763 6105 5762
f 5762 6105 5761
f 5761 6105 6106
f 5761 6106 5760
f 5760 6106 5759
f 5759 6106 5758
f 5758 6106 5757
f 5757 6106 5756
f 5756 6106 5739
f 5756 5739 5755
f 5755 5739 5738
f 5755 5738 5754
f 5754 5738 5753
f 5753 5738 5737
f 5753 5737 5752
f 5752 5737 5736
f 5752 5736 5751
f 5751 5736 5735
f 5751 5735 5750
f 5750 5735 5734
f 5750 5734 5733
f 6100 5699 6099
f 6099 5699 5698
f 6099 5698 5697
f 6099 5697 6098
f 6098 5697 5696
f 6098 5696 5695
f 6098 5695 6097
f 6097 5695 5694
f 6097 5694 5693
f 5693 5692 6097
f 6097 5692 6096
f 6096 5692 5691
f 6096 5691 5690
f 6096 5690 6095
f 6095 5690 5689
f 6095 5689 5688
f 6095 5688 6094
f 6094 5688 5687
f 6094 5687 5686
f 6094 5686 6093
f 6093 5686 5685
f 6093 5685 5684
f 6093 5684 6092
f 6092 5684 5683
f 6092 5683 5682
f 6092 5682 6091
f 6091 5682 5681
f 6091 5681 5680
f 6091 5680 6090
f 6090 5680 5679
f 6090 5679 6089
f 6089 5679 5678
f 6089 5678 5677
f 5905 230 5904
f 5904 230 229
f 5904 229 5903
f 5903 229 228
f 5903 228 5902
f 5902 228 227
f 5902 227 5901
f 5901 227 226
f 5901 226 225
f 5901 225 5900
f 5900 225 224
f 5900 224 5899
f 5899 224 5829
f 5899 5829 5830
f 224 223 5829
f 5829 223 5828
f 5828 223 5827
f 5827 223 5826
f 5826 223 222
f 5826 222 5825
f 5825 222 5824
f 5824 222 221
f 5824 221 5823
f 5823 221 5822
f 5822 221 220
f 5822 220 5821
f 5821 220 219
f 5821 219 5820
f 5820 219 5819
f 5819 219 218
f 5819 218 5818
f 5818 218 217
f 5818 217 216
f 5818 216 5817
f 5817 216 215
f 5817 215 5816
f 5816 215 214
f 5816 214 213
f 5816 213 5815
f 5815 213 212
f 5815 212 5814
f 5814 212 211
f 5814 211 210
f 5814 210 5813
f 5813 210 209
f 5813 209 5812
f 5812 209 208
f 5812 208 207
f 5812 207 5811
f 5811 207 206
f 5811 206 5810
f 6088 190 6087
f 6087 190 189
f 6087 189 188
f 6087 188 6086
f 6086 188 187
f 6086 187 6085
f 6085 187 186
f 6085 186 6084
f 6084 186 185
f 6084 185 6083
f 6083 185 184
f 6083 184 183
f 182 6011 183
f 183 6011 6012
f 183 6012 6082
f 6082 6012 6013
f 6082 6013 6014
f 181 6009 182
f 182 6009 6010
f 182 6010 6011
f 180 6007 181
f 181 6007 6008
f 181 6008 6009
f 179 6005 180
f 180 6005 6006
f 180 6006 6007
f 178 6003 179
f 179 6003 6004
f 179 6004 6005
f 6003 178 6002
f 6002 178 177
f 6002 177 6001
f 6001 177 176
f 6001 176 175
f 6001 175 6000
f 6000 175 174
f 6000 174 5999
f 5999 174 173
f 5999 173 172
f 5999 172 5998
f 5998 172 171
f 5998 171 5997
f 5997 171 170
f 5997 170 169
f 5997 169 5996
f 5996 169 168
f 5996 168 5995
f 5995 168 167
f 5995 167 166
f 5995 166 5994
f 5994 166 165
f 5994 165 5993
f 5993 165 5176
f 5993 5176 5992
f 5992 5176 5991
f 5991 5176 5990
f 5990 5176 5989
f 5989 5176 5988
f 5988 5176 5987
f 5987 5176 5986
f 5986 5176 5985
f 5985 5176 5984
f 165 164 5176
f 5176 164 163
f 5176 163 162
f 162 161 5176
f 5176 161 160
f 5176 160 159
f 157 156 5749
f 5749 156 155
f 5749 155 154
f 154 153 5749
f 5749 153 152
f 5749 152 151
f 5717 5739 6106
f 5733 5732 5750
f 5830 5831 5899
f 5899 5831 5898
f 5898 5831 5832
f 5898 5832 5833
f 5833 5834 5898
f 5898 5834 5897
f 5897 5834 5835
f 5897 5835 5836
f 5836 5837 5897
f 5897 5837 5838
f 5897 5838 5896
f 5896 5838 5839
f 5896 5839 5840
f 5840 5841 5896
f 5896 5841 5842
f 5896 5842 5843
f 5896 5843 5895
f 5895 5843 5844
f 5895 5844 5845
f 5845 5846 5895
f 5895 5846 5847
f 5895 5847 5848
f 5848 5849 5895
f 5895 5849 5850
f 5895 5850 5851
f 5895 5851 5894
f 5894 5851 5852
f 5894 5852 5853
f 5853 5854 5894
f 5894 5854 5855
f 5894 5855 5856
f 5856 5857 5894
f 5894 5857 5893
f 5893 5857 5858
f 5893 5858 5859
f 5859 5860 5893
f 5893 5860 5861
f 5893 5861 5862
f 5893 5862 5892
f 5892 5862 5863
f 5892 5863 5864
f 5864 5865 5892
f 5892 5865 5866
f 5892 5866 5891
f 5891 5866 5867
f 5891 5867 5868
f 5868 5869 5891
f 5891 5869 5890
f 5890 5869 5870
f 5890 5870 5871
f 5871 5872 5890
f 5890 5872 5873
f 5890 5873 5874
f 5890 5874 5888
f 5888 5874 5875
f 5888 5875 5887
f 5887 5875 5876
f 5887 5876 5877
f 5887 5877 5886
f 5886 5877 5878
f 5886 5878 5885
f 5885 5878 5879
f 5885 5879 5884
f 5884 5879 5880
f 5884 5880 5883
f 5883 5880 5882
f 5882 5880 5881
f 5888 5889 5890
f 5906 5907 5177
f 5177 5907 5908
f 5177 5908 5909
f 5909 5910 5177
f 5177 5910 5911
f 5177 5911 5912
f 5912 5913 5177
f 5915 5916 5175
f 5175 5916 5917
f 5175 5917 5973
f 5973 5917 5972
f 5972 5917 5971
f 5971 5917 5918
f 5971 5918 5970
f 5970 5918 5969
f 5969 5918 5968
f 5968 5918 5967
f 5967 5918 5966
f 5966 5918 5965
f 5965 5918 5964
f 5964 5918 5963
f 5963 5918 5919
f 5963 5919 5962
f 5962 5919 5961
f 5961 5919 5960
f 5960 5919 5959
f 5959 5919 5958
f 5958 5919 5957
f 5957 5919 5920
f 5957 5920 5956
f 5956 5920 5955
f 5955 5920 5954
f 5954 5920 5953
f 5953 5920 5952
f 5952 5920 5921
f 5952 5921 5951
f 5951 5921 5950
f 5950 5921 5949
f 5949 5921 5948
f 5948 5921 5922
f 5948 5922 5947
f 5947 5922 5946
f 5946 5922 5945
f 5945 5922 5923
f 5945 5923 5944
f 5944 5923 5943
f 5943 5923 5942
f 5942 5923 5941
f 5941 5923 5940
f 5940 5923 5939
f 5939 5923 5924
f 5939 5924 5925
f 5939 5925 5938
f 5938 5925 5926
f 5938 5926 5937
f 5937 5926 5927
f 5937 5927 5936
f 5936 5927 5935
f 5935 5927 5928
f 5935 5928 5934
f 5934 5928 5929
f 5934 5929 5933
f 5933 5929 5930
f 5933 5930 5931
f 5931 5932 5933
f 5973 5974 5175
f 5175 5974 5975
f 5175 5975 5976
f 5976 5977 5175
f 5175 5977 5978
f 5175 5978 5979
f 5979 5980 5175
f 5175 5980 5981
f 5175 5981 5982
f 6082 6014 6081
f 6081 6014 6015
f 6081 6015 6016
f 6016 6017 6081
f 6081 6017 6080
f 6080 6017 6018
f 6080 6018 6019
f 6019 6020 6080
f 6080 6020 6021
f 6080 6021 6079
f 6079 6021 6022
f 6079 6022 6023
f 6023 6024 6079
f 6079 6024 6025
f 6079 6025 6078
f 6078 6025 6026
f 6078 6026 6027
f 6027 6028 6078
f 6078 6028 6029
f 6078 6029 6030
f 6030 6031 6078
f 6078 6031 6032
f 6078 6032 6033
f 6078 6033 6077
f 6077 6033 6034
f 6077 6034 6035
f 6035 6036 6077
f 6077 6036 6037
f 6077 6037 6038
f 6038 6039 6077
f 6077 6039 6076
f 6076 6039 6040
f 6076 6040 6041
f 6041 6042 6076
f 6076 6042 6043
f 6076 6043 6044
f 6076 6044 6075
f 6075 6044 6045
f 6075 6045 6046
f 6046 6047 6075
f 6075 6047 6048
f 6075 6048 6074
f 6074 6048 6049
f 6074 6049 6050
f 6050 6051 6074
f 6074 6051 6073
f 6073 6051 6052
f 6073 6052 6053
f 6053 6054 6073
f 6073 6054 6055
f 6073 6055 6056
f 6056 6057 6073
f 6073 6057 6072
f 6072 6057 6071
f 6071 6057 6058
f 6071 6058 6070
f 6070 6058 6059
f 6070 6059 6069
f 6069 6059 6060
f 6069 6060 6061
f 6069 6061 6068
f 6068 6061 6062
f 6068 6062 6067
f 6067 6062 6063
f 6067 6063 6066
f 6066 6063 6065
f 6065 6063 6064
f 6082 6083 183
f 5731 5564 5732
f 5732 5564 5563
f 5732 5563 5750
f 5750 5563 5562
f 5750 5562 5561
f 5564 5731 6117
f 6117 5731 5730
f 6117 5730 6116
f 6116 5730 5729
f 6116 5729 6115
f 6115 5729 6114
f 6114 5729 6107
f 6114 6107 6113
f 6113 6107 6108
f 6113 6108 6112
f 6112 6108 6109
f 6112 6109 6111
f 6111 6109 6110
f 5750 5561 5751
f 5751 5561 5560
f 5751 5560 5752
f 5752 5560 5559
f 5752 5559 5753
f 5753 5559 5558
f 5753 5558 5754
f 5754 5558 5557
f 5754 5557 5755
f 5755 5557 5556
f 5755 5556 5756
f 5756 5556 5555
f 5756 5555 5757
f 5757 5555 5554
f 5757 5554 5758
f 5758 5554 5553
f 5758 5553 5759
f 5759 5553 5552
f 5759 5552 5760
f 5760 5552 5761
f 5761 5552 5551
f 5761 5551 5762
f 5762 5551 5550
f 5762 5550 5763
f 5763 5550 5549
f 5763 5549 5764
f 5764 5549 5548
f 5764 5548 5765
f 5765 5548 5547
f 5765 5547 5766
f 5766 5547 5546
f 5766 5546 5767
f 5767 5546 5545
f 5767 5545 5768
f 5768 5545 5544
f 5768 5544 5769
f 5769 5544 5543
f 5769 5543 5770
f 5770 5543 5542
f 5770 5542 5771
f 5771 5542 5541
f 5771 5541 5772
f 5772 5541 5540
f 5772 5540 5773
f 5773 5540 5539
f 5773 5539 5774
f 5774 5539 5538
f 5774 5538 5775
f 5775 5538 5537
f 5775 5537 5776
f 5776 5537 5536
f 5776 5536 5777
f 5777 5536 5535
f 5777 5535 5778
f 5778 5535 5534
f 5778 5534 5779
f 5779 5534 5533
f 5779 5533 5780
f 5780 5533 5532
f 5780 5532 5781
f 5781 5532 5531
f 5781 5531 5782
f 5782 5531 5530
f 5782 5530 5783
f 5783 5530 5529
f 5783 5529 5784
f 5784 5529 5528
f 5784 5528 5785
f 5785 5528 5527
f 5785 5527 5786
f 5786 5527 5526
f 5786 5526 5787
f 5787 5526 5525
f 5787 5525 5788
f 5788 5525 5524
f 5788 5524 5789
f 5789 5524 5523
f 5789 5523 5790
f 5790 5523 5522
f 5790 5522 5791
f 5791 5522 5521
f 5791 5521 5792
f 5792 5521 5520
f 5792 5520 5793
f 5793 5520 5519
f 5793 5519 5794
f 5794 5519 5518
f 5794 5518 5795
f 5795 5518 5517
f 5795 5517 5796
f 5796 5517 5516
f 5796 5516 5797
f 5797 5516 5515
f 5797 5515 5798
f 5798 5515 5514
f 5798 5514 5799
f 5799 5514 5513
f 5799 5513 5800
f 5800 5513 5512
f 5800 5512 5801
f 5801 5512 5511
f 5801 5511 5802
f 5802 5511 5510
f 5802 5510 5803
f 5803 5510 5509
f 5803 5509 5804
f 5804 5509 5508
f 5804 5508 5805
f 5805 5508 5507
f 5805 5507 5806
f 5806 5507 5506
f 5806 5506 5807
f 5807 5506 5505
f 5807 5505 5808
f 5808 5505 5504
f 5808 5504 5809
f 5809 5504 5503
f 5809 5503 5810
f 5810 5503 5502
f 5810 5502 5811
f 5811 5502 5501
f 5811 5501 5812
f 5812 5501 5500
f 5812 5500 5813
f 5813 5500 5499
f 5813 5499 5814
f 5814 5499 5498
f 5814 5498 5815
f 5815 5498 5816
f 5816 5498 5497
f 5816 5497 5817
f 5817 5497 5496
f 5817 5496 5818
f 5818 5496 5495
f 5818 5495 5819
f 5819 5495 5494
f 5819 5494 5820
f 5820 5494 5493
f 5820 5493 5821
f 5821 5493 5492
f 5821 5492 5822
f 5822 5492 5491
f 5822 5491 5823
f 5823 5491 5490
f 5823 5490 5824
f 5824 5490 5489
f 5824 5489 5825
f 5825 5489 5488
f 5825 5488 5826
f 5826 5488 5487
f 5826 5487 5827
f 5827 5487 5486
f 5827 5486 5828
f 5828 5486 5485
f 5828 5485 5829
f 5829 5485 5484
f 5829 5484 5830
f 5830 5484 5483
f 5830 5483 5831
f 5831 5483 5482
f 5831 5482 5832
f 5832 5482 5481
f 5832 5481 5833
f 5833 5481 5480
f 5833 5480 5834
f 5834 5480 5479
f 5834 5479 5835
f 5835 5479 5478
f 5835 5478 5836
f 5836 5478 5477
f 5836 5477 5837
f 5837 5477 5476
f 5837 5476 5838
f 5838 5476 5475
f 5838 5475 5839
f 5839 5475 5474
f 5839 5474 5840
f 5840 5474 5473
f 5840 5473 5841
f 5841 5473 5472
f 5841 5472 5842
f 5842 5472 5471
f 5842 5471 5843
f 5843 5471 5470
f 5843 5470 5844
f 5844 5470 5469
f 5844 5469 5845
f 5845 5469 5468
f 5845 5468 5846
f 5846 5468 5467
f 5846 5467 5847
f 5847 5467 5466
f 5847 5466 5848
f 5848 5466 5465
f 5848 5465 5849
f 5849 5465 5464
f 5849 5464 5850
f 5850 5464 5463
f 5850 5463 5851
f 5851 5463 5462
f 5851 5462 5852
f 5852 5462 5461
f 5852 5461 5853
f 5853 5461 5460
f 5853 5460 5854
f 5854 5460 5459
f 5854 5459 5855
f 5855 5459 5458
f 5855 5458 5856
f 5856 5458 5457
f 5856 5457 5857
f 5857 5457 5456
f 5857 5456 5858
f 5858 5456 5455
f 5858 5455 5859
f 5859 5455 5454
f 5859 5454 5860
f 5860 5454 5453
f 5860 5453 5861
f 5861 5453 5452
f 5861 5452 5862
f 5862 5452 5451
f 5862 5451 5863
f 5863 5451 5450
f 5863 5450 5864
f 5864 5450 5449
f 5864 5449 5865
f 5865 5449 5448
f 5865 5448 5866
f 5866 5448 5447
f 5866 5447 5867
f 5867 5447 5446
f 5867 5446 5868
f 5868 5446 5445
f 5868 5445 5869
f 5869 5445 5444
f 5869 5444 5870
f 5870 5444 5871
f 5871 5444 5443
f 5871 5443 5872
f 5872 5443 5442
f 5872 5442 5873
f 5873 5442 5441
f 5873 5441 5874
f 5874 5441 5440
f 5874 5440 5875
f 5875 5440 5439
f 5875 5439 5876
f 5876 5439 5438
f 5876 5438 5877
f 5877 5438 5437
f 5877 5437 5878
f 5878 5437 5436
f 5878 5436 5879
f 5879 5436 5435
f 5879 5435 5880
f 5880 5435 5434
f 5880 5434 5433
f 5880 5433 5881
f 5881 5433 5432
f 5881 5432 6130
f 6130 5432 6118
f 6130 6118 6129
f 6129 6118 6119
f 6129 6119 6128
f 6128 6119 6120
f 6128 6120 6121
f 6121 6122 6128
f 6128 6122 6127
f 6127 6122 6123
f 6127 6123 6126
f 6126 6123 6124
f 6126 6124 6125
f 5882 5881 6144
f 6144 5881 6130
f 6144 6130 6129
f 6128 6131 6129
f 6129 6131 6144
f 6144 6131 6145
f 6145 6131 6132
f 6145 6132 6133
f 6145 6133 6146
f 6146 6133 6134
f 6146 6134 6147
f 6147 6134 6135
f 6147 6135 6142
f 6142 6135 6136
f 6142 6136 6143
f 6143 6136 6148
f 6143 6148 5888
f 5888 6148 5889
f 5889 6148 6141
f 6141 6148 6140
f 6140 6148 6137
f 6140 6137 6139
f 6139 6137 6138
f 6136 6137 6148
f 5888 5887 6143
f 6143 5887 6142
f 6142 5887 6147
f 6147 5887 5886
f 6147 5886 5885
f 6147 5885 6146
f 6146 5885 5884
f 6146 5884 5883
f 6146 5883 6145
f 6145 5883 5882
f 6145 5882 6144
f 5242 5241 6167
f 6167 5241 6149
f 6167 6149 6150
f 6167 6150 6153
f 6153 6150 6151
f 6153 6151 6152
f 6153 6154 6167
f 6167 6154 6166
f 6167 6166 5242
f 5242 6166 5243
f 5243 6166 6165
f 5243 6165 6168
f 6168 6165 6155
f 6168 6155 6156
f 6166 6154 6165
f 6165 6154 6155
f 6157 6164 6156
f 6156 6164 6169
f 6156 6169 6168
f 6168 6169 5244
f 6168 5244 5243
f 6164 6157 6170
f 6170 6157 6158
f 6170 6158 6171
f 6171 6158 6163
f 6171 6163 5248
f 5248 6163 5249
f 5249 6163 6172
f 5249 6172 6162
f 6162 6172 6161
f 6161 6172 6159
f 6161 6159 6160
f 6158 6159 6163
f 6163 6159 6172
f 5248 5247 6171
f 6171 5247 6170
f 5247 5246 6170
f 6170 5246 6164
f 5246 5245 6164
f 6164 5245 6169
f 5245 5244 6169
f 6152 6151 6185
f 6185 6151 5606
f 6185 5606 6073
f 6151 6150 5606
f 5606 6150 6149
f 5606 6149 5241
f 6072 6183 6073
f 6073 6183 6184
f 6073 6184 6185
f 6173 6174 6072
f 6072 6174 6175
f 6072 6175 6176
f 6176 6177 6072
f 6072 6177 6181
f 6072 6181 6182
f 6177 6178 6181
f 6181 6178 6179
f 6181 6179 6180
f 6182 6183 6072
f 6186 6204 5381
f 5381 6204 6203
f 5381 6203 5382
f 5382 6203 6205
f 5382 6205 5383
f 5383 6205 6202
f 5383 6202 5384
f 5384 6202 5385
f 5385 6202 6206
f 5385 6206 5386
f 5386 6206 6207
f 5386 6207 5387
f 5387 6207 6200
f 5387 6200 6201
f 6201 6200 6194
f 6201 6194 6208
f 6208 6194 6195
f 6208 6195 6198
f 6198 6195 6197
f 6197 6195 6196
f 6186 6187 6204
f 6204 6187 6189
f 6204 6189 6203
f 6203 6189 6190
f 6203 6190 6205
f 6205 6190 6191
f 6205 6191 6202
f 6202 6191 6192
f 6202 6192 6206
f 6206 6192 6207
f 6187 6188 6189
f 6192 6193 6207
f 6207 6193 6200
f 6193 6194 6200
f 6198 6199 6208
f 6208 6199 5389
f 6208 5389 5388
f 6208 5388 6201
f 6201 5388 5387
f 5389 6199 5390
f 5390 6199 6198
f 5390 6198 6197
f 6196 6209 6197
f 6197 6209 5390
f 5390 6209 5923
f 5923 6209 6210
f 5923 6210 6211
f 5923 6211 5924
f 5924 6211 6212
f 5924 6212 6213
f 6214 6215 6213
f 6213 6215 6216
f 6213 6216 6217
f 6213 6217 5924
f 5924 6217 6218
f 5924 6218 6219
f 6219 6220 5924
f 5924 6220 6221
f 6180 6179 6237
f 6237 6179 6241
f 6237 6241 6236
f 6236 6241 6245
f 6236 6245 6235
f 6235 6245 6250
f 6235 6250 6234
f 6234 6250 6255
f 6234 6255 6233
f 6233 6255 6260
f 6233 6260 6240
f 6240 6260 6259
f 6240 6259 6264
f 6259 6258 6263
f 6263 6264 6259
f 6258 6257 6262
f 6262 6263 6258
f 6262 6257 6256
f 6256 6257 6251
f 6256 6251 6069
f 6069 6251 6070
f 6070 6251 6071
f 6071 6251 6246
f 6071 6246 6072
f 6072 6246 6173
f 6173 6246 6174
f 6174 6246 6247
f 6174 6247 6242
f 6242 6247 6248
f 6242 6248 6243
f 6243 6248 6249
f 6243 6249 6244
f 6244 6249 6250
f 6244 6250 6245
f 6179 6178 6241
f 6241 6178 6177
f 6241 6177 6245
f 6245 6177 6244
f 6177 6176 6244
f 6244 6176 6243
f 6176 6175 6243
f 6243 6175 6242
f 6175 6174 6242
f 6069 6068 6256
f 6256 6068 6261
f 6256 6261 6262
f 6262 6261 6266
f 6266 6267 6263
f 6263 6262 6266
f 6267 6268 6264
f 6264 6263 6267
f 6264 6268 6269
f 6269 6268 6239
f 6269 6239 6232
f 6232 6239 6231
f 6231 6239 6278
f 6231 6278 6238
f 6238 6278 6277
f 6238 6277 6279
f 6279 6277 6276
f 6279 6276 6280
f 6280 6276 6275
f 6280 6275 6281
f 6281 6275 6274
f 6281 6274 6282
f 6282 6274 6222
f 6282 6222 6223
f 6068 6067 6261
f 6261 6067 6265
f 6261 6265 6266
f 6266 6265 6271
f 6271 6272 6267
f 6267 6266 6271
f 6272 6273 6268
f 6268 6267 6272
f 6268 6273 6239
f 6239 6273 6278
f 6067 6066 6265
f 6265 6066 6270
f 6265 6270 6271
f 6271 6270 6275
f 6275 6276 6272
f 6272 6271 6275
f 6276 6277 6273
f 6273 6272 6276
f 6273 6277 6278
f 6066 6065 6270
f 6270 6065 6274
f 6270 6274 6275
f 6064 6222 6065
f 6065 6222 6274
f 6282 6223 6281
f 6281 6223 6224
f 6281 6224 6225
f 6281 6225 6280
f 6280 6225 6226
f 6280 6226 6279
f 6279 6226 6283
f 6279 6283 6227
f 6227 6283 6226
f 6279 6227 6284
f 6284 6227 6228
f 6284 6228 6230
f 6230 6228 6229
f 6284 6230 6238
f 6238 6230 6231
f 6269 6232 6240
f 6240 6232 6233
f 6247 6246 6252
f 6252 6246 6251
f 6252 6251 6257
f 6247 6252 6253
f 6253 6248 6247
f 6252 6257 6258
f 6258 6253 6252
f 6255 6250 6249
f 6248 6253 6254
f 6254 6249 6248
f 6253 6258 6259
f 6259 6254 6253
f 6260 6255 6254
f 6254 6255 6249
f 6259 6260 6254
f 6269 6240 6264
f 6238 6279 6284
f 6162 6064 5249
f 5249 6064 6063
f 5249 6063 5250
f 5250 6063 6062
f 5250 6062 6061
f 6064 6162 6222
f 6222 6162 6161
f 6222 6161 6223
f 6223 6161 6160
f 6223 6160 6224
f 6224 6160 6225
f 6225 6160 6285
f 6225 6285 6226
f 6226 6285 6286
f 6226 6286 6227
f 6227 6286 6287
f 6227 6287 6228
f 6228 6287 6229
f 5250 6061 5251
f 5251 6061 6060
f 5251 6060 5252
f 5252 6060 6059
f 5252 6059 5253
f 5253 6059 6058
f 5253 6058 5254
f 5254 6058 6057
f 5254 6057 5255
f 5255 6057 6056
f 5255 6056 5256
f 5256 6056 6055
f 5256 6055 5257
f 5257 6055 6054
f 5257 6054 5258
f 5258 6054 6053
f 5258 6053 5259
f 5259 6053 6052
f 5259 6052 5260
f 5260 6052 5261
f 5261 6052 6051
f 5261 6051 5262
f 5262 6051 6050
f 5262 6050 5263
f 5263 6050 6049
f 5263 6049 5264
f 5264 6049 6048
f 5264 6048 5265
f 5265 6048 6047
f 5265 6047 5266
f 5266 6047 6046
f 5266 6046 5267
f 5267 6046 6045
f 5267 6045 5268
f 5268 6045 6044
f 5268 6044 5269
f 5269 6044 6043
f 5269 6043 5270
f 5270 6043 6042
f 5270 6042 5271
f 5271 6042 6041
f 5271 6041 5272
f 5272 6041 6040
f 5272 6040 5273
f 5273 6040 6039
f 5273 6039 5274
f 5274 6039 6038
f 5274 6038 5275
f 5275 6038 6037
f 5275 6037 5276
f 5276 6037 6036
f 5276 6036 5277
f 5277 6036 6035
f 5277 6035 5278
f 5278 6035 6034
f 5278 6034 5279
f 5279 6034 6033
f 5279 6033 5280
f 5280 6033 6032
f 5280 6032 5281
f 5281 6032 6031
f 5281 6031 5282
f 5282 6031 6030
f 5282 6030 5283
f 5283 6030 6029
f 5283 6029 5284
f 5284 6029 6028
f 5284 6028 5285
f 5285 6028 6027
f 5285 6027 5286
f 5286 6027 6026
f 5286 6026 5287
f 5287 6026 6025
f 5287 6025 5288
f 5288 6025 6024
f 5288 6024 5289
f 5289 6024 6023
f 5289 6023 5290
f 5290 6023 6022
f 5290 6022 5291
f 5291 6022 6021
f 5291 6021 5292
f 5292 6021 6020
f 5292 6020 5293
f 5293 6020 6019
f 5293 6019 5294
f 5294 6019 6018
f 5294 6018 5295
f 5295 6018 6017
f 5295 6017 5296
f 5296 6017 6016
f 5296 6016 5297
f 5297 6016 6015
f 5297 6015 5298
f 5298 6015 6014
f 5298 6014 5299
f 5299 6014 6013
f 5299 6013 5300
f 5300 6013 6012
f 5300 6012 5301
f 5301 6012 6011
f 5301 6011 5302
f 5302 6011 6010
f 5302 6010 5303
f 5303 6010 6009
f 5303 6009 5304
f 5304 6009 6008
f 5304 6008 5305
f 5305 6008 6007
f 5305 6007 5306
f 5306 6007 6006
f 5306 6006 5307
f 5307 6006 6005
f 5307 6005 5308
f 5308 6005 6004
f 5308 6004 5309
f 5309 6004 6003
f 5309 6003 5310
f 5310 6003 6002
f 5310 6002 5311
f 5311 6002 6001
f 5311 6001 5312
f 5312 6001 6000
f 5312 6000 5313
f 5313 6000 5999
f 5313 5999 5314
f 5314 5999 5998
f 5314 5998 5315
f 5315 5998 5316
f 5316 5998 5997
f 5316 5997 5317
f 5317 5997 5996
f 5317 5996 5318
f 5318 5996 5995
f 5318 5995 5319
f 5319 5995 5994
f 5319 5994 5320
f 5320 5994 5993
f 5320 5993 5321
f 5321 5993 5992
f 5321 5992 5322
f 5322 5992 5991
f 5322 5991 5323
f 5323 5991 5990
f 5323 5990 5324
f 5324 5990 5989
f 5324 5989 5325
f 5325 5989 5988
f 5325 5988 5326
f 5326 5988 5987
f 5326 5987 5327
f 5327 5987 5986
f 5327 5986 5328
f 5328 5986 5985
f 5328 5985 5329
f 5329 5985 5984
f 5329 5984 5330
f 5330 5984 5983
f 5330 5983 5331
f 5331 5983 5982
f 5331 5982 5332
f 5332 5982 5981
f 5332 5981 5333
f 5333 5981 5980
f 5333 5980 5334
f 5334 5980 5979
f 5334 5979 5335
f 5335 5979 5978
f 5335 5978 5336
f 5336 5978 5977
f 5336 5977 5337
f 5337 5977 5976
f 5337 5976 5338
f 5338 5976 5975
f 5338 5975 5339
f 5339 5975 5974
f 5339 5974 5340
f 5340 5974 5973
f 5340 5973 5341
f 5341 5973 5972
f 5341 5972 5342
f 5342 5972 5971
f 5342 5971 5343
f 5343 5971 5970
f 5343 5970 5344
f 5344 5970 5969
f 5344 5969 5345
f 5345 5969 5968
f 5345 5968 5346
f 5346 5968 5967
f 5346 5967 5347
f 5347 5967 5966
f 5347 5966 5348
f 5348 5966 5965
f 5348 5965 5349
f 5349 5965 5964
f 5349 5964 5963
f 5962 5351 5963
f 5963 5351 5350
f 5963 5350 5349
f 5351 5962 5352
f 5352 5962 5961
f 5352 5961 5353
f 5353 5961 5960
f 5353 5960 5354
f 5354 5960 5959
f 5354 5959 5355
f 5355 5959 5958
f 5355 5958 5356
f 5356 5958 5957
f 5356 5957 5357
f 5357 5957 5956
f 5357 5956 5358
f 5358 5956 5955
f 5358 5955 5359
f 5359 5955 5954
f 5359 5954 5360
f 5360 5954 5953
f 5360 5953 5361
f 5361 5953 5952
f 5361 5952 5362
f 5362 5952 5951
f 5362 5951 5363
f 5363 5951 5950
f 5363 5950 5364
f 5364 5950 5949
f 5364 5949 5365
f 5365 5949 5948
f 5365 5948 5366
f 5366 5948 5947
f 5366 5947 5367
f 5367 5947 5946
f 5367 5946 5368
f 5368 5946 5945
f 5368 5945 5369
f 5369 5945 5944
f 5369 5944 5370
f 5370 5944 5371
f 5371 5944 5943
f 5371 5943 5372
f 5372 5943 5942
f 5372 5942 5373
f 5373 5942 5941
f 5373 5941 5374
f 5374 5941 5940
f 5374 5940 5375
f 5375 5940 5939
f 5375 5939 5376
f 5376 5939 5938
f 5376 5938 5377
f 5377 5938 5937
f 5377 5937 5378
f 5378 5937 5936
f 5378 5936 5379
f 5379 5936 5935
f 5379 5935 5380
f 5380 5935 5934
f 5380 5934 5933
f 5380 5933 5381
f 5381 5933 5932
f 5381 5932 6186
f 6186 5932 6288
f 6186 6288 6187
f 6187 6288 6289
f 6187 6289 6188
f 6188 6289 6290
f 6188 6290 6291
f 6291 6292 6188
f 6188 6292 6297
f 6297 6292 6293
f 6297 6293 6296
f 6296 6293 6294
f 6296 6294 6295
f 6295 6294 6305
f 6305 6294 6318
f 6305 6318 6312
f 6312 6318 6293
f 6312 6293 6313
f 6313 6293 6292
f 6313 6292 6317
f 6317 6292 6291
f 6317 6291 6316
f 6316 6291 6315
f 6316 6315 6319
f 6319 6315 6310
f 6319 6310 6323
f 6323 6310 6322
f 6323 6322 6328
f 6328 6322 6327
f 6328 6327 6332
f 6332 6327 6331
f 6332 6331 6337
f 6337 6331 6336
f 6337 6336 6341
f 6341 6336 6340
f 6341 6340 6346
f 6346 6340 6345
f 6346 6345 6350
f 6350 6345 6349
f 6350 6349 6355
f 6355 6349 6354
f 6355 6354 6220
f 6220 6354 6221
f 6221 6354 6349
f 6221 6349 5924
f 5924 6349 5925
f 5925 6349 6345
f 5925 6345 5926
f 5926 6345 6340
f 5926 6340 5927
f 5927 6340 6336
f 5927 6336 5928
f 5928 6336 6331
f 5928 6331 5929
f 5929 6331 6327
f 5929 6327 5930
f 5930 6327 6322
f 5930 6322 5931
f 5931 6322 6310
f 5931 6310 5932
f 5932 6310 6314
f 5932 6314 6288
f 6288 6314 6289
f 6289 6314 6315
f 6289 6315 6290
f 6290 6315 6291
f 6294 6293 6318
f 6220 6219 6355
f 6355 6219 6356
f 6355 6356 6350
f 6350 6356 6351
f 6351 6347 6346
f 6346 6350 6351
f 6347 6342 6341
f 6341 6346 6347
f 6342 6338 6337
f 6337 6341 6342
f 6338 6333 6332
f 6332 6337 6338
f 6333 6329 6328
f 6328 6332 6333
f 6329 6324 6323
f 6323 6328 6329
f 6324 6320 6319
f 6319 6323 6324
f 6319 6320 6316
f 6316 6320 6317
f 6356 6219 6359
f 6359 6219 6218
f 6359 6218 6360
f 6360 6218 6217
f 6360 6217 6306
f 6306 6217 6361
f 6306 6361 6299
f 6299 6361 6298
f 6298 6361 6215
f 6298 6215 6214
f 6217 6216 6361
f 6361 6216 6215
f 6299 6300 6306
f 6306 6300 6358
f 6306 6358 6357
f 6357 6358 6352
f 6352 6351 6356
f 6356 6357 6352
f 6358 6300 6353
f 6353 6300 6301
f 6353 6301 6307
f 6307 6301 6302
f 6307 6302 6344
f 6344 6302 6308
f 6344 6308 6339
f 6339 6308 6334
f 6334 6333 6338
f 6338 6339 6334
f 6302 6303 6308
f 6308 6303 6335
f 6308 6335 6334
f 6334 6335 6330
f 6330 6329 6333
f 6333 6334 6330
f 6335 6303 6309
f 6309 6303 6304
f 6309 6304 6326
f 6326 6304 6311
f 6326 6311 6321
f 6321 6311 6312
f 6321 6312 6317
f 6317 6312 6313
f 6304 6305 6311
f 6311 6305 6312
f 6310 6315 6314
f 6321 6317 6320
f 6320 6324 6325
f 6325 6321 6320
f 6324 6329 6330
f 6330 6325 6324
f 6309 6326 6325
f 6325 6326 6321
f 6335 6309 6330
f 6330 6309 6325
f 6338 6342 6343
f 6343 6339 6338
f 6342 6347 6348
f 6348 6343 6342
f 6347 6351 6352
f 6352 6348 6347
f 6307 6344 6343
f 6343 6344 6339
f 6353 6307 6348
f 6348 6307 6343
f 6358 6353 6352
f 6352 6353 6348
f 6359 6360 6356
f 6356 6360 6357
f 6360 6306 6357
f 6362 6363 6376
f 6376 6363 6381
f 6376 6381 6385
f 6385 6381 6365
f 6385 6365 6384
f 6384 6365 6366
f 6384 6366 6383
f 6383 6366 6367
f 6383 6367 6382
f 6382 6367 6368
f 6382 6368 6387
f 6387 6368 6386
f 6387 6386 6392
f 6392 6386 6391
f 6392 6391 6397
f 6397 6391 6396
f 6397 6396 6402
f 6402 6396 6401
f 6402 6401 6406
f 6406 6401 6405
f 6406 6405 6411
f 6411 6405 6410
f 6411 6410 6415
f 6415 6410 6414
f 6415 6414 6420
f 6420 6414 6419
f 6420 6419 6116
f 6116 6419 6117
f 6117 6419 6414
f 6117 6414 5565
f 5565 6414 6410
f 5565 6410 5566
f 5566 6410 6405
f 5566 6405 5567
f 5567 6405 6401
f 5567 6401 5568
f 5568 6401 6396
f 5568 6396 5569
f 5569 6396 6391
f 5569 6391 5570
f 5570 6391 5571
f 5571 6391 6386
f 5571 6386 5572
f 5572 6386 6369
f 6369 6386 6368
f 6363 6364 6381
f 6381 6364 6365
f 5565 5564 6117
f 6116 6115 6420
f 6420 6115 6114
f 6420 6114 6421
f 6421 6114 6113
f 6421 6113 6422
f 6422 6113 6423
f 6422 6423 6378
f 6378 6423 6112
f 6378 6112 6377
f 6377 6112 6111
f 6377 6111 6370
f 6370 6111 6110
f 6113 6112 6423
f 6377 6370 6378
f 6378 6370 6371
f 6378 6371 6418
f 6418 6371 6379
f 6418 6379 6413
f 6413 6379 6408
f 6408 6407 6412
f 6412 6413 6408
f 6407 6406 6411
f 6411 6412 6407
f 6371 6372 6379
f 6379 6372 6409
f 6379 6409 6408
f 6408 6409 6404
f 6404 6403 6407
f 6407 6408 6404
f 6403 6402 6406
f 6406 6407 6403
f 6409 6372 6380
f 6380 6372 6373
f 6380 6373 6400
f 6400 6373 6395
f 6400 6395 6394
f 6394 6395 6389
f 6389 6388 6393
f 6393 6394 6389
f 6388 6387 6392
f 6392 6393 6388
f 6373 6374 6395
f 6395 6374 6390
f 6395 6390 6389
f 6389 6390 6384
f 6389 6384 6383
f 6374 6375 6390
f 6390 6375 6385
f 6390 6385 6384
f 6375 6376 6385
f 6387 6388 6382
f 6382 6388 6383
f 6388 6389 6383
f 6392 6397 6398
f 6398 6393 6392
f 6397 6402 6403
f 6403 6398 6397
f 6393 6398 6399
f 6399 6394 6393
f 6398 6403 6404
f 6404 6399 6398
f 6380 6400 6399
f 6399 6400 6394
f 6409 6380 6404
f 6404 6380 6399
f 6411 6415 6416
f 6416 6412 6411
f 6416 6415 6421
f 6421 6415 6420
f 6412 6416 6417
f 6417 6413 6412
f 6417 6416 6422
f 6422 6416 6421
f 6378 6418 6417
f 6417 6418 6413
f 6378 6417 6422
f 6125 6124 6438
f 6438 6124 6445
f 6438 6445 6444
f 6444 6445 6451
f 6444 6451 6455
f 6455 6451 6450
f 6455 6450 6454
f 6454 6450 6449
f 6454 6449 6453
f 6453 6449 6448
f 6453 6448 6452
f 6452 6448 6118
f 6452 6118 5432
f 6445 6124 6447
f 6447 6124 6123
f 6447 6123 6446
f 6446 6123 6122
f 6446 6122 6451
f 6451 6122 6121
f 6451 6121 6450
f 6450 6121 6449
f 6121 6120 6449
f 6449 6120 6119
f 6449 6119 6448
f 6448 6119 6118
f 5432 5431 6452
f 6452 5431 6456
f 6452 6456 6457
f 6457 6456 6462
f 6462 6463 6458
f 6458 6457 6462
f 6463 6464 6459
f 6459 6458 6463
f 6459 6464 6443
f 6443 6464 6469
f 6443 6469 6436
f 6436 6469 6442
f 6436 6442 6435
f 6435 6442 6478
f 6435 6478 6434
f 6434 6478 6483
f 6434 6483 6441
f 6441 6483 6482
f 6441 6482 6487
f 6482 6481 6486
f 6486 6487 6482
f 6481 6480 6485
f 6485 6486 6481
f 6485 6480 6479
f 6479 6480 6474
f 6479 6474 5426
f 5426 6474 5427
f 5427 6474 6470
f 5427 6470 5428
f 5428 6470 6465
f 5428 6465 5429
f 5429 6465 6461
f 5429 6461 5430
f 5430 6461 6456
f 5430 6456 5431
f 5426 5425 6479
f 6479 5425 6484
f 6479 6484 6485
f 6485 6484 6489
f 6485 6489 6490
f 6490 6489 6426
f 6490 6426 6493
f 6493 6426 6427
f 6493 6427 6494
f 6494 6427 6428
f 6494 6428 6440
f 6440 6428 6439
f 6440 6439 6432
f 6432 6439 6430
f 6432 6430 6431
f 5425 5424 6484
f 6484 5424 6424
f 6484 6424 6488
f 6488 6424 6425
f 6488 6425 6489
f 6489 6425 6426
f 6428 6429 6439
f 6439 6429 6430
f 6432 6433 6440
f 6440 6433 6492
f 6440 6492 6491
f 6491 6492 6487
f 6487 6486 6490
f 6490 6491 6487
f 6490 6486 6485
f 6492 6433 6441
f 6441 6433 6434
f 6436 6437 6443
f 6443 6437 6460
f 6443 6460 6459
f 6459 6460 6455
f 6455 6454 6458
f 6458 6459 6455
f 6454 6453 6457
f 6457 6458 6454
f 6457 6453 6452
f 6460 6437 6444
f 6444 6437 6438
f 6451 6445 6447
f 6451 6447 6446
f 6460 6444 6455
f 6456 6461 6462
f 6462 6461 6466
f 6466 6467 6463
f 6463 6462 6466
f 6467 6468 6464
f 6464 6463 6467
f 6464 6468 6469
f 6469 6468 6442
f 6461 6465 6466
f 6466 6465 6471
f 6471 6472 6467
f 6467 6466 6471
f 6472 6473 6468
f 6468 6467 6472
f 6468 6473 6442
f 6442 6473 6478
f 6465 6470 6471
f 6471 6470 6475
f 6475 6476 6472
f 6472 6471 6475
f 6476 6477 6473
f 6473 6472 6476
f 6473 6477 6478
f 6478 6477 6483
f 6470 6474 6475
f 6475 6474 6480
f 6480 6481 6476
f 6476 6475 6480
f 6481 6482 6477
f 6477 6476 6481
f 6477 6482 6483
f 6488 6489 6484
f 6492 6441 6487
f 6493 6494 6490
f 6490 6494 6491
f 6494 6440 6491
f 6137 6503 6138
f 6138 6503 6510
f 6138 6510 6499
f 6499 6510 6509
f 6499 6509 6498
f 6498 6509 6508
f 6498 6508 6497
f 6497 6508 6507
f 6497 6507 6542
f 6542 6507 6432
f 6542 6432 6495
f 6495 6432 6431
f 6503 6137 6511
f 6511 6137 6136
f 6511 6136 6515
f 6515 6136 6135
f 6515 6135 6519
f 6519 6135 6134
f 6519 6134 6523
f 6523 6134 6133
f 6523 6133 6527
f 6527 6133 6132
f 6527 6132 6531
f 6531 6132 6131
f 6531 6131 6500
f 6500 6131 6128
f 6500 6128 6540
f 6540 6128 6127
f 6540 6127 6539
f 6539 6127 6538
f 6539 6538 6534
f 6534 6538 6535
f 6535 6533 6532
f 6532 6534 6535
f 6533 6529 6528
f 6528 6532 6533
f 6529 6525 6524
f 6524 6528 6529
f 6525 6521 6520
f 6520 6524 6525
f 6521 6517 6516
f 6516 6520 6521
f 6517 6513 6512
f 6512 6516 6517
f 6513 6505 6504
f 6504 6512 6513
f 6504 6505 6509
f 6509 6505 6508
f 6538 6127 6541
f 6541 6127 6126
f 6541 6126 6501
f 6501 6126 6125
f 6501 6125 6438
f 6437 6502 6438
f 6438 6502 6536
f 6438 6536 6537
f 6537 6536 6535
f 6537 6535 6538
f 6502 6437 6530
f 6530 6437 6436
f 6530 6436 6526
f 6526 6436 6435
f 6526 6435 6522
f 6522 6435 6518
f 6522 6518 6517
f 6517 6518 6513
f 6435 6434 6518
f 6518 6434 6514
f 6518 6514 6513
f 6513 6514 6505
f 6434 6433 6514
f 6514 6433 6506
f 6514 6506 6505
f 6505 6506 6508
f 6506 6433 6507
f 6507 6433 6432
f 6495 6496 6542
f 6542 6496 6497
f 6438 6537 6501
f 6501 6537 6538
f 6501 6538 6541
f 6509 6510 6504
f 6504 6510 6503
f 6504 6503 6512
f 6512 6503 6511
f 6512 6511 6516
f 6516 6511 6515
f 6516 6515 6520
f 6520 6515 6519
f 6520 6519 6524
f 6524 6519 6523
f 6524 6523 6528
f 6528 6523 6527
f 6528 6527 6532
f 6532 6527 6531
f 6532 6531 6534
f 6534 6531 6500
f 6534 6500 6539
f 6539 6500 6540
f 6507 6508 6506
f 6526 6522 6521
f 6521 6522 6517
f 6530 6526 6525
f 6525 6526 6521
f 6502 6530 6529
f 6529 6530 6525
f 6536 6502 6533
f 6533 6502 6529
f 6535 6536 6533
f 5728 6552 5729
f 5729 6552 6553
f 5729 6553 6554
f 6554 6553 6564
f 6564 6565 6555
f 6555 6554 6564
f 6565 6566 6556
f 6556 6555 6565
f 6556 6566 6567
f 6567 6566 6573
f 6567 6573 6371
f 6371 6573 6372
f 6372 6573 6579
f 6372 6579 6373
f 6373 6579 6585
f 6373 6585 6591
f 6591 6585 6584
f 6591 6584 6590
f 6584 6583 6589
f 6589 6590 6584
f 6583 6582 6588
f 6588 6589 6583
f 6582 6581 6587
f 6587 6588 6582
f 6587 6581 5724
f 5724 6581 6580
f 5724 6580 5725
f 5725 6580 6581
f 5725 6581 6575
f 6581 6582 6576
f 6576 6575 6581
f 6582 6583 6577
f 6577 6576 6582
f 6583 6584 6578
f 6578 6577 6583
f 6578 6584 6585
f 5727 6562 5728
f 5728 6562 6563
f 5728 6563 6553
f 6553 6563 6564
f 5726 6568 5727
f 5727 6568 6569
f 5727 6569 6563
f 6569 6570 6564
f 6564 6563 6569
f 6570 6571 6565
f 6565 6564 6570
f 6571 6572 6566
f 6566 6565 6571
f 6566 6572 6573
f 6573 6572 6579
f 5725 6574 5726
f 5726 6574 6575
f 5726 6575 6569
f 6575 6576 6570
f 6570 6569 6575
f 6576 6577 6571
f 6571 6570 6576
f 6577 6578 6572
f 6572 6571 6577
f 6572 6578 6579
f 6579 6578 6585
f 6587 5724 6586
f 6586 5724 5723
f 6586 5723 6587
f 6587 5723 6593
f 6593 6594 6588
f 6588 6587 6593
f 6594 6595 6589
f 6589 6588 6594
f 6595 6596 6590
f 6590 6589 6595
f 6590 6596 6551
f 6551 6596 6601
f 6551 6601 6375
f 6375 6601 6550
f 6375 6550 6376
f 6376 6550 6609
f 6376 6609 6548
f 6548 6609 6608
f 6548 6608 6610
f 6610 6608 6545
f 6610 6545 6546
f 6593 5723 6592
f 6592 5723 5722
f 6592 5722 6549
f 6549 5722 5721
f 6549 5721 6606
f 6606 5721 6605
f 6606 6605 6549
f 6549 6605 6597
f 6549 6597 6592
f 6592 6597 6593
f 5721 6543 6605
f 6605 6543 6604
f 6605 6604 6597
f 6597 6604 6598
f 6598 6594 6593
f 6593 6597 6598
f 6544 6607 6543
f 6543 6607 6603
f 6543 6603 6604
f 6604 6603 6598
f 6544 6545 6607
f 6607 6545 6608
f 6607 6608 6603
f 6603 6608 6602
f 6602 6600 6599
f 6599 6603 6602
f 6600 6596 6595
f 6595 6599 6600
f 6610 6546 6548
f 6548 6546 6547
f 6548 6547 6376
f 6376 6547 6362
f 6375 6374 6551
f 6551 6374 6591
f 6551 6591 6590
f 6374 6373 6591
f 6567 6371 6557
f 6557 6371 6370
f 6557 6370 6558
f 6558 6370 6110
f 6558 6110 6109
f 6109 6108 6558
f 6558 6108 6559
f 6558 6559 6557
f 6557 6559 6556
f 6557 6556 6567
f 6108 6107 6559
f 6559 6107 6560
f 6559 6560 6556
f 6556 6560 6555
f 6560 6107 6561
f 6561 6107 5729
f 6561 5729 6554
f 5728 6553 6552
f 6560 6561 6555
f 6555 6561 6554
f 5727 6563 6562
f 5726 6569 6568
f 5725 6575 6574
f 6594 6598 6599
f 6599 6595 6594
f 6599 6598 6603
f 6550 6601 6600
f 6600 6601 6596
f 6608 6609 6602
f 6602 6609 6550
f 6602 6550 6600
f 6159 6611 6160
f 6160 6611 6612
f 6160 6612 6619
f 6619 6612 6613
f 6619 6613 6618
f 6618 6613 6614
f 6618 6614 6617
f 6617 6614 6615
f 6617 6615 6616
f 6616 6615 6230
f 6616 6230 6229
f 6611 6159 6620
f 6620 6159 6158
f 6620 6158 6625
f 6625 6158 6157
f 6625 6157 6630
f 6630 6157 6156
f 6630 6156 6635
f 6635 6156 6155
f 6635 6155 6640
f 6640 6155 6154
f 6640 6154 6645
f 6645 6154 6153
f 6645 6153 6650
f 6650 6153 6152
f 6650 6152 6185
f 6184 6655 6185
f 6185 6655 6652
f 6185 6652 6651
f 6651 6652 6646
f 6651 6646 6645
f 6645 6646 6640
f 6184 6183 6655
f 6655 6183 6656
f 6655 6656 6652
f 6652 6656 6653
f 6653 6648 6647
f 6647 6652 6653
f 6648 6643 6642
f 6642 6647 6648
f 6643 6638 6637
f 6637 6642 6643
f 6638 6633 6632
f 6632 6637 6638
f 6633 6628 6627
f 6627 6632 6633
f 6628 6623 6622
f 6622 6627 6628
f 6623 6614 6613
f 6613 6622 6623
f 6183 6182 6656
f 6656 6182 6658
f 6656 6658 6657
f 6657 6658 6236
f 6657 6236 6235
f 6182 6181 6658
f 6658 6181 6237
f 6658 6237 6236
f 6181 6180 6237
f 6234 6649 6235
f 6235 6649 6654
f 6235 6654 6657
f 6657 6654 6653
f 6657 6653 6656
f 6649 6234 6644
f 6644 6234 6233
f 6644 6233 6639
f 6639 6233 6634
f 6639 6634 6633
f 6633 6634 6628
f 6233 6232 6634
f 6634 6232 6629
f 6634 6629 6628
f 6628 6629 6623
f 6232 6231 6629
f 6629 6231 6624
f 6629 6624 6623
f 6623 6624 6614
f 6624 6231 6615
f 6615 6231 6230
f 6229 6287 6616
f 6616 6287 6286
f 6616 6286 6617
f 6617 6286 6285
f 6617 6285 6618
f 6618 6285 6619
f 6285 6160 6619
f 6613 6612 6621
f 6621 6622 6613
f 6621 6612 6611
f 6624 6615 6614
f 6611 6620 6621
f 6621 6620 6626
f 6626 6627 6622
f 6622 6621 6626
f 6620 6625 6626
f 6626 6625 6631
f 6631 6632 6627
f 6627 6626 6631
f 6625 6630 6631
f 6631 6630 6636
f 6636 6637 6632
f 6632 6631 6636
f 6630 6635 6636
f 6636 6635 6641
f 6641 6642 6637
f 6637 6636 6641
f 6644 6639 6638
f 6638 6639 6633
f 6635 6640 6641
f 6641 6640 6646
f 6646 6647 6642
f 6642 6641 6646
f 6649 6644 6643
f 6643 6644 6638
f 6647 6646 6652
f 6654 6649 6648
f 6648 6649 6643
f 6653 6654 6648
f 6185 6651 6650
f 6650 6651 6645
f 6195 6664 6196
f 6196 6664 6665
f 6196 6665 6209
f 6209 6665 6672
f 6209 6672 6210
f 6210 6672 6671
f 6210 6671 6670
f 6670 6671 6667
f 6670 6667 6668
f 6668 6667 6677
f 6668 6677 6300
f 6300 6677 6301
f 6301 6677 6682
f 6301 6682 6302
f 6302 6682 6687
f 6302 6687 6692
f 6692 6687 6686
f 6692 6686 6691
f 6686 6685 6690
f 6690 6691 6686
f 6685 6684 6689
f 6689 6690 6685
f 6689 6684 6683
f 6683 6684 6678
f 6683 6678 6193
f 6193 6678 6194
f 6194 6678 6673
f 6194 6673 6195
f 6195 6673 6664
f 6193 6192 6683
f 6683 6192 6688
f 6683 6688 6689
f 6689 6688 6694
f 6694 6695 6690
f 6690 6689 6694
f 6695 6696 6691
f 6691 6690 6695
f 6691 6696 6663
f 6663 6696 6701
f 6663 6701 6304
f 6304 6701 6662
f 6304 6662 6305
f 6305 6662 6708
f 6305 6708 6709
f 6709 6708 6707
f 6709 6707 6710
f 6710 6707 6706
f 6710 6706 6711
f 6711 6706 6705
f 6711 6705 6712
f 6712 6705 6659
f 6712 6659 6713
f 6713 6659 6188
f 6713 6188 6297
f 6192 6191 6688
f 6688 6191 6693
f 6688 6693 6694
f 6694 6693 6698
f 6698 6699 6695
f 6695 6694 6698
f 6699 6700 6696
f 6696 6695 6699
f 6696 6700 6701
f 6701 6700 6662
f 6191 6190 6693
f 6693 6190 6697
f 6693 6697 6698
f 6698 6697 6704
f 6704 6703 6699
f 6699 6698 6704
f 6703 6702 6700
f 6700 6699 6703
f 6700 6702 6662
f 6662 6702 6708
f 6697 6190 6661
f 6661 6190 6189
f 6661 6189 6659
f 6659 6189 6188
f 6296 6714 6297
f 6297 6714 6710
f 6297 6710 6711
f 6714 6296 6660
f 6660 6296 6295
f 6660 6295 6305
f 6304 6303 6663
f 6663 6303 6692
f 6663 6692 6691
f 6303 6302 6692
f 6668 6300 6669
f 6669 6300 6299
f 6669 6299 6715
f 6715 6299 6298
f 6715 6298 6212
f 6212 6298 6213
f 6213 6298 6214
f 6212 6211 6715
f 6715 6211 6669
f 6669 6211 6670
f 6670 6211 6210
f 6305 6709 6660
f 6660 6709 6710
f 6660 6710 6714
f 6671 6672 6666
f 6666 6672 6665
f 6665 6674 6675
f 6675 6666 6665
f 6674 6679 6680
f 6680 6675 6674
f 6679 6684 6685
f 6685 6680 6679
f 6665 6664 6674
f 6674 6664 6673
f 6674 6673 6679
f 6679 6673 6678
f 6679 6678 6684
f 6671 6666 6667
f 6666 6675 6676
f 6676 6667 6666
f 6675 6680 6681
f 6681 6676 6675
f 6680 6685 6686
f 6686 6681 6680
f 6669 6670 6668
f 6682 6677 6676
f 6676 6677 6667
f 6687 6682 6681
f 6681 6682 6676
f 6686 6687 6681
f 6707 6708 6702
f 6703 6706 6707
f 6707 6702 6703
f 6704 6705 6706
f 6706 6703 6704
f 6659 6705 6661
f 6661 6705 6704
f 6661 6704 6697
f 6713 6297 6712
f 6712 6297 6711
f 5172 5174 5749
f 5749 5174 5176
f 5169 5172 5177
f 5177 5172 5749
f 5721 5720 6543
f 6543 5720 6106
f 6543 6106 5573
f 5720 5719 6106
f 6106 5719 5718
f 6106 5718 5717
f 5572 6545 5573
f 5573 6545 6544
f 5573 6544 6543
f 6369 6368 5572
f 5572 6368 6367
f 5572 6367 6366
f 6366 6365 5572
f 5572 6365 6547
f 5572 6547 6546
f 6365 6364 6547
f 6547 6364 6363
f 6547 6363 6362
f 6546 6545 5572
f 6747 6716 6746
f 6746 6716 6717
f 6746 6717 6745
f 6745 6717 6718
f 6745 6718 6744
f 6744 6718 6719
f 6744 6719 6743
f 6743 6719 6720
f 6743 6720 6742
f 6742 6720 6721
f 6742 6721 6741
f 6741 6721 6722
f 6741 6722 6740
f 6740 6722 6723
f 6740 6723 6739
f 6739 6723 6724
f 6739 6724 6738
f 6738 6724 6725
f 6738 6725 6737
f 6737 6725 6726
f 6737 6726 6736
f 6736 6726 6727
f 6736 6727 6735
f 6735 6727 6728
f 6735 6728 6734
f 6734 6728 6729
f 6734 6729 6733
f 6733 6729 6730
f 6733 6730 6732
f 6732 6730 6731
f 6732 6731 401
f 401 6731 328
f 6748 6749 6779
f 6779 6749 6778
f 6778 6749 6750
f 6778 6750 6777
f 6777 6750 6751
f 6777 6751 6776
f 6776 6751 6752
f 6776 6752 6775
f 6775 6752 6753
f 6775 6753 6774
f 6774 6753 6754
f 6774 6754 6773
f 6773 6754 6755
f 6773 6755 6772
f 6772 6755 6756
f 6772 6756 6771
f 6771 6756 6757
f 6771 6757 6770
f 6770 6757 6758
f 6770 6758 6769
f 6769 6758 6759
f 6769 6759 6768
f 6768 6759 6760
f 6768 6760 6767
f 6767 6760 6761
f 6767 6761 6766
f 6766 6761 6765
f 6765 6761 6762
f 6765 6762 6764
f 6764 6762 6763
f 6764 6763 400
f 400 6763 401
f 6811 6780 6810
f 6810 6780 6781
f 6810 6781 6809
f 6809 6781 6782
f 6809 6782 6808
f 6808 6782 6783
f 6808 6783 6807
f 6807 6783 6784
f 6807 6784 6806
f 6806 6784 6785
f 6806 6785 6805
f 6805 6785 6786
f 6805 6786 6804
f 6804 6786 6787
f 6804 6787 6803
f 6803 6787 6788
f 6803 6788 6802
f 6802 6788 6789
f 6802 6789 6801
f 6801 6789 6790
f 6801 6790 6800
f 6800 6790 6791
f 6800 6791 6799
f 6799 6791 6792
f 6799 6792 6798
f 6798 6792 6793
f 6798 6793 6797
f 6797 6793 6794
f 6797 6794 6796
f 6796 6794 6795
f 6796 6795 399
f 399 6795 400
f 6843 6812 6842
f 6842 6812 6813
f 6842 6813 6841
f 6841 6813 6814
f 6841 6814 6840
f 6840 6814 6815
f 6840 6815 6839
f 6839 6815 6816
f 6839 6816 6838
f 6838 6816 6817
f 6838 6817 6837
f 6837 6817 6818
f 6837 6818 6836
f 6836 6818 6819
f 6836 6819 6835
f 6835 6819 6820
f 6835 6820 6834
f 6834 6820 6821
f 6834 6821 6833
f 6833 6821 6822
f 6833 6822 6832
f 6832 6822 6823
f 6832 6823 6831
f 6831 6823 6824
f 6831 6824 6830
f 6830 6824 6825
f 6830 6825 6829
f 6829 6825 6826
f 6829 6826 6828
f 6828 6826 6827
f 6828 6827 398
f 398 6827 399
f 6845 6876 6844
f 6844 6876 6874
f 6844 6874 6875
f 6845 6846 6876
f 6876 6846 6877
f 6876 6877 6873
f 6873 6877 6872
f 6872 6877 6871
f 6871 6877 6878
f 6871 6878 6870
f 6870 6878 6879
f 6870 6879 6869
f 6869 6879 6868
f 6868 6879 6880
f 6868 6880 6867
f 6867 6880 6881
f 6867 6881 6866
f 6866 6881 6865
f 6865 6881 6882
f 6865 6882 6864
f 6864 6882 6863
f 6863 6882 6883
f 6863 6883 6862
f 6862 6883 6861
f 6861 6883 6860
f 6860 6883 397
f 397 6883 6859
f 397 6859 398
f 6846 6847 6877
f 6877 6847 6848
f 6877 6848 6878
f 6878 6848 6849
f 6878 6849 6850
f 6878 6850 6879
f 6879 6850 6851
f 6879 6851 6852
f 6879 6852 6880
f 6880 6852 6853
f 6880 6853 6881
f 6881 6853 6854
f 6881 6854 6855
f 6881 6855 6882
f 6882 6855 6856
f 6882 6856 6857
f 6882 6857 6883
f 6883 6857 6858
f 6883 6858 6859
f 6873 6874 6876
f 6915 6884 6914
f 6914 6884 6885
f 6914 6885 6916
f 6916 6885 6886
f 6916 6886 6917
f 6917 6886 6887
f 6917 6887 6888
f 6917 6888 6918
f 6918 6888 6889
f 6918 6889 6890
f 6918 6890 6919
f 6919 6890 6891
f 6919 6891 6892
f 6919 6892 6920
f 6920 6892 6893
f 6920 6893 6921
f 6921 6893 6894
f 6921 6894 6895
f 6921 6895 6922
f 6922 6895 6896
f 6922 6896 6897
f 6922 6897 6923
f 6923 6897 6898
f 6923 6898 6899
f 397 396 6899
f 6899 396 6923
f 396 6900 6923
f 6923 6900 6901
f 6923 6901 6902
f 6923 6902 6922
f 6922 6902 6903
f 6922 6903 6904
f 6922 6904 6921
f 6921 6904 6905
f 6921 6905 6906
f 6921 6906 6920
f 6920 6906 6907
f 6920 6907 6919
f 6919 6907 6908
f 6919 6908 6909
f 6919 6909 6918
f 6918 6909 6910
f 6918 6910 6911
f 6918 6911 6917
f 6917 6911 6912
f 6917 6912 6913
f 6917 6913 6916
f 6916 6913 6914
f 6925 6956 6924
f 6924 6956 6954
f 6924 6954 6955
f 6925 6926 6956
f 6956 6926 6957
f 6956 6957 6953
f 6953 6957 6952
f 6952 6957 6951
f 6951 6957 6958
f 6951 6958 6950
f 6950 6958 6959
f 6950 6959 6949
f 6949 6959 6948
f 6948 6959 6960
f 6948 6960 6947
f 6947 6960 6961
f 6947 6961 6946
f 6946 6961 6945
f 6945 6961 6962
f 6945 6962 6944
f 6944 6962 6943
f 6943 6962 6963
f 6943 6963 6942
f 6942 6963 6964
f 6942 6964 6941
f 6941 6964 6940
f 6940 6964 364
f 364 6964 6939
f 364 6939 365
f 6926 6927 6957
f 6957 6927 6928
f 6957 6928 6958
f 6958 6928 6929
f 6958 6929 6959
f 6959 6929 6930
f 6959 6930 6931
f 6959 6931 6960
f 6960 6931 6932
f 6960 6932 6961
f 6961 6932 6933
f 6961 6933 6934
f 6961 6934 6962
f 6962 6934 6935
f 6962 6935 6936
f 6962 6936 6963
f 6963 6936 6937
f 6963 6937 6964
f 6964 6937 6938
f 6964 6938 6939
f 6953 6954 6956
f 6997 6965 6996
f 6996 6965 6966
f 6996 6966 6995
f 6995 6966 6967
f 6995 6967 6994
f 6994 6967 6968
f 6994 6968 6993
f 6993 6968 6969
f 6993 6969 6992
f 6992 6969 6970
f 6992 6970 6991
f 6991 6970 6971
f 6991 6971 6990
f 6990 6971 6972
f 6990 6972 6989
f 6989 6972 6973
f 6989 6973 6988
f 6988 6973 6974
f 6988 6974 6987
f 6987 6974 6975
f 6987 6975 6986
f 6986 6975 6976
f 6986 6976 6985
f 6985 6976 6977
f 6985 6977 6984
f 6984 6977 6978
f 6984 6978 6983
f 6983 6978 6979
f 6983 6979 6982
f 6982 6979 6980
f 6982 6980 6981
f 364 363 6981
f 6981 363 6982
f 6999 7028 6998
f 6998 7028 7029
f 6998 7029 7032
f 7032 7029 7031
f 7031 7029 7030
f 7028 6999 7027
f 7027 6999 7000
f 7027 7000 7026
f 7026 7000 7001
f 7026 7001 7025
f 7025 7001 7002
f 7025 7002 7024
f 7024 7002 7003
f 7024 7003 7023
f 7023 7003 7004
f 7023 7004 7022
f 7022 7004 7005
f 7022 7005 7021
f 7021 7005 7006
f 7021 7006 7020
f 7020 7006 7007
f 7020 7007 7019
f 7019 7007 7008
f 7019 7008 7018
f 7018 7008 7009
f 7018 7009 7017
f 7017 7009 7010
f 7017 7010 7016
f 7016 7010 7011
f 7016 7011 7015
f 7015 7011 7012
f 7015 7012 7013
f 7015 7013 7014
f 7014 7013 360
f 7014 360 359
f 7064 7033 7063
f 7063 7033 7034
f 7063 7034 7062
f 7062 7034 7035
f 7062 7035 7061
f 7061 7035 7036
f 7061 7036 7060
f 7060 7036 7037
f 7060 7037 7059
f 7059 7037 7038
f 7059 7038 7058
f 7058 7038 7039
f 7058 7039 7057
f 7057 7039 7040
f 7057 7040 7056
f 7056 7040 7041
f 7056 7041 7055
f 7055 7041 7042
f 7055 7042 7054
f 7054 7042 7043
f 7054 7043 7053
f 7053 7043 7044
f 7053 7044 7052
f 7052 7044 7045
f 7052 7045 7051
f 7051 7045 7046
f 7051 7046 7050
f 7050 7046 7047
f 7050 7047 7049
f 7049 7047 7048
f 7049 7048 360
f 360 7048 361
f 7066 7094 7065
f 7065 7094 7095
f 7065 7095 7099
f 7099 7095 7098
f 7098 7095 7096
f 7098 7096 7097
f 7094 7066 7093
f 7093 7066 7067
f 7093 7067 7092
f 7092 7067 7068
f 7092 7068 7091
f 7091 7068 7069
f 7091 7069 7070
f 7091 7070 7090
f 7090 7070 7071
f 7090 7071 7089
f 7089 7071 7072
f 7089 7072 7088
f 7088 7072 7073
f 7088 7073 7087
f 7087 7073 7074
f 7087 7074 7086
f 7086 7074 7075
f 7086 7075 7085
f 7085 7075 7076
f 7085 7076 7084
f 7084 7076 7077
f 7084 7077 7083
f 7083 7077 7078
f 7083 7078 7082
f 7082 7078 7079
f 7082 7079 7081
f 7081 7079 7080
f 7081 7080 361
f 361 7080 362
f 7101 7129 7100
f 7100 7129 7130
f 7100 7130 7134
f 7134 7130 7133
f 7133 7130 7131
f 7133 7131 7132
f 7129 7101 7128
f 7128 7101 7102
f 7128 7102 7127
f 7127 7102 7103
f 7127 7103 7104
f 7127 7104 7126
f 7126 7104 7105
f 7126 7105 7125
f 7125 7105 7106
f 7125 7106 7124
f 7124 7106 7107
f 7124 7107 7123
f 7123 7107 7108
f 7123 7108 7122
f 7122 7108 7109
f 7122 7109 7121
f 7121 7109 7110
f 7121 7110 7120
f 7120 7110 7111
f 7120 7111 7119
f 7119 7111 7112
f 7119 7112 7118
f 7118 7112 7113
f 7118 7113 7117
f 7117 7113 7114
f 7117 7114 7116
f 7116 7114 7115
f 7116 7115 362
f 362 7115 363
f 359 358 7014
f 7014 358 7015
f 7015 358 7158
f 7015 7158 7016
f 7016 7158 7159
f 7016 7159 7017
f 7017 7159 7018
f 7018 7159 7161
f 7018 7161 7162
f 7162 7161 7166
f 7162 7166 7167
f 7166 7171 7172
f 7172 7167 7166
f 7171 7179 7180
f 7180 7172 7171
f 7179 7188 7189
f 7189 7180 7179
f 7188 7197 7198
f 7198 7189 7188
f 7197 7206 7207
f 7207 7198 7197
f 7206 7215 7216
f 7216 7207 7206
f 7215 7223 7224
f 7224 7216 7215
f 7223 7232 7233
f 7233 7224 7223
f 7232 7241 7242
f 7242 7233 7232
f 7241 7250 7251
f 7251 7242 7241
f 7250 7259 7260
f 7260 7251 7250
f 7259 7268 7269
f 7269 7260 7259
f 7268 7277 7278
f 7278 7269 7268
f 7277 7286 7287
f 7287 7278 7277
f 7286 7295 7296
f 7296 7287 7286
f 7295 7304 7305
f 7305 7296 7295
f 7304 7313 7314
f 7314 7305 7304
f 7313 7321 7322
f 7322 7314 7313
f 7321 7330 7331
f 7331 7322 7321
f 7330 7339 7340
f 7340 7331 7330
f 7339 7348 7349
f 7349 7340 7339
f 7348 7357 7358
f 7358 7349 7348
f 7357 7365 7366
f 7366 7358 7357
f 7366 7365 7372
f 7372 7365 7371
f 7372 7371 6724
f 6724 7371 6725
f 6725 7371 7370
f 6725 7370 7374
f 7374 7370 7369
f 7374 7369 7373
f 7373 7369 330
f 7373 330 329
f 358 357 7158
f 7158 357 7160
f 7158 7160 7161
f 7161 7160 7165
f 7161 7165 7166
f 7165 7170 7171
f 7171 7166 7165
f 7170 7178 7179
f 7179 7171 7170
f 7178 7187 7188
f 7188 7179 7178
f 7187 7196 7197
f 7197 7188 7187
f 7196 7205 7206
f 7206 7197 7196
f 7205 7214 7215
f 7215 7206 7205
f 7214 7222 7223
f 7223 7215 7214
f 7222 7231 7232
f 7232 7223 7222
f 7231 7240 7241
f 7241 7232 7231
f 7240 7249 7250
f 7250 7241 7240
f 7249 7258 7259
f 7259 7250 7249
f 7258 7267 7268
f 7268 7259 7258
f 7267 7276 7277
f 7277 7268 7267
f 7276 7285 7286
f 7286 7277 7276
f 7285 7294 7295
f 7295 7286 7285
f 7294 7303 7304
f 7304 7295 7294
f 7303 7312 7313
f 7313 7304 7303
f 7312 7320 7321
f 7321 7313 7312
f 7320 7329 7330
f 7330 7321 7320
f 7329 7338 7339
f 7339 7330 7329
f 7338 7347 7348
f 7348 7339 7338
f 7347 7356 7357
f 7357 7348 7347
f 7356 7364 7365
f 7365 7357 7356
f 7365 7364 7371
f 7371 7364 7370
f 357 356 7160
f 7160 356 7164
f 7160 7164 7165
f 7165 7164 7170
f 356 355 7164
f 7164 355 7169
f 7164 7169 7170
f 7170 7169 7178
f 355 354 7169
f 7169 354 7177
f 7169 7177 7178
f 7178 7177 7187
f 354 353 7177
f 7177 353 7186
f 7177 7186 7187
f 7187 7186 7196
f 353 352 7186
f 7186 352 7195
f 7186 7195 7196
f 7196 7195 7205
f 352 351 7195
f 7195 351 7204
f 7195 7204 7205
f 7205 7204 7214
f 351 350 7204
f 7204 350 7213
f 7204 7213 7214
f 7214 7213 7222
f 350 349 7213
f 7213 349 7221
f 7213 7221 7222
f 7222 7221 7231
f 349 348 7221
f 7221 348 7230
f 7221 7230 7231
f 7231 7230 7240
f 348 347 7230
f 7230 347 7239
f 7230 7239 7240
f 7240 7239 7249
f 347 346 7239
f 7239 346 7248
f 7239 7248 7249
f 7249 7248 7258
f 346 345 7248
f 7248 345 7257
f 7248 7257 7258
f 7258 7257 7267
f 345 344 7257
f 7257 344 7266
f 7257 7266 7267
f 7267 7266 7276
f 344 343 7266
f 7266 343 7275
f 7266 7275 7276
f 7276 7275 7285
f 343 342 7275
f 7275 342 7284
f 7275 7284 7285
f 7285 7284 7294
f 342 341 7284
f 7284 341 7293
f 7284 7293 7294
f 7294 7293 7303
f 341 340 7293
f 7293 340 7302
f 7293 7302 7303
f 7303 7302 7312
f 340 339 7302
f 7302 339 338
f 7302 338 7311
f 7311 338 337
f 7311 337 7319
f 7319 337 336
f 7319 336 7328
f 7328 336 335
f 7328 335 7337
f 7337 335 334
f 7337 334 7346
f 7346 334 333
f 7346 333 7355
f 7355 333 332
f 7355 332 7363
f 7363 332 331
f 7363 331 7369
f 7369 331 330
f 328 6731 329
f 329 6731 6730
f 329 6730 7375
f 7375 6730 6729
f 7375 6729 6728
f 6727 7374 6728
f 6728 7374 7373
f 6728 7373 7375
f 7375 7373 329
f 6727 6726 7374
f 7374 6726 6725
f 6724 6723 7372
f 7372 6723 6722
f 7372 6722 6721
f 6720 7367 6721
f 6721 7367 7366
f 6721 7366 7372
f 6720 6719 7367
f 7367 6719 7368
f 7367 7368 7359
f 7359 7368 7360
f 7360 7351 7350
f 7350 7359 7360
f 7351 7342 7341
f 7341 7350 7351
f 7342 7333 7332
f 7332 7341 7342
f 7333 7324 7323
f 7323 7332 7333
f 7324 7316 7315
f 7315 7323 7324
f 7316 7307 7306
f 7306 7315 7316
f 7307 7298 7297
f 7297 7306 7307
f 7298 7289 7288
f 7288 7297 7298
f 7289 7280 7279
f 7279 7288 7289
f 7280 7271 7270
f 7270 7279 7280
f 7271 7262 7261
f 7261 7270 7271
f 7262 7253 7252
f 7252 7261 7262
f 7253 7244 7243
f 7243 7252 7253
f 7244 7235 7234
f 7234 7243 7244
f 7235 7226 7225
f 7225 7234 7235
f 7226 7218 7217
f 7217 7225 7226
f 7218 7209 7208
f 7208 7217 7218
f 7209 7200 7199
f 7199 7208 7209
f 7200 7191 7190
f 7190 7199 7200
f 7191 7182 7181
f 7181 7190 7191
f 7181 7182 7173
f 7173 7182 7174
f 7173 7174 7024
f 7024 7174 7025
f 7025 7174 7175
f 7025 7175 7026
f 7026 7175 7027
f 7027 7175 7176
f 7027 7176 7028
f 7028 7176 7184
f 7028 7184 7185
f 7185 7184 7194
f 7185 7194 7154
f 7154 7194 7153
f 7153 7194 7203
f 7153 7203 7152
f 7152 7203 7212
f 7152 7212 7151
f 7151 7212 7157
f 7151 7157 7150
f 7150 7157 7229
f 7150 7229 7238
f 7238 7229 7228
f 7238 7228 7237
f 7228 7227 7236
f 7236 7237 7228
f 7227 7226 7235
f 7235 7236 7227
f 6719 6718 7368
f 7368 6718 7360
f 6718 6717 7360
f 7360 6717 7361
f 7360 7361 7351
f 7351 7361 7352
f 7352 7343 7342
f 7342 7351 7352
f 7343 7334 7333
f 7333 7342 7343
f 7334 7325 7324
f 7324 7333 7334
f 7325 7317 7316
f 7316 7324 7325
f 7317 7308 7307
f 7307 7316 7317
f 7308 7299 7298
f 7298 7307 7308
f 7299 7290 7289
f 7289 7298 7299
f 7290 7281 7280
f 7280 7289 7290
f 7281 7272 7271
f 7271 7280 7281
f 7272 7263 7262
f 7262 7271 7272
f 7263 7254 7253
f 7253 7262 7263
f 7254 7245 7244
f 7244 7253 7254
f 7245 7236 7235
f 7235 7244 7245
f 6717 6716 7361
f 7361 6716 7362
f 7361 7362 7352
f 7352 7362 7353
f 7353 7344 7343
f 7343 7352 7353
f 7344 7335 7334
f 7334 7343 7344
f 7335 7326 7325
f 7325 7334 7335
f 7326 7318 7317
f 7317 7325 7326
f 7318 7309 7308
f 7308 7317 7318
f 7309 7300 7299
f 7299 7308 7309
f 7300 7291 7290
f 7290 7299 7300
f 7291 7282 7281
f 7281 7290 7291
f 7282 7273 7272
f 7272 7281 7282
f 7273 7264 7263
f 7263 7272 7273
f 7264 7255 7254
f 7254 7263 7264
f 7255 7246 7245
f 7245 7254 7255
f 7246 7237 7236
f 7236 7245 7246
f 6716 7135 7362
f 7362 7135 7353
f 7135 7136 7353
f 7353 7136 7354
f 7353 7354 7344
f 7344 7354 7345
f 7344 7345 7335
f 7335 7345 7336
f 7335 7336 7326
f 7326 7336 7327
f 7326 7327 7318
f 7318 7327 7156
f 7318 7156 7309
f 7309 7156 7310
f 7309 7310 7300
f 7300 7310 7301
f 7300 7301 7291
f 7291 7301 7292
f 7291 7292 7282
f 7282 7292 7283
f 7282 7283 7273
f 7273 7283 7274
f 7273 7274 7264
f 7264 7274 7265
f 7264 7265 7255
f 7255 7265 7256
f 7255 7256 7246
f 7246 7256 7247
f 7246 7247 7237
f 7237 7247 7238
f 7136 7137 7354
f 7354 7137 7138
f 7354 7138 7345
f 7345 7138 7139
f 7345 7139 7336
f 7336 7139 7140
f 7336 7140 7327
f 7327 7140 7141
f 7327 7141 7156
f 7156 7141 7142
f 7156 7142 7310
f 7310 7142 7301
f 7142 7143 7301
f 7301 7143 7292
f 7143 7144 7292
f 7292 7144 7283
f 7144 7145 7283
f 7283 7145 7274
f 7145 7146 7274
f 7274 7146 7265
f 7146 7147 7265
f 7265 7147 7256
f 7147 7148 7256
f 7256 7148 7247
f 7148 7149 7247
f 7247 7149 7238
f 7149 7150 7238
f 7154 7155 7185
f 7185 7155 7029
f 7185 7029 7028
f 7173 7024 7168
f 7168 7024 7023
f 7168 7023 7022
f 7168 7022 7167
f 7167 7022 7021
f 7167 7021 7163
f 7163 7021 7020
f 7163 7020 7162
f 7162 7020 7019
f 7162 7019 7018
f 7161 7159 7158
f 7167 7163 7162
f 7173 7168 7167
f 7173 7172 7180
f 7180 7181 7173
f 7184 7176 7175
f 7175 7174 7183
f 7183 7174 7182
f 7182 7191 7192
f 7192 7183 7182
f 7191 7200 7201
f 7201 7192 7191
f 7200 7209 7210
f 7210 7201 7200
f 7209 7218 7219
f 7219 7210 7209
f 7218 7226 7227
f 7227 7219 7218
f 7167 7172 7173
f 7180 7189 7190
f 7190 7181 7180
f 7189 7198 7199
f 7199 7190 7189
f 7198 7207 7208
f 7208 7199 7198
f 7207 7216 7217
f 7217 7208 7207
f 7216 7224 7225
f 7225 7217 7216
f 7224 7233 7234
f 7234 7225 7224
f 7233 7242 7243
f 7243 7234 7233
f 7242 7251 7252
f 7252 7243 7242
f 7251 7260 7261
f 7261 7252 7251
f 7260 7269 7270
f 7270 7261 7260
f 7269 7278 7279
f 7279 7270 7269
f 7278 7287 7288
f 7288 7279 7278
f 7287 7296 7297
f 7297 7288 7287
f 7296 7305 7306
f 7306 7297 7296
f 7305 7314 7315
f 7315 7306 7305
f 7314 7322 7323
f 7323 7315 7314
f 7322 7331 7332
f 7332 7323 7322
f 7331 7340 7341
f 7341 7332 7331
f 7340 7349 7350
f 7350 7341 7340
f 7349 7358 7359
f 7359 7350 7349
f 7359 7358 7367
f 7367 7358 7366
f 7175 7183 7184
f 7183 7192 7193
f 7193 7184 7183
f 7192 7201 7202
f 7202 7193 7192
f 7201 7210 7211
f 7211 7202 7201
f 7210 7219 7220
f 7220 7211 7210
f 7219 7227 7228
f 7228 7220 7219
f 7203 7194 7193
f 7193 7194 7184
f 7212 7203 7202
f 7202 7203 7193
f 7157 7212 7211
f 7211 7212 7202
f 7229 7157 7220
f 7220 7157 7211
f 7228 7229 7220
f 7320 7312 7311
f 7311 7312 7302
f 7329 7320 7319
f 7319 7320 7311
f 7338 7329 7328
f 7328 7329 7319
f 7347 7338 7337
f 7337 7338 7328
f 7356 7347 7346
f 7346 7347 7337
f 7364 7356 7355
f 7355 7356 7346
f 7370 7364 7363
f 7363 7364 7355
f 7369 7370 7363
f 7137 7155 7138
f 7138 7155 7154
f 7138 7154 7139
f 7139 7154 7153
f 7139 7153 7140
f 7140 7153 7152
f 7140 7152 7141
f 7141 7152 7151
f 7141 7151 7142
f 7142 7151 7150
f 7142 7150 7143
f 7143 7150 7149
f 7143 7149 7144
f 7144 7149 7148
f 7144 7148 7145
f 7145 7148 7147
f 7145 7147 7146
f 401 7376 6732
f 6732 7376 6733
f 6733 7376 6734
f 6734 7376 6735
f 6735 7376 7377
f 6735 7377 6736
f 6736 7377 7435
f 6736 7435 6737
f 6737 7435 6738
f 6738 7435 6739
f 6739 7435 7432
f 6739 7432 7433
f 7433 7432 7437
f 7433 7437 7438
f 7437 7442 7443
f 7443 7438 7437
f 7442 7448 7449
f 7449 7443 7442
f 7448 7454 7455
f 7455 7449 7448
f 7454 7460 7461
f 7461 7455 7454
f 7460 7466 7467
f 7467 7461 7460
f 7466 7472 7473
f 7473 7467 7466
f 7472 7478 7479
f 7479 7473 7472
f 7478 7484 7485
f 7485 7479 7478
f 7484 7490 7491
f 7491 7485 7484
f 7490 7496 7497
f 7497 7491 7490
f 7496 7502 7503
f 7503 7497 7496
f 7502 7508 7509
f 7509 7503 7502
f 7508 7514 7515
f 7515 7509 7508
f 7514 7520 7521
f 7521 7515 7514
f 7520 7526 7527
f 7527 7521 7520
f 7526 7532 7533
f 7533 7527 7526
f 7532 7538 7539
f 7539 7533 7532
f 7539 7538 7545
f 7545 7538 7544
f 7545 7544 7428
f 7428 7544 7427
f 7428 7427 7551
f 7551 7427 7550
f 7551 7550 7557
f 7557 7550 7556
f 7556 7562 7563
f 7563 7557 7556
f 7563 7562 7568
f 7568 7562 7567
f 7568 7567 7005
f 7005 7567 7006
f 7006 7567 7566
f 7006 7566 7569
f 7569 7566 7403
f 7569 7403 7404
f 7377 7378 7435
f 7435 7378 7432
f 7378 7379 7432
f 7432 7379 7436
f 7432 7436 7437
f 7437 7436 7442
f 7379 7380 7436
f 7436 7380 7441
f 7436 7441 7442
f 7442 7441 7448
f 7380 7381 7441
f 7441 7381 7447
f 7441 7447 7448
f 7448 7447 7454
f 7381 7382 7447
f 7447 7382 7453
f 7447 7453 7454
f 7454 7453 7460
f 7382 7383 7453
f 7453 7383 7459
f 7453 7459 7460
f 7460 7459 7466
f 7383 7384 7459
f 7459 7384 7465
f 7459 7465 7466
f 7466 7465 7471
f 7466 7471 7472
f 7472 7471 7477
f 7472 7477 7478
f 7478 7477 7484
f 7384 7385 7465
f 7465 7385 7471
f 7385 7386 7471
f 7471 7386 7477
f 7386 7387 7477
f 7477 7387 7483
f 7477 7483 7484
f 7484 7483 7490
f 7387 7388 7483
f 7483 7388 7489
f 7483 7489 7490
f 7490 7489 7496
f 7388 7389 7489
f 7489 7389 7495
f 7489 7495 7496
f 7496 7495 7502
f 7389 7390 7495
f 7495 7390 7501
f 7495 7501 7502
f 7502 7501 7508
f 7390 7391 7501
f 7501 7391 7507
f 7501 7507 7508
f 7508 7507 7514
f 7391 7392 7507
f 7507 7392 7513
f 7507 7513 7514
f 7514 7513 7520
f 7392 7393 7513
f 7513 7393 7519
f 7513 7519 7520
f 7520 7519 7526
f 7393 7394 7519
f 7519 7394 7525
f 7519 7525 7526
f 7526 7525 7531
f 7526 7531 7532
f 7532 7531 7537
f 7532 7537 7538
f 7538 7537 7544
f 7394 7395 7525
f 7525 7395 7531
f 7395 7396 7531
f 7531 7396 7537
f 7396 7397 7537
f 7537 7397 7543
f 7537 7543 7544
f 7544 7543 7427
f 7397 7398 7543
f 7543 7398 7426
f 7543 7426 7427
f 7427 7426 7550
f 7398 7399 7426
f 7426 7399 7549
f 7426 7549 7550
f 7550 7549 7556
f 7399 7400 7549
f 7549 7400 7555
f 7549 7555 7556
f 7556 7555 7562
f 7400 7401 7555
f 7555 7401 7561
f 7555 7561 7562
f 7562 7561 7567
f 7401 7402 7561
f 7561 7402 7566
f 7561 7566 7567
f 7402 7403 7566
f 7405 7010 7404
f 7404 7010 7009
f 7404 7009 7569
f 7569 7009 7008
f 7569 7008 7007
f 360 7013 7405
f 7405 7013 7012
f 7405 7012 7011
f 7011 7010 7405
f 7007 7006 7569
f 7005 7004 7568
f 7568 7004 7003
f 7568 7003 7563
f 7563 7003 7002
f 7563 7002 7564
f 7564 7002 7001
f 7564 7001 7565
f 7565 7001 7000
f 7565 7000 7559
f 7559 7000 6999
f 7559 6999 7560
f 7560 6999 6998
f 7560 6998 7406
f 7560 7406 7554
f 7554 7406 7407
f 7554 7407 7431
f 7431 7407 7408
f 7431 7408 7548
f 7548 7408 7409
f 7548 7409 7542
f 7542 7409 7410
f 7542 7410 7536
f 7536 7410 7530
f 7536 7530 7535
f 7535 7530 7529
f 7529 7528 7534
f 7534 7535 7529
f 7528 7527 7533
f 7533 7534 7528
f 7410 7411 7530
f 7530 7411 7524
f 7530 7524 7523
f 7523 7524 7517
f 7517 7516 7522
f 7522 7523 7517
f 7516 7515 7521
f 7521 7522 7516
f 7411 7412 7524
f 7524 7412 7518
f 7524 7518 7517
f 7517 7518 7511
f 7511 7510 7516
f 7516 7517 7511
f 7510 7509 7515
f 7515 7516 7510
f 7412 7413 7518
f 7518 7413 7512
f 7518 7512 7511
f 7511 7512 7505
f 7505 7504 7510
f 7510 7511 7505
f 7504 7503 7509
f 7509 7510 7504
f 7413 7414 7512
f 7512 7414 7506
f 7512 7506 7505
f 7505 7506 7499
f 7499 7498 7504
f 7504 7505 7499
f 7498 7497 7503
f 7503 7504 7498
f 7414 7415 7506
f 7506 7415 7500
f 7506 7500 7499
f 7499 7500 7493
f 7493 7492 7498
f 7498 7499 7493
f 7492 7491 7497
f 7497 7498 7492
f 7415 7416 7500
f 7500 7416 7494
f 7500 7494 7493
f 7493 7494 7487
f 7487 7486 7492
f 7492 7493 7487
f 7486 7485 7491
f 7491 7492 7486
f 7416 7417 7494
f 7494 7417 7488
f 7494 7488 7487
f 7487 7488 7481
f 7481 7480 7486
f 7486 7487 7481
f 7480 7479 7485
f 7485 7486 7480
f 7417 7418 7488
f 7488 7418 7482
f 7488 7482 7481
f 7481 7482 7476
f 7481 7476 7475
f 7475 7476 7470
f 7475 7470 7469
f 7469 7470 7463
f 7463 7462 7468
f 7468 7469 7463
f 7462 7461 7467
f 7467 7468 7462
f 7418 7419 7482
f 7482 7419 7476
f 7476 7419 7470
f 7470 7419 7420
f 7470 7420 7464
f 7464 7420 7421
f 7464 7421 7458
f 7458 7421 7422
f 7458 7422 7452
f 7452 7422 7423
f 7452 7423 7446
f 7446 7423 7424
f 7446 7424 7425
f 7446 7425 7445
f 7445 7425 6747
f 7445 6747 7440
f 7440 6747 6746
f 7440 6746 7439
f 7439 6746 6745
f 7439 6745 6744
f 7439 6744 7438
f 7438 6744 6743
f 7438 6743 7434
f 7434 6743 6742
f 7434 6742 7433
f 7433 6742 6741
f 7433 6741 6740
f 6740 6739 7433
f 7428 7429 7545
f 7545 7429 7546
f 7545 7546 7539
f 7539 7546 7540
f 7540 7534 7533
f 7533 7539 7540
f 7429 7430 7546
f 7546 7430 7547
f 7546 7547 7540
f 7540 7547 7541
f 7541 7535 7534
f 7534 7540 7541
f 7429 7428 7552
f 7552 7428 7551
f 7552 7551 7558
f 7558 7551 7557
f 7558 7557 7564
f 7564 7557 7563
f 7430 7431 7547
f 7547 7431 7548
f 7547 7548 7541
f 7541 7548 7542
f 7541 7542 7536
f 7430 7429 7553
f 7553 7429 7552
f 7553 7552 7559
f 7559 7552 7558
f 7559 7558 7565
f 7565 7558 7564
f 7431 7430 7554
f 7554 7430 7553
f 7554 7553 7560
f 7560 7553 7559
f 7438 7434 7433
f 7445 7440 7439
f 7439 7438 7444
f 7444 7438 7443
f 7443 7449 7450
f 7450 7444 7443
f 7449 7455 7456
f 7456 7450 7449
f 7455 7461 7462
f 7462 7456 7455
f 7439 7444 7445
f 7444 7450 7451
f 7451 7445 7444
f 7450 7456 7457
f 7457 7451 7450
f 7456 7462 7463
f 7463 7457 7456
f 7452 7446 7445
f 7458 7452 7451
f 7451 7452 7445
f 7464 7458 7457
f 7457 7458 7451
f 7470 7464 7463
f 7463 7464 7457
f 7467 7473 7474
f 7474 7468 7467
f 7473 7479 7480
f 7480 7474 7473
f 7468 7474 7475
f 7475 7469 7468
f 7474 7480 7481
f 7481 7475 7474
f 7521 7527 7528
f 7528 7522 7521
f 7522 7528 7529
f 7529 7523 7522
f 7529 7530 7523
f 7541 7536 7535
f 7424 7423 7030
f 7030 7423 7406
f 7030 7406 7031
f 7031 7406 7032
f 7032 7406 6998
f 7423 7422 7406
f 7406 7422 7407
f 7407 7422 7421
f 7407 7421 7408
f 7408 7421 7420
f 7408 7420 7409
f 7409 7420 7419
f 7409 7419 7410
f 7410 7419 7418
f 7410 7418 7411
f 7411 7418 7417
f 7411 7417 7412
f 7412 7417 7416
f 7412 7416 7413
f 7413 7416 7415
f 7413 7415 7414
f 360 7405 7049
f 7049 7405 7050
f 7050 7405 7593
f 7050 7593 7051
f 7051 7593 7594
f 7051 7594 7052
f 7052 7594 7053
f 7053 7594 7596
f 7053 7596 7597
f 7597 7596 7601
f 7597 7601 7602
f 7601 7606 7607
f 7607 7602 7601
f 7606 7614 7615
f 7615 7607 7606
f 7614 7623 7624
f 7624 7615 7614
f 7623 7632 7633
f 7633 7624 7623
f 7632 7641 7642
f 7642 7633 7632
f 7641 7650 7651
f 7651 7642 7641
f 7650 7658 7659
f 7659 7651 7650
f 7658 7667 7668
f 7668 7659 7658
f 7667 7676 7677
f 7677 7668 7667
f 7676 7685 7686
f 7686 7677 7676
f 7685 7694 7695
f 7695 7686 7685
f 7694 7703 7704
f 7704 7695 7694
f 7703 7712 7713
f 7713 7704 7703
f 7712 7721 7722
f 7722 7713 7712
f 7721 7730 7731
f 7731 7722 7721
f 7730 7739 7740
f 7740 7731 7730
f 7739 7748 7749
f 7749 7740 7739
f 7748 7756 7757
f 7757 7749 7748
f 7756 7765 7766
f 7766 7757 7756
f 7765 7774 7775
f 7775 7766 7765
f 7774 7783 7784
f 7784 7775 7774
f 7783 7792 7793
f 7793 7784 7783
f 7792 7800 7801
f 7801 7793 7792
f 7801 7800 7807
f 7807 7800 7806
f 7807 7806 6756
f 6756 7806 6757
f 6757 7806 7805
f 6757 7805 7809
f 7809 7805 7804
f 7809 7804 7808
f 7808 7804 7377
f 7808 7377 7376
f 7405 7404 7593
f 7593 7404 7595
f 7593 7595 7596
f 7596 7595 7600
f 7596 7600 7601
f 7600 7605 7606
f 7606 7601 7600
f 7605 7613 7614
f 7614 7606 7605
f 7613 7622 7623
f 7623 7614 7613
f 7622 7631 7632
f 7632 7623 7622
f 7631 7640 7641
f 7641 7632 7631
f 7640 7649 7650
f 7650 7641 7640
f 7649 7657 7658
f 7658 7650 7649
f 7657 7666 7667
f 7667 7658 7657
f 7666 7675 7676
f 7676 7667 7666
f 7675 7684 7685
f 7685 7676 7675
f 7684 7693 7694
f 7694 7685 7684
f 7693 7702 7703
f 7703 7694 7693
f 7702 7711 7712
f 7712 7703 7702
f 7711 7720 7721
f 7721 7712 7711
f 7720 7729 7730
f 7730 7721 7720
f 7729 7738 7739
f 7739 7730 7729
f 7738 7747 7748
f 7748 7739 7738
f 7747 7755 7756
f 7756 7748 7747
f 7755 7764 7765
f 7765 7756 7755
f 7764 7773 7774
f 7774 7765 7764
f 7773 7782 7783
f 7783 7774 7773
f 7782 7791 7792
f 7792 7783 7782
f 7791 7799 7800
f 7800 7792 7791
f 7800 7799 7806
f 7806 7799 7805
f 7404 7403 7595
f 7595 7403 7599
f 7595 7599 7600
f 7600 7599 7605
f 7403 7402 7599
f 7599 7402 7604
f 7599 7604 7605
f 7605 7604 7613
f 7402 7401 7604
f 7604 7401 7612
f 7604 7612 7613
f 7613 7612 7622
f 7401 7400 7612
f 7612 7400 7621
f 7612 7621 7622
f 7622 7621 7631
f 7400 7399 7621
f 7621 7399 7630
f 7621 7630 7631
f 7631 7630 7640
f 7399 7398 7630
f 7630 7398 7639
f 7630 7639 7640
f 7640 7639 7649
f 7398 7397 7639
f 7639 7397 7648
f 7639 7648 7649
f 7649 7648 7657
f 7397 7396 7648
f 7648 7396 7656
f 7648 7656 7657
f 7657 7656 7666
f 7396 7395 7656
f 7656 7395 7665
f 7656 7665 7666
f 7666 7665 7675
f 7395 7394 7665
f 7665 7394 7674
f 7665 7674 7675
f 7675 7674 7684
f 7394 7393 7674
f 7674 7393 7683
f 7674 7683 7684
f 7684 7683 7693
f 7393 7392 7683
f 7683 7392 7692
f 7683 7692 7693
f 7693 7692 7702
f 7392 7391 7692
f 7692 7391 7701
f 7692 7701 7702
f 7702 7701 7711
f 7391 7390 7701
f 7701 7390 7710
f 7701 7710 7711
f 7711 7710 7720
f 7390 7389 7710
f 7710 7389 7719
f 7710 7719 7720
f 7720 7719 7729
f 7389 7388 7719
f 7719 7388 7728
f 7719 7728 7729
f 7729 7728 7738
f 7388 7387 7728
f 7728 7387 7737
f 7728 7737 7738
f 7738 7737 7747
f 7387 7386 7737
f 7737 7386 7385
f 7737 7385 7746
f 7746 7385 7384
f 7746 7384 7754
f 7754 7384 7383
f 7754 7383 7763
f 7763 7383 7382
f 7763 7382 7772
f 7772 7382 7381
f 7772 7381 7781
f 7781 7381 7380
f 7781 7380 7790
f 7790 7380 7379
f 7790 7379 7798
f 7798 7379 7378
f 7798 7378 7804
f 7804 7378 7377
f 401 6763 7376
f 7376 6763 6762
f 7376 6762 7810
f 7810 6762 6761
f 7810 6761 6760
f 6759 7809 6760
f 6760 7809 7808
f 6760 7808 7810
f 7810 7808 7376
f 6759 6758 7809
f 7809 6758 6757
f 6756 6755 7807
f 7807 6755 6754
f 7807 6754 6753
f 6752 7802 6753
f 6753 7802 7801
f 6753 7801 7807
f 6752 6751 7802
f 7802 6751 7803
f 7802 7803 7794
f 7794 7803 7795
f 7795 7786 7785
f 7785 7794 7795
f 7786 7777 7776
f 7776 7785 7786
f 7777 7768 7767
f 7767 7776 7777
f 7768 7759 7758
f 7758 7767 7768
f 7759 7751 7750
f 7750 7758 7759
f 7751 7742 7741
f 7741 7750 7751
f 7742 7733 7732
f 7732 7741 7742
f 7733 7724 7723
f 7723 7732 7733
f 7724 7715 7714
f 7714 7723 7724
f 7715 7706 7705
f 7705 7714 7715
f 7706 7697 7696
f 7696 7705 7706
f 7697 7688 7687
f 7687 7696 7697
f 7688 7679 7678
f 7678 7687 7688
f 7679 7670 7669
f 7669 7678 7679
f 7670 7661 7660
f 7660 7669 7670
f 7661 7653 7652
f 7652 7660 7661
f 7653 7644 7643
f 7643 7652 7653
f 7644 7635 7634
f 7634 7643 7644
f 7635 7626 7625
f 7625 7634 7635
f 7626 7617 7616
f 7616 7625 7626
f 7616 7617 7608
f 7608 7617 7609
f 7608 7609 7059
f 7059 7609 7060
f 7060 7609 7610
f 7060 7610 7061
f 7061 7610 7062
f 7062 7610 7611
f 7062 7611 7063
f 7063 7611 7619
f 7063 7619 7620
f 7620 7619 7629
f 7620 7629 7589
f 7589 7629 7588
f 7588 7629 7638
f 7588 7638 7587
f 7587 7638 7647
f 7587 7647 7586
f 7586 7647 7592
f 7586 7592 7585
f 7585 7592 7664
f 7585 7664 7673
f 7673 7664 7663
f 7673 7663 7672
f 7663 7662 7671
f 7671 7672 7663
f 7662 7661 7670
f 7670 7671 7662
f 6751 6750 7803
f 7803 6750 7795
f 6750 6749 7795
f 7795 6749 7796
f 7795 7796 7786
f 7786 7796 7787
f 7787 7778 7777
f 7777 7786 7787
f 7778 7769 7768
f 7768 7777 7778
f 7769 7760 7759
f 7759 7768 7769
f 7760 7752 7751
f 7751 7759 7760
f 7752 7743 7742
f 7742 7751 7752
f 7743 7734 7733
f 7733 7742 7743
f 7734 7725 7724
f 7724 7733 7734
f 7725 7716 7715
f 7715 7724 7725
f 7716 7707 7706
f 7706 7715 7716
f 7707 7698 7697
f 7697 7706 7707
f 7698 7689 7688
f 7688 7697 7698
f 7689 7680 7679
f 7679 7688 7689
f 7680 7671 7670
f 7670 7679 7680
f 6749 6748 7796
f 7796 6748 7797
f 7796 7797 7787
f 7787 7797 7788
f 7788 7779 7778
f 7778 7787 7788
f 7779 7770 7769
f 7769 7778 7779
f 7770 7761 7760
f 7760 7769 7770
f 7761 7753 7752
f 7752 7760 7761
f 7753 7744 7743
f 7743 7752 7753
f 7744 7735 7734
f 7734 7743 7744
f 7735 7726 7725
f 7725 7734 7735
f 7726 7717 7716
f 7716 7725 7726
f 7717 7708 7707
f 7707 7716 7717
f 7708 7699 7698
f 7698 7707 7708
f 7699 7690 7689
f 7689 7698 7699
f 7690 7681 7680
f 7680 7689 7690
f 7681 7672 7671
f 7671 7680 7681
f 6748 7570 7797
f 7797 7570 7788
f 7570 7571 7788
f 7788 7571 7789
f 7788 7789 7779
f 7779 7789 7780
f 7779 7780 7770
f 7770 7780 7771
f 7770 7771 7761
f 7761 7771 7762
f 7761 7762 7753
f 7753 7762 7591
f 7753 7591 7744
f 7744 7591 7745
f 7744 7745 7735
f 7735 7745 7736
f 7735 7736 7726
f 7726 7736 7727
f 7726 7727 7717
f 7717 7727 7718
f 7717 7718 7708
f 7708 7718 7709
f 7708 7709 7699
f 7699 7709 7700
f 7699 7700 7690
f 7690 7700 7691
f 7690 7691 7681
f 7681 7691 7682
f 7681 7682 7672
f 7672 7682 7673
f 7571 7572 7789
f 7789 7572 7573
f 7789 7573 7780
f 7780 7573 7574
f 7780 7574 7771
f 7771 7574 7575
f 7771 7575 7762
f 7762 7575 7576
f 7762 7576 7591
f 7591 7576 7577
f 7591 7577 7745
f 7745 7577 7736
f 7577 7578 7736
f 7736 7578 7727
f 7578 7579 7727
f 7727 7579 7718
f 7579 7580 7718
f 7718 7580 7709
f 7580 7581 7709
f 7709 7581 7700
f 7581 7582 7700
f 7700 7582 7691
f 7582 7583 7691
f 7691 7583 7682
f 7583 7584 7682
f 7682 7584 7673
f 7584 7585 7673
f 7589 7590 7620
f 7620 7590 7064
f 7620 7064 7063
f 7608 7059 7603
f 7603 7059 7058
f 7603 7058 7057
f 7603 7057 7602
f 7602 7057 7056
f 7602 7056 7598
f 7598 7056 7055
f 7598 7055 7597
f 7597 7055 7054
f 7597 7054 7053
f 7596 7594 7593
f 7602 7598 7597
f 7608 7603 7602
f 7608 7607 7615
f 7615 7616 7608
f 7619 7611 7610
f 7610 7609 7618
f 7618 7609 7617
f 7617 7626 7627
f 7627 7618 7617
f 7626 7635 7636
f 7636 7627 7626
f 7635 7644 7645
f 7645 7636 7635
f 7644 7653 7654
f 7654 7645 7644
f 7653 7661 7662
f 7662 7654 7653
f 7602 7607 7608
f 7615 7624 7625
f 7625 7616 7615
f 7624 7633 7634
f 7634 7625 7624
f 7633 7642 7643
f 7643 7634 7633
f 7642 7651 7652
f 7652 7643 7642
f 7651 7659 7660
f 7660 7652 7651
f 7659 7668 7669
f 7669 7660 7659
f 7668 7677 7678
f 7678 7669 7668
f 7677 7686 7687
f 7687 7678 7677
f 7686 7695 7696
f 7696 7687 7686
f 7695 7704 7705
f 7705 7696 7695
f 7704 7713 7714
f 7714 7705 7704
f 7713 7722 7723
f 7723 7714 7713
f 7722 7731 7732
f 7732 7723 7722
f 7731 7740 7741
f 7741 7732 7731
f 7740 7749 7750
f 7750 7741 7740
f 7749 7757 7758
f 7758 7750 7749
f 7757 7766 7767
f 7767 7758 7757
f 7766 7775 7776
f 7776 7767 7766
f 7775 7784 7785
f 7785 7776 7775
f 7784 7793 7794
f 7794 7785 7784
f 7794 7793 7802
f 7802 7793 7801
f 7610 7618 7619
f 7618 7627 7628
f 7628 7619 7618
f 7627 7636 7637
f 7637 7628 7627
f 7636 7645 7646
f 7646 7637 7636
f 7645 7654 7655
f 7655 7646 7645
f 7654 7662 7663
f 7663 7655 7654
f 7638 7629 7628
f 7628 7629 7619
f 7647 7638 7637
f 7637 7638 7628
f 7592 7647 7646
f 7646 7647 7637
f 7664 7592 7655
f 7655 7592 7646
f 7663 7664 7655
f 7755 7747 7746
f 7746 7747 7737
f 7764 7755 7754
f 7754 7755 7746
f 7773 7764 7763
f 7763 7764 7754
f 7782 7773 7772
f 7772 7773 7763
f 7791 7782 7781
f 7781 7782 7772
f 7799 7791 7790
f 7790 7791 7781
f 7805 7799 7798
f 7798 7799 7790
f 7804 7805 7798
f 7572 7590 7573
f 7573 7590 7589
f 7573 7589 7574
f 7574 7589 7588
f 7574 7588 7575
f 7575 7588 7587
f 7575 7587 7576
f 7576 7587 7586
f 7576 7586 7577
f 7577 7586 7585
f 7577 7585 7578
f 7578 7585 7584
f 7578 7584 7579
f 7579 7584 7583
f 7579 7583 7580
f 7580 7583 7582
f 7580 7582 7581
f 400 7811 6764
f 6764 7811 6765
f 6765 7811 6766
f 6766 7811 7873
f 6766 7873 6767
f 6767 7873 6768
f 6768 7873 7871
f 6768 7871 6769
f 6769 7871 7872
f 6769 7872 6770
f 6770 7872 6771
f 6771 7872 7875
f 6771 7875 7876
f 7876 7875 7880
f 7876 7880 7881
f 7880 7886 7887
f 7887 7881 7880
f 7886 7894 7895
f 7895 7887 7886
f 7894 7902 7903
f 7903 7895 7894
f 7902 7910 7911
f 7911 7903 7902
f 7910 7918 7919
f 7919 7911 7910
f 7918 7926 7927
f 7927 7919 7918
f 7926 7934 7935
f 7935 7927 7926
f 7934 7942 7943
f 7943 7935 7934
f 7942 7950 7951
f 7951 7943 7942
f 7950 7958 7959
f 7959 7951 7950
f 7958 7966 7967
f 7967 7959 7958
f 7966 7974 7975
f 7975 7967 7966
f 7974 7982 7983
f 7983 7975 7974
f 7982 7990 7991
f 7991 7983 7982
f 7990 7998 7999
f 7999 7991 7990
f 7998 8006 8007
f 8007 7999 7998
f 8006 8013 8014
f 8014 8007 8006
f 8014 8013 8022
f 8022 8013 8021
f 8022 8021 7865
f 7865 8021 7864
f 7865 7864 8030
f 8030 7864 8029
f 8030 8029 8038
f 8038 8029 8037
f 8037 8045 8046
f 8046 8038 8037
f 8046 8045 8052
f 8052 8045 8051
f 8052 8051 7040
f 7040 8051 7041
f 7041 8051 7042
f 7042 8051 8050
f 7042 8050 8054
f 8054 8050 8049
f 8054 8049 8053
f 8053 8049 7838
f 8053 7838 7839
f 7811 7812 7873
f 7873 7812 7871
f 7812 7813 7871
f 7871 7813 7874
f 7871 7874 7875
f 7875 7874 7879
f 7875 7879 7880
f 7879 7885 7886
f 7886 7880 7879
f 7885 7893 7894
f 7894 7886 7885
f 7893 7901 7902
f 7902 7894 7893
f 7901 7909 7910
f 7910 7902 7901
f 7909 7917 7918
f 7918 7910 7909
f 7917 7925 7926
f 7926 7918 7917
f 7925 7933 7934
f 7934 7926 7925
f 7933 7941 7942
f 7942 7934 7933
f 7941 7949 7950
f 7950 7942 7941
f 7949 7957 7958
f 7958 7950 7949
f 7957 7965 7966
f 7966 7958 7957
f 7965 7973 7974
f 7974 7966 7965
f 7973 7981 7982
f 7982 7974 7973
f 7981 7989 7990
f 7990 7982 7981
f 7989 7997 7998
f 7998 7990 7989
f 7997 8005 8006
f 8006 7998 7997
f 8005 8012 8013
f 8013 8006 8005
f 8013 8012 8021
f 8021 8012 8020
f 8021 8020 7864
f 7864 8020 7863
f 7864 7863 8029
f 8029 7863 8028
f 8029 8028 8037
f 8037 8028 8036
f 8036 8044 8045
f 8045 8037 8036
f 8045 8044 8051
f 8051 8044 8050
f 7813 7814 7874
f 7874 7814 7878
f 7874 7878 7879
f 7879 7878 7885
f 7814 7815 7878
f 7878 7815 7884
f 7878 7884 7885
f 7885 7884 7893
f 7815 7816 7884
f 7884 7816 7892
f 7884 7892 7893
f 7893 7892 7901
f 7816 7817 7892
f 7892 7817 7900
f 7892 7900 7901
f 7901 7900 7909
f 7817 7818 7900
f 7900 7818 7908
f 7900 7908 7909
f 7909 7908 7917
f 7818 7819 7908
f 7908 7819 7916
f 7908 7916 7917
f 7917 7916 7925
f 7819 7820 7916
f 7916 7820 7924
f 7916 7924 7925
f 7925 7924 7933
f 7820 7821 7924
f 7924 7821 7932
f 7924 7932 7933
f 7933 7932 7941
f 7821 7822 7932
f 7932 7822 7940
f 7932 7940 7941
f 7941 7940 7949
f 7822 7823 7940
f 7940 7823 7948
f 7940 7948 7949
f 7949 7948 7957
f 7823 7824 7948
f 7948 7824 7956
f 7948 7956 7957
f 7957 7956 7965
f 7824 7825 7956
f 7956 7825 7964
f 7956 7964 7965
f 7965 7964 7973
f 7825 7826 7964
f 7964 7826 7972
f 7964 7972 7973
f 7973 7972 7981
f 7826 7827 7972
f 7972 7827 7980
f 7972 7980 7981
f 7981 7980 7989
f 7827 7828 7980
f 7980 7828 7988
f 7980 7988 7989
f 7989 7988 7997
f 7828 7829 7988
f 7988 7829 7996
f 7988 7996 7997
f 7997 7996 8005
f 7829 7830 7996
f 7996 7830 8004
f 7996 8004 8005
f 8005 8004 8012
f 7830 7831 8004
f 8004 7831 8011
f 8004 8011 8012
f 8012 8011 8020
f 7831 7832 8011
f 8011 7832 8019
f 8011 8019 8020
f 8020 8019 7863
f 7832 7833 8019
f 8019 7833 7862
f 8019 7862 7863
f 7863 7862 8028
f 7833 7834 7862
f 7862 7834 8027
f 7862 8027 8028
f 8028 8027 8036
f 7834 7835 8027
f 8027 7835 8035
f 8027 8035 8036
f 8036 8035 8044
f 7835 7836 8035
f 8035 7836 8043
f 8035 8043 8044
f 8044 8043 8050
f 7836 7837 8043
f 8043 7837 8049
f 8043 8049 8050
f 7837 7838 8049
f 8053 7839 8055
f 8055 7839 7840
f 8055 7840 7046
f 7046 7840 7047
f 7047 7840 7048
f 7048 7840 361
f 7046 7045 8055
f 8055 7045 7044
f 8055 7044 8053
f 8053 7044 8054
f 7044 7043 8054
f 8054 7043 7042
f 7040 7039 8052
f 8052 7039 8046
f 7039 7038 8046
f 8046 7038 8047
f 8046 8047 8038
f 8038 8047 8039
f 8038 8039 8030
f 8030 8039 8031
f 8030 8031 7865
f 7865 8031 7866
f 7865 7866 8022
f 8022 7866 8023
f 8022 8023 8014
f 8014 8023 8015
f 8015 8008 8007
f 8007 8014 8015
f 8008 8000 7999
f 7999 8007 8008
f 8000 7992 7991
f 7991 7999 8000
f 7992 7984 7983
f 7983 7991 7992
f 7984 7976 7975
f 7975 7983 7984
f 7976 7968 7967
f 7967 7975 7976
f 7968 7960 7959
f 7959 7967 7968
f 7960 7952 7951
f 7951 7959 7960
f 7952 7944 7943
f 7943 7951 7952
f 7944 7936 7935
f 7935 7943 7944
f 7936 7928 7927
f 7927 7935 7936
f 7928 7920 7919
f 7919 7927 7928
f 7920 7912 7911
f 7911 7919 7920
f 7912 7904 7903
f 7903 7911 7912
f 7904 7896 7895
f 7895 7903 7904
f 7896 7888 7887
f 7887 7895 7896
f 7887 7888 7881
f 7881 7888 7882
f 7881 7882 6775
f 6775 7882 6776
f 6776 7882 6777
f 6777 7882 7883
f 6777 7883 6778
f 6778 7883 6779
f 6779 7883 7889
f 6779 7889 7890
f 7890 7889 7898
f 7890 7898 7899
f 7899 7898 7907
f 7899 7907 7859
f 7859 7907 7858
f 7858 7907 7915
f 7858 7915 7857
f 7857 7915 7923
f 7857 7923 7856
f 7856 7923 7931
f 7856 7931 7855
f 7855 7931 7939
f 7855 7939 7854
f 7854 7939 7947
f 7854 7947 7853
f 7853 7947 7955
f 7853 7955 7852
f 7852 7955 7963
f 7852 7963 7851
f 7851 7963 7971
f 7851 7971 7850
f 7850 7971 7979
f 7850 7979 7849
f 7849 7979 7987
f 7849 7987 7848
f 7848 7987 7995
f 7848 7995 7847
f 7847 7995 8003
f 7847 8003 7846
f 7846 8003 7870
f 7846 7870 7845
f 7845 7870 8018
f 7845 8018 8026
f 8026 8018 8017
f 8026 8017 8025
f 8025 8017 8016
f 8025 8016 8024
f 8024 8016 8015
f 8024 8015 8023
f 7038 7037 8047
f 8047 7037 8048
f 8047 8048 8039
f 8039 8048 8040
f 8039 8040 8031
f 8031 8040 8032
f 8031 8032 7866
f 7866 8032 7867
f 7866 7867 8023
f 8023 7867 8024
f 7037 7036 8048
f 8048 7036 7035
f 8048 7035 8040
f 8040 7035 8041
f 8040 8041 8032
f 8032 8041 8033
f 8032 8033 7867
f 7867 8033 7868
f 7867 7868 8024
f 8024 7868 8025
f 7035 7034 8041
f 8041 7034 8042
f 8041 8042 8033
f 8033 8042 8034
f 8033 8034 7868
f 7868 8034 7869
f 7868 7869 8025
f 8025 7869 8026
f 7034 7033 8042
f 8042 7033 7841
f 8042 7841 7842
f 8042 7842 8034
f 8034 7842 7843
f 8034 7843 7869
f 7869 7843 7844
f 7869 7844 8026
f 8026 7844 7845
f 7859 7860 7899
f 7899 7860 7891
f 7899 7891 7890
f 7890 7891 7861
f 7890 7861 6779
f 7860 7861 7891
f 7881 6775 7877
f 7877 6775 6774
f 7877 6774 6773
f 7877 6773 7876
f 7876 6773 6772
f 7876 6772 6771
f 7875 7872 7871
f 7881 7877 7876
f 7889 7883 7882
f 7889 7882 7888
f 7888 7896 7897
f 7897 7889 7888
f 7896 7904 7905
f 7905 7897 7896
f 7904 7912 7913
f 7913 7905 7904
f 7912 7920 7921
f 7921 7913 7912
f 7920 7928 7929
f 7929 7921 7920
f 7928 7936 7937
f 7937 7929 7928
f 7936 7944 7945
f 7945 7937 7936
f 7944 7952 7953
f 7953 7945 7944
f 7952 7960 7961
f 7961 7953 7952
f 7960 7968 7969
f 7969 7961 7960
f 7968 7976 7977
f 7977 7969 7968
f 7976 7984 7985
f 7985 7977 7976
f 7984 7992 7993
f 7993 7985 7984
f 7992 8000 8001
f 8001 7993 7992
f 8000 8008 8009
f 8009 8001 8000
f 8008 8015 8016
f 8016 8009 8008
f 7889 7897 7898
f 7897 7905 7906
f 7906 7898 7897
f 7905 7913 7914
f 7914 7906 7905
f 7913 7921 7922
f 7922 7914 7913
f 7921 7929 7930
f 7930 7922 7921
f 7929 7937 7938
f 7938 7930 7929
f 7937 7945 7946
f 7946 7938 7937
f 7945 7953 7954
f 7954 7946 7945
f 7953 7961 7962
f 7962 7954 7953
f 7961 7969 7970
f 7970 7962 7961
f 7969 7977 7978
f 7978 7970 7969
f 7977 7985 7986
f 7986 7978 7977
f 7985 7993 7994
f 7994 7986 7985
f 7993 8001 8002
f 8002 7994 7993
f 8001 8009 8010
f 8010 8002 8001
f 8009 8016 8017
f 8017 8010 8009
f 7915 7907 7906
f 7906 7907 7898
f 7923 7915 7914
f 7914 7915 7906
f 7931 7923 7922
f 7922 7923 7914
f 7939 7931 7930
f 7930 7931 7922
f 7947 7939 7938
f 7938 7939 7930
f 7955 7947 7946
f 7946 7947 7938
f 7963 7955 7954
f 7954 7955 7946
f 7971 7963 7962
f 7962 7963 7954
f 7979 7971 7970
f 7970 7971 7962
f 7987 7979 7978
f 7978 7979 7970
f 7995 7987 7986
f 7986 7987 7978
f 8003 7995 7994
f 7994 7995 7986
f 7870 8003 8002
f 8002 8003 7994
f 8018 7870 8010
f 8010 7870 8002
f 8017 8018 8010
f 7841 7860 7842
f 7842 7860 7859
f 7842 7859 7843
f 7843 7859 7858
f 7843 7858 7844
f 7844 7858 7857
f 7844 7857 7845
f 7845 7857 7856
f 7845 7856 7846
f 7846 7856 7855
f 7846 7855 7847
f 7847 7855 7854
f 7847 7854 7848
f 7848 7854 7853
f 7848 7853 7849
f 7849 7853 7852
f 7849 7852 7850
f 7850 7852 7851
f 361 7840 7081
f 7081 7840 7082
f 7082 7840 8079
f 7082 8079 7083
f 7083 8079 8080
f 7083 8080 7084
f 7084 8080 7085
f 7085 8080 8082
f 7085 8082 8083
f 8083 8082 8087
f 8083 8087 8088
f 8087 8092 8093
f 8093 8088 8087
f 8092 8100 8101
f 8101 8093 8092
f 8100 8109 8110
f 8110 8101 8100
f 8109 8118 8119
f 8119 8110 8109
f 8118 8127 8128
f 8128 8119 8118
f 8127 8136 8137
f 8137 8128 8127
f 8136 8144 8145
f 8145 8137 8136
f 8144 8153 8154
f 8154 8145 8144
f 8153 8162 8163
f 8163 8154 8153
f 8162 8171 8172
f 8172 8163 8162
f 8171 8180 8181
f 8181 8172 8171
f 8180 8189 8190
f 8190 8181 8180
f 8189 8198 8199
f 8199 8190 8189
f 8198 8207 8208
f 8208 8199 8198
f 8207 8216 8217
f 8217 8208 8207
f 8216 8225 8226
f 8226 8217 8216
f 8225 8234 8235
f 8235 8226 8225
f 8234 8242 8243
f 8243 8235 8234
f 8242 8251 8252
f 8252 8243 8242
f 8251 8260 8261
f 8261 8252 8251
f 8260 8269 8270
f 8270 8261 8260
f 8269 8278 8279
f 8279 8270 8269
f 8278 8286 8287
f 8287 8279 8278
f 8287 8286 8293
f 8293 8286 8292
f 8293 8292 6788
f 6788 8292 6789
f 6789 8292 8291
f 6789 8291 8295
f 8295 8291 8290
f 8295 8290 8294
f 8294 8290 7812
f 8294 7812 7811
f 7840 7839 8079
f 8079 7839 8081
f 8079 8081 8082
f 8082 8081 8086
f 8082 8086 8087
f 8086 8091 8092
f 8092 8087 8086
f 8091 8099 8100
f 8100 8092 8091
f 8099 8108 8109
f 8109 8100 8099
f 8108 8117 8118
f 8118 8109 8108
f 8117 8126 8127
f 8127 8118 8117
f 8126 8135 8136
f 8136 8127 8126
f 8135 8143 8144
f 8144 8136 8135
f 8143 8152 8153
f 8153 8144 8143
f 8152 8161 8162
f 8162 8153 8152
f 8161 8170 8171
f 8171 8162 8161
f 8170 8179 8180
f 8180 8171 8170
f 8179 8188 8189
f 8189 8180 8179
f 8188 8197 8198
f 8198 8189 8188
f 8197 8206 8207
f 8207 8198 8197
f 8206 8215 8216
f 8216 8207 8206
f 8215 8224 8225
f 8225 8216 8215
f 8224 8233 8234
f 8234 8225 8224
f 8233 8241 8242
f 8242 8234 8233
f 8241 8250 8251
f 8251 8242 8241
f 8250 8259 8260
f 8260 8251 8250
f 8259 8268 8269
f 8269 8260 8259
f 8268 8277 8278
f 8278 8269 8268
f 8277 8285 8286
f 8286 8278 8277
f 8286 8285 8292
f 8292 8285 8291
f 7839 7838 8081
f 8081 7838 8085
f 8081 8085 8086
f 8086 8085 8091
f 7838 7837 8085
f 8085 7837 8090
f 8085 8090 8091
f 8091 8090 8099
f 7837 7836 8090
f 8090 7836 8098
f 8090 8098 8099
f 8099 8098 8108
f 7836 7835 8098
f 8098 7835 8107
f 8098 8107 8108
f 8108 8107 8117
f 7835 7834 8107
f 8107 7834 8116
f 8107 8116 8117
f 8117 8116 8126
f 7834 7833 8116
f 8116 7833 8125
f 8116 8125 8126
f 8126 8125 8135
f 7833 7832 8125
f 8125 7832 8134
f 8125 8134 8135
f 8135 8134 8143
f 7832 7831 8134
f 8134 7831 8142
f 8134 8142 8143
f 8143 8142 8152
f 7831 7830 8142
f 8142 7830 8151
f 8142 8151 8152
f 8152 8151 8161
f 7830 7829 8151
f 8151 7829 8160
f 8151 8160 8161
f 8161 8160 8170
f 7829 7828 8160
f 8160 7828 8169
f 8160 8169 8170
f 8170 8169 8179
f 7828 7827 8169
f 8169 7827 8178
f 8169 8178 8179
f 8179 8178 8188
f 7827 7826 8178
f 8178 7826 8187
f 8178 8187 8188
f 8188 8187 8197
f 7826 7825 8187
f 8187 7825 8196
f 8187 8196 8197
f 8197 8196 8206
f 7825 7824 8196
f 8196 7824 8205
f 8196 8205 8206
f 8206 8205 8215
f 7824 7823 8205
f 8205 7823 8214
f 8205 8214 8215
f 8215 8214 8224
f 7823 7822 8214
f 8214 7822 8223
f 8214 8223 8224
f 8224 8223 8233
f 7822 7821 8223
f 8223 7821 7820
f 8223 7820 8232
f 8232 7820 7819
f 8232 7819 8240
f 8240 7819 7818
f 8240 7818 8249
f 8249 7818 7817
f 8249 7817 8258
f 8258 7817 7816
f 8258 7816 8267
f 8267 7816 7815
f 8267 7815 8276
f 8276 7815 7814
f 8276 7814 8284
f 8284 7814 7813
f 8284 7813 8290
f 8290 7813 7812
f 400 6795 7811
f 7811 6795 6794
f 7811 6794 8296
f 8296 6794 6793
f 8296 6793 6792
f 6791 8295 6792
f 6792 8295 8294
f 6792 8294 8296
f 8296 8294 7811
f 6791 6790 8295
f 8295 6790 6789
f 6788 6787 8293
f 8293 6787 6786
f 8293 6786 6785
f 6784 8288 6785
f 6785 8288 8287
f 6785 8287 8293
f 6784 6783 8288
f 8288 6783 8289
f 8288 8289 8280
f 8280 8289 8281
f 8281 8272 8271
f 8271 8280 8281
f 8272 8263 8262
f 8262 8271 8272
f 8263 8254 8253
f 8253 8262 8263
f 8254 8245 8244
f 8244 8253 8254
f 8245 8237 8236
f 8236 8244 8245
f 8237 8228 8227
f 8227 8236 8237
f 8228 8219 8218
f 8218 8227 8228
f 8219 8210 8209
f 8209 8218 8219
f 8210 8201 8200
f 8200 8209 8210
f 8201 8192 8191
f 8191 8200 8201
f 8192 8183 8182
f 8182 8191 8192
f 8183 8174 8173
f 8173 8182 8183
f 8174 8165 8164
f 8164 8173 8174
f 8165 8156 8155
f 8155 8164 8165
f 8156 8147 8146
f 8146 8155 8156
f 8147 8139 8138
f 8138 8146 8147
f 8139 8130 8129
f 8129 8138 8139
f 8130 8121 8120
f 8120 8129 8130
f 8121 8112 8111
f 8111 8120 8121
f 8112 8103 8102
f 8102 8111 8112
f 8102 8103 8094
f 8094 8103 8095
f 8094 8095 7091
f 7091 8095 7092
f 7092 8095 8096
f 7092 8096 7093
f 7093 8096 7094
f 7094 8096 8097
f 7094 8097 7095
f 7095 8097 8105
f 7095 8105 8106
f 8106 8105 8115
f 8106 8115 8075
f 8075 8115 8074
f 8074 8115 8124
f 8074 8124 8073
f 8073 8124 8133
f 8073 8133 8072
f 8072 8133 8078
f 8072 8078 8071
f 8071 8078 8150
f 8071 8150 8159
f 8159 8150 8149
f 8159 8149 8158
f 8149 8148 8157
f 8157 8158 8149
f 8148 8147 8156
f 8156 8157 8148
f 6783 6782 8289
f 8289 6782 8281
f 6782 6781 8281
f 8281 6781 8282
f 8281 8282 8272
f 8272 8282 8273
f 8273 8264 8263
f 8263 8272 8273
f 8264 8255 8254
f 8254 8263 8264
f 8255 8246 8245
f 8245 8254 8255
f 8246 8238 8237
f 8237 8245 8246
f 8238 8229 8228
f 8228 8237 8238
f 8229 8220 8219
f 8219 8228 8229
f 8220 8211 8210
f 8210 8219 8220
f 8211 8202 8201
f 8201 8210 8211
f 8202 8193 8192
f 8192 8201 8202
f 8193 8184 8183
f 8183 8192 8193
f 8184 8175 8174
f 8174 8183 8184
f 8175 8166 8165
f 8165 8174 8175
f 8166 8157 8156
f 8156 8165 8166
f 6781 6780 8282
f 8282 6780 8283
f 8282 8283 8273
f 8273 8283 8274
f 8274 8265 8264
f 8264 8273 8274
f 8265 8256 8255
f 8255 8264 8265
f 8256 8247 8246
f 8246 8255 8256
f 8247 8239 8238
f 8238 8246 8247
f 8239 8230 8229
f 8229 8238 8239
f 8230 8221 8220
f 8220 8229 8230
f 8221 8212 8211
f 8211 8220 8221
f 8212 8203 8202
f 8202 8211 8212
f 8203 8194 8193
f 8193 8202 8203
f 8194 8185 8184
f 8184 8193 8194
f 8185 8176 8175
f 8175 8184 8185
f 8176 8167 8166
f 8166 8175 8176
f 8167 8158 8157
f 8157 8166 8167
f 6780 8056 8283
f 8283 8056 8274
f 8056 8057 8274
f 8274 8057 8275
f 8274 8275 8265
f 8265 8275 8266
f 8265 8266 8256
f 8256 8266 8257
f 8256 8257 8247
f 8247 8257 8248
f 8247 8248 8239
f 8239 8248 8077
f 8239 8077 8230
f 8230 8077 8231
f 8230 8231 8221
f 8221 8231 8222
f 8221 8222 8212
f 8212 8222 8213
f 8212 8213 8203
f 8203 8213 8204
f 8203 8204 8194
f 8194 8204 8195
f 8194 8195 8185
f 8185 8195 8186
f 8185 8186 8176
f 8176 8186 8177
f 8176 8177 8167
f 8167 8177 8168
f 8167 8168 8158
f 8158 8168 8159
f 8057 8058 8275
f 8275 8058 8059
f 8275 8059 8266
f 8266 8059 8060
f 8266 8060 8257
f 8257 8060 8061
f 8257 8061 8248
f 8248 8061 8062
f 8248 8062 8077
f 8077 8062 8063
f 8077 8063 8231
f 8231 8063 8222
f 8063 8064 8222
f 8222 8064 8213
f 8064 8065 8213
f 8213 8065 8204
f 8065 8066 8204
f 8204 8066 8195
f 8066 8067 8195
f 8195 8067 8186
f 8067 8068 8186
f 8186 8068 8177
f 8068 8069 8177
f 8177 8069 8168
f 8069 8070 8168
f 8168 8070 8159
f 8070 8071 8159
f 8075 8076 8106
f 8106 8076 7096
f 8106 7096 7095
f 8094 7091 8089
f 8089 7091 7090
f 8089 7090 7089
f 8089 7089 8088
f 8088 7089 7088
f 8088 7088 8084
f 8084 7088 7087
f 8084 7087 8083
f 8083 7087 7086
f 8083 7086 7085
f 8082 8080 8079
f 8088 8084 8083
f 8094 8089 8088
f 8094 8093 8101
f 8101 8102 8094
f 8105 8097 8096
f 8096 8095 8104
f 8104 8095 8103
f 8103 8112 8113
f 8113 8104 8103
f 8112 8121 8122
f 8122 8113 8112
f 8121 8130 8131
f 8131 8122 8121
f 8130 8139 8140
f 8140 8131 8130
f 8139 8147 8148
f 8148 8140 8139
f 8088 8093 8094
f 8101 8110 8111
f 8111 8102 8101
f 8110 8119 8120
f 8120 8111 8110
f 8119 8128 8129
f 8129 8120 8119
f 8128 8137 8138
f 8138 8129 8128
f 8137 8145 8146
f 8146 8138 8137
f 8145 8154 8155
f 8155 8146 8145
f 8154 8163 8164
f 8164 8155 8154
f 8163 8172 8173
f 8173 8164 8163
f 8172 8181 8182
f 8182 8173 8172
f 8181 8190 8191
f 8191 8182 8181
f 8190 8199 8200
f 8200 8191 8190
f 8199 8208 8209
f 8209 8200 8199
f 8208 8217 8218
f 8218 8209 8208
f 8217 8226 8227
f 8227 8218 8217
f 8226 8235 8236
f 8236 8227 8226
f 8235 8243 8244
f 8244 8236 8235
f 8243 8252 8253
f 8253 8244 8243
f 8252 8261 8262
f 8262 8253 8252
f 8261 8270 8271
f 8271 8262 8261
f 8270 8279 8280
f 8280 8271 8270
f 8280 8279 8288
f 8288 8279 8287
f 8096 8104 8105
f 8104 8113 8114
f 8114 8105 8104
f 8113 8122 8123
f 8123 8114 8113
f 8122 8131 8132
f 8132 8123 8122
f 8131 8140 8141
f 8141 8132 8131
f 8140 8148 8149
f 8149 8141 8140
f 8124 8115 8114
f 8114 8115 8105
f 8133 8124 8123
f 8123 8124 8114
f 8078 8133 8132
f 8132 8133 8123
f 8150 8078 8141
f 8141 8078 8132
f 8149 8150 8141
f 8241 8233 8232
f 8232 8233 8223
f 8250 8241 8240
f 8240 8241 8232
f 8259 8250 8249
f 8249 8250 8240
f 8268 8259 8258
f 8258 8259 8249
f 8277 8268 8267
f 8267 8268 8258
f 8285 8277 8276
f 8276 8277 8267
f 8291 8285 8284
f 8284 8285 8276
f 8290 8291 8284
f 8058 8076 8059
f 8059 8076 8075
f 8059 8075 8060
f 8060 8075 8074
f 8060 8074 8061
f 8061 8074 8073
f 8061 8073 8062
f 8062 8073 8072
f 8062 8072 8063
f 8063 8072 8071
f 8063 8071 8064
f 8064 8071 8070
f 8064 8070 8065
f 8065 8070 8069
f 8065 8069 8066
f 8066 8069 8068
f 8066 8068 8067
f 399 8297 6796
f 6796 8297 6797
f 6797 8297 6798
f 6798 8297 6799
f 6799 8297 8298
f 6799 8298 8353
f 8353 8298 8354
f 8353 8354 6801
f 6801 8354 6802
f 6802 8354 6803
f 6803 8354 8355
f 6803 8355 6804
f 6804 8355 6805
f 6805 8355 8357
f 6805 8357 6806
f 6806 8357 8358
f 6806 8358 6807
f 6807 8358 6808
f 6808 8358 8361
f 6808 8361 8362
f 8362 8361 8367
f 8362 8367 8368
f 8368 8367 8373
f 8368 8373 8344
f 8344 8373 8378
f 8344 8378 8343
f 8343 8378 8383
f 8343 8383 8342
f 8342 8383 8388
f 8342 8388 8341
f 8341 8388 8393
f 8341 8393 8340
f 8340 8393 8398
f 8340 8398 8339
f 8339 8398 8403
f 8339 8403 8338
f 8338 8403 8408
f 8338 8408 8337
f 8337 8408 8413
f 8337 8413 8336
f 8336 8413 8418
f 8336 8418 8335
f 8335 8418 8352
f 8335 8352 8334
f 8334 8352 8427
f 8334 8427 8432
f 8432 8427 8426
f 8432 8426 8431
f 8426 8425 8430
f 8430 8431 8426
f 8425 8424 8429
f 8429 8430 8425
f 8429 8424 8423
f 8423 8424 8419
f 8423 8419 8313
f 8313 8419 8312
f 8312 8419 8414
f 8312 8414 8311
f 8311 8414 8409
f 8311 8409 8310
f 8310 8409 8404
f 8310 8404 8309
f 8309 8404 8399
f 8309 8399 8308
f 8308 8399 8394
f 8308 8394 8307
f 8307 8394 8389
f 8307 8389 8306
f 8306 8389 8384
f 8306 8384 8305
f 8305 8384 8379
f 8305 8379 8304
f 8304 8379 8374
f 8304 8374 8303
f 8303 8374 8369
f 8303 8369 8302
f 8302 8369 8364
f 8302 8364 8301
f 8301 8364 8359
f 8301 8359 8300
f 8300 8359 8356
f 8300 8356 8299
f 8299 8356 8354
f 8299 8354 8298
f 8313 8314 8423
f 8423 8314 8428
f 8423 8428 8429
f 8429 8428 8434
f 8434 8435 8430
f 8430 8429 8434
f 8435 8436 8431
f 8431 8430 8435
f 8431 8436 8437
f 8437 8436 8442
f 8437 8442 8332
f 8332 8442 8331
f 8331 8442 8447
f 8331 8447 8330
f 8330 8447 8452
f 8330 8452 8329
f 8329 8452 8351
f 8329 8351 8328
f 8328 8351 8457
f 8328 8457 8327
f 8327 8457 8462
f 8327 8462 7065
f 7065 8462 8467
f 7065 8467 7066
f 7066 8467 7067
f 7067 8467 8466
f 7067 8466 7068
f 7068 8466 7069
f 7069 8466 8465
f 7069 8465 8470
f 8470 8465 8464
f 8470 8464 8469
f 8469 8464 8463
f 8469 8463 8468
f 8468 8463 8323
f 8468 8323 8324
f 8314 8315 8428
f 8428 8315 8433
f 8428 8433 8434
f 8434 8433 8439
f 8439 8440 8435
f 8435 8434 8439
f 8440 8441 8436
f 8436 8435 8440
f 8436 8441 8442
f 8442 8441 8447
f 8315 8316 8433
f 8433 8316 8438
f 8433 8438 8439
f 8439 8438 8444
f 8444 8445 8440
f 8440 8439 8444
f 8445 8446 8441
f 8441 8440 8445
f 8441 8446 8447
f 8447 8446 8452
f 8316 8317 8438
f 8438 8317 8443
f 8438 8443 8444
f 8444 8443 8449
f 8444 8449 8450
f 8450 8449 8349
f 8450 8349 8350
f 8350 8349 8456
f 8350 8456 8457
f 8457 8456 8462
f 8317 8318 8443
f 8443 8318 8448
f 8443 8448 8449
f 8449 8448 8348
f 8449 8348 8349
f 8349 8348 8455
f 8349 8455 8456
f 8456 8455 8461
f 8456 8461 8462
f 8462 8461 8467
f 8318 8319 8448
f 8448 8319 8347
f 8448 8347 8348
f 8348 8347 8454
f 8348 8454 8455
f 8455 8454 8460
f 8455 8460 8461
f 8461 8460 8466
f 8461 8466 8467
f 8319 8320 8347
f 8347 8320 8453
f 8347 8453 8454
f 8454 8453 8459
f 8454 8459 8460
f 8459 8464 8465
f 8465 8460 8459
f 8320 8321 8453
f 8453 8321 8458
f 8453 8458 8459
f 8459 8458 8464
f 8321 8322 8458
f 8458 8322 8463
f 8458 8463 8464
f 8322 8323 8463
f 8468 8324 8471
f 8471 8324 8325
f 8471 8325 7076
f 7076 8325 7077
f 7077 8325 8326
f 7077 8326 7078
f 7078 8326 7079
f 7079 8326 7080
f 7080 8326 362
f 7076 7075 8471
f 8471 7075 7074
f 8471 7074 7073
f 7072 8469 7073
f 7073 8469 8468
f 7073 8468 8471
f 7072 7071 8469
f 8469 7071 8470
f 7071 7070 8470
f 8470 7070 7069
f 8332 8333 8437
f 8437 8333 8432
f 8437 8432 8431
f 8333 8334 8432
f 8344 8345 8368
f 8368 8345 8363
f 8368 8363 8362
f 8362 8363 6810
f 8362 6810 6809
f 8345 8346 8363
f 8363 8346 6811
f 8363 6811 6810
f 6809 6808 8362
f 6801 6800 8353
f 8353 6800 6799
f 8350 8351 8451
f 8451 8351 8452
f 8451 8452 8446
f 8351 8350 8457
f 8357 8355 8354
f 8354 8356 8357
f 8357 8356 8360
f 8357 8360 8361
f 8360 8365 8366
f 8366 8361 8360
f 8365 8370 8371
f 8371 8366 8365
f 8370 8375 8376
f 8376 8371 8370
f 8375 8380 8381
f 8381 8376 8375
f 8380 8385 8386
f 8386 8381 8380
f 8385 8390 8391
f 8391 8386 8385
f 8390 8395 8396
f 8396 8391 8390
f 8395 8400 8401
f 8401 8396 8395
f 8400 8405 8406
f 8406 8401 8400
f 8405 8410 8411
f 8411 8406 8405
f 8410 8415 8416
f 8416 8411 8410
f 8415 8420 8421
f 8421 8416 8415
f 8420 8424 8425
f 8425 8421 8420
f 8361 8358 8357
f 8365 8360 8359
f 8359 8360 8356
f 8370 8365 8364
f 8364 8365 8359
f 8361 8366 8367
f 8366 8371 8372
f 8372 8367 8366
f 8371 8376 8377
f 8377 8372 8371
f 8376 8381 8382
f 8382 8377 8376
f 8381 8386 8387
f 8387 8382 8381
f 8386 8391 8392
f 8392 8387 8386
f 8391 8396 8397
f 8397 8392 8391
f 8396 8401 8402
f 8402 8397 8396
f 8401 8406 8407
f 8407 8402 8401
f 8406 8411 8412
f 8412 8407 8406
f 8411 8416 8417
f 8417 8412 8411
f 8416 8421 8422
f 8422 8417 8416
f 8421 8425 8426
f 8426 8422 8421
f 8375 8370 8369
f 8369 8370 8364
f 8378 8373 8372
f 8372 8373 8367
f 8380 8375 8374
f 8374 8375 8369
f 8383 8378 8377
f 8377 8378 8372
f 8385 8380 8379
f 8379 8380 8374
f 8388 8383 8382
f 8382 8383 8377
f 8390 8385 8384
f 8384 8385 8379
f 8393 8388 8387
f 8387 8388 8382
f 8395 8390 8389
f 8389 8390 8384
f 8398 8393 8392
f 8392 8393 8387
f 8400 8395 8394
f 8394 8395 8389
f 8403 8398 8397
f 8397 8398 8392
f 8405 8400 8399
f 8399 8400 8394
f 8408 8403 8402
f 8402 8403 8397
f 8410 8405 8404
f 8404 8405 8399
f 8413 8408 8407
f 8407 8408 8402
f 8415 8410 8409
f 8409 8410 8404
f 8418 8413 8412
f 8412 8413 8407
f 8420 8415 8414
f 8414 8415 8409
f 8352 8418 8417
f 8417 8418 8412
f 8424 8420 8419
f 8419 8420 8414
f 8427 8352 8422
f 8422 8352 8417
f 8426 8427 8422
f 8444 8450 8445
f 8445 8450 8451
f 8445 8451 8446
f 8350 8451 8450
f 8465 8466 8460
f 8346 8345 7097
f 7097 8345 8327
f 7097 8327 7098
f 7098 8327 7099
f 7099 8327 7065
f 8345 8344 8327
f 8327 8344 8328
f 8328 8344 8343
f 8328 8343 8329
f 8329 8343 8342
f 8329 8342 8330
f 8330 8342 8341
f 8330 8341 8331
f 8331 8341 8340
f 8331 8340 8332
f 8332 8340 8339
f 8332 8339 8333
f 8333 8339 8338
f 8333 8338 8334
f 8334 8338 8337
f 8334 8337 8335
f 8335 8337 8336
f 362 8326 7116
f 7116 8326 7117
f 7117 8326 8495
f 7117 8495 7118
f 7118 8495 8496
f 7118 8496 7119
f 7119 8496 7120
f 7120 8496 8498
f 7120 8498 8499
f 8499 8498 8503
f 8499 8503 8504
f 8503 8508 8509
f 8509 8504 8503
f 8508 8516 8517
f 8517 8509 8508
f 8516 8525 8526
f 8526 8517 8516
f 8525 8534 8535
f 8535 8526 8525
f 8534 8543 8544
f 8544 8535 8534
f 8543 8552 8553
f 8553 8544 8543
f 8552 8560 8561
f 8561 8553 8552
f 8560 8569 8570
f 8570 8561 8560
f 8569 8578 8579
f 8579 8570 8569
f 8578 8587 8588
f 8588 8579 8578
f 8587 8596 8597
f 8597 8588 8587
f 8596 8605 8606
f 8606 8597 8596
f 8605 8614 8615
f 8615 8606 8605
f 8614 8623 8624
f 8624 8615 8614
f 8623 8632 8633
f 8633 8624 8623
f 8632 8641 8642
f 8642 8633 8632
f 8641 8650 8651
f 8651 8642 8641
f 8650 8658 8659
f 8659 8651 8650
f 8658 8667 8668
f 8668 8659 8658
f 8667 8676 8677
f 8677 8668 8667
f 8676 8685 8686
f 8686 8677 8676
f 8685 8694 8695
f 8695 8686 8685
f 8694 8702 8703
f 8703 8695 8694
f 8703 8702 8709
f 8709 8702 8708
f 8709 8708 6820
f 6820 8708 6821
f 6821 8708 8707
f 6821 8707 8711
f 8711 8707 8706
f 8711 8706 8710
f 8710 8706 8298
f 8710 8298 8297
f 8326 8325 8495
f 8495 8325 8497
f 8495 8497 8498
f 8498 8497 8502
f 8498 8502 8503
f 8502 8507 8508
f 8508 8503 8502
f 8507 8515 8516
f 8516 8508 8507
f 8515 8524 8525
f 8525 8516 8515
f 8524 8533 8534
f 8534 8525 8524
f 8533 8542 8543
f 8543 8534 8533
f 8542 8551 8552
f 8552 8543 8542
f 8551 8559 8560
f 8560 8552 8551
f 8559 8568 8569
f 8569 8560 8559
f 8568 8577 8578
f 8578 8569 8568
f 8577 8586 8587
f 8587 8578 8577
f 8586 8595 8596
f 8596 8587 8586
f 8595 8604 8605
f 8605 8596 8595
f 8604 8613 8614
f 8614 8605 8604
f 8613 8622 8623
f 8623 8614 8613
f 8622 8631 8632
f 8632 8623 8622
f 8631 8640 8641
f 8641 8632 8631
f 8640 8649 8650
f 8650 8641 8640
f 8649 8657 8658
f 8658 8650 8649
f 8657 8666 8667
f 8667 8658 8657
f 8666 8675 8676
f 8676 8667 8666
f 8675 8684 8685
f 8685 8676 8675
f 8684 8693 8694
f 8694 8685 8684
f 8693 8701 8702
f 8702 8694 8693
f 8702 8701 8708
f 8708 8701 8707
f 8325 8324 8497
f 8497 8324 8501
f 8497 8501 8502
f 8502 8501 8507
f 8324 8323 8501
f 8501 8323 8506
f 8501 8506 8507
f 8507 8506 8515
f 8323 8322 8506
f 8506 8322 8514
f 8506 8514 8515
f 8515 8514 8524
f 8322 8321 8514
f 8514 8321 8523
f 8514 8523 8524
f 8524 8523 8533
f 8321 8320 8523
f 8523 8320 8532
f 8523 8532 8533
f 8533 8532 8542
f 8320 8319 8532
f 8532 8319 8541
f 8532 8541 8542
f 8542 8541 8551
f 8319 8318 8541
f 8541 8318 8550
f 8541 8550 8551
f 8551 8550 8559
f 8318 8317 8550
f 8550 8317 8558
f 8550 8558 8559
f 8559 8558 8568
f 8317 8316 8558
f 8558 8316 8567
f 8558 8567 8568
f 8568 8567 8577
f 8316 8315 8567
f 8567 8315 8576
f 8567 8576 8577
f 8577 8576 8586
f 8315 8314 8576
f 8576 8314 8585
f 8576 8585 8586
f 8586 8585 8595
f 8314 8313 8585
f 8585 8313 8594
f 8585 8594 8595
f 8595 8594 8604
f 8313 8312 8594
f 8594 8312 8603
f 8594 8603 8604
f 8604 8603 8613
f 8312 8311 8603
f 8603 8311 8612
f 8603 8612 8613
f 8613 8612 8622
f 8311 8310 8612
f 8612 8310 8621
f 8612 8621 8622
f 8622 8621 8631
f 8310 8309 8621
f 8621 8309 8630
f 8621 8630 8631
f 8631 8630 8640
f 8309 8308 8630
f 8630 8308 8639
f 8630 8639 8640
f 8640 8639 8649
f 8308 8307 8639
f 8639 8307 8306
f 8639 8306 8648
f 8648 8306 8305
f 8648 8305 8656
f 8656 8305 8304
f 8656 8304 8665
f 8665 8304 8303
f 8665 8303 8674
f 8674 8303 8302
f 8674 8302 8683
f 8683 8302 8301
f 8683 8301 8692
f 8692 8301 8300
f 8692 8300 8700
f 8700 8300 8299
f 8700 8299 8706
f 8706 8299 8298
f 399 6827 8297
f 8297 6827 6826
f 8297 6826 8712
f 8712 6826 6825
f 8712 6825 6824
f 6823 8711 6824
f 6824 8711 8710
f 6824 8710 8712
f 8712 8710 8297
f 6823 6822 8711
f 8711 6822 6821
f 6820 6819 8709
f 8709 6819 6818
f 8709 6818 6817
f 6816 8704 6817
f 6817 8704 8703
f 6817 8703 8709
f 6816 6815 8704
f 8704 6815 8705
f 8704 8705 8696
f 8696 8705 8697
f 8697 8688 8687
f 8687 8696 8697
f 8688 8679 8678
f 8678 8687 8688
f 8679 8670 8669
f 8669 8678 8679
f 8670 8661 8660
f 8660 8669 8670
f 8661 8653 8652
f 8652 8660 8661
f 8653 8644 8643
f 8643 8652 8653
f 8644 8635 8634
f 8634 8643 8644
f 8635 8626 8625
f 8625 8634 8635
f 8626 8617 8616
f 8616 8625 8626
f 8617 8608 8607
f 8607 8616 8617
f 8608 8599 8598
f 8598 8607 8608
f 8599 8590 8589
f 8589 8598 8599
f 8590 8581 8580
f 8580 8589 8590
f 8581 8572 8571
f 8571 8580 8581
f 8572 8563 8562
f 8562 8571 8572
f 8563 8555 8554
f 8554 8562 8563
f 8555 8546 8545
f 8545 8554 8555
f 8546 8537 8536
f 8536 8545 8546
f 8537 8528 8527
f 8527 8536 8537
f 8528 8519 8518
f 8518 8527 8528
f 8518 8519 8510
f 8510 8519 8511
f 8510 8511 7126
f 7126 8511 7127
f 7127 8511 8512
f 7127 8512 7128
f 7128 8512 7129
f 7129 8512 8513
f 7129 8513 7130
f 7130 8513 8521
f 7130 8521 8522
f 8522 8521 8531
f 8522 8531 8491
f 8491 8531 8490
f 8490 8531 8540
f 8490 8540 8489
f 8489 8540 8549
f 8489 8549 8488
f 8488 8549 8494
f 8488 8494 8487
f 8487 8494 8566
f 8487 8566 8575
f 8575 8566 8565
f 8575 8565 8574
f 8565 8564 8573
f 8573 8574 8565
f 8564 8563 8572
f 8572 8573 8564
f 6815 6814 8705
f 8705 6814 8697
f 6814 6813 8697
f 8697 6813 8698
f 8697 8698 8688
f 8688 8698 8689
f 8689 8680 8679
f 8679 8688 8689
f 8680 8671 8670
f 8670 8679 8680
f 8671 8662 8661
f 8661 8670 8671
f 8662 8654 8653
f 8653 8661 8662
f 8654 8645 8644
f 8644 8653 8654
f 8645 8636 8635
f 8635 8644 8645
f 8636 8627 8626
f 8626 8635 8636
f 8627 8618 8617
f 8617 8626 8627
f 8618 8609 8608
f 8608 8617 8618
f 8609 8600 8599
f 8599 8608 8609
f 8600 8591 8590
f 8590 8599 8600
f 8591 8582 8581
f 8581 8590 8591
f 8582 8573 8572
f 8572 8581 8582
f 6813 6812 8698
f 8698 6812 8699
f 8698 8699 8689
f 8689 8699 8690
f 8690 8681 8680
f 8680 8689 8690
f 8681 8672 8671
f 8671 8680 8681
f 8672 8663 8662
f 8662 8671 8672
f 8663 8655 8654
f 8654 8662 8663
f 8655 8646 8645
f 8645 8654 8655
f 8646 8637 8636
f 8636 8645 8646
f 8637 8628 8627
f 8627 8636 8637
f 8628 8619 8618
f 8618 8627 8628
f 8619 8610 8609
f 8609 8618 8619
f 8610 8601 8600
f 8600 8609 8610
f 8601 8592 8591
f 8591 8600 8601
f 8592 8583 8582
f 8582 8591 8592
f 8583 8574 8573
f 8573 8582 8583
f 6812 8472 8699
f 8699 8472 8690
f 8472 8473 8690
f 8690 8473 8691
f 8690 8691 8681
f 8681 8691 8682
f 8681 8682 8672
f 8672 8682 8673
f 8672 8673 8663
f 8663 8673 8664
f 8663 8664 8655
f 8655 8664 8493
f 8655 8493 8646
f 8646 8493 8647
f 8646 8647 8637
f 8637 8647 8638
f 8637 8638 8628
f 8628 8638 8629
f 8628 8629 8619
f 8619 8629 8620
f 8619 8620 8610
f 8610 8620 8611
f 8610 8611 8601
f 8601 8611 8602
f 8601 8602 8592
f 8592 8602 8593
f 8592 8593 8583
f 8583 8593 8584
f 8583 8584 8574
f 8574 8584 8575
f 8473 8474 8691
f 8691 8474 8475
f 8691 8475 8682
f 8682 8475 8476
f 8682 8476 8673
f 8673 8476 8477
f 8673 8477 8664
f 8664 8477 8478
f 8664 8478 8493
f 8493 8478 8479
f 8493 8479 8647
f 8647 8479 8638
f 8479 8480 8638
f 8638 8480 8629
f 8480 8481 8629
f 8629 8481 8620
f 8481 8482 8620
f 8620 8482 8611
f 8482 8483 8611
f 8611 8483 8602
f 8483 8484 8602
f 8602 8484 8593
f 8484 8485 8593
f 8593 8485 8584
f 8485 8486 8584
f 8584 8486 8575
f 8486 8487 8575
f 8491 8492 8522
f 8522 8492 7131
f 8522 7131 7130
f 8510 7126 8505
f 8505 7126 7125
f 8505 7125 7124
f 8505 7124 8504
f 8504 7124 7123
f 8504 7123 8500
f 8500 7123 7122
f 8500 7122 8499
f 8499 7122 7121
f 8499 7121 7120
f 8498 8496 8495
f 8504 8500 8499
f 8510 8505 8504
f 8510 8509 8517
f 8517 8518 8510
f 8521 8513 8512
f 8512 8511 8520
f 8520 8511 8519
f 8519 8528 8529
f 8529 8520 8519
f 8528 8537 8538
f 8538 8529 8528
f 8537 8546 8547
f 8547 8538 8537
f 8546 8555 8556
f 8556 8547 8546
f 8555 8563 8564
f 8564 8556 8555
f 8504 8509 8510
f 8517 8526 8527
f 8527 8518 8517
f 8526 8535 8536
f 8536 8527 8526
f 8535 8544 8545
f 8545 8536 8535
f 8544 8553 8554
f 8554 8545 8544
f 8553 8561 8562
f 8562 8554 8553
f 8561 8570 8571
f 8571 8562 8561
f 8570 8579 8580
f 8580 8571 8570
f 8579 8588 8589
f 8589 8580 8579
f 8588 8597 8598
f 8598 8589 8588
f 8597 8606 8607
f 8607 8598 8597
f 8606 8615 8616
f 8616 8607 8606
f 8615 8624 8625
f 8625 8616 8615
f 8624 8633 8634
f 8634 8625 8624
f 8633 8642 8643
f 8643 8634 8633
f 8642 8651 8652
f 8652 8643 8642
f 8651 8659 8660
f 8660 8652 8651
f 8659 8668 8669
f 8669 8660 8659
f 8668 8677 8678
f 8678 8669 8668
f 8677 8686 8687
f 8687 8678 8677
f 8686 8695 8696
f 8696 8687 8686
f 8696 8695 8704
f 8704 8695 8703
f 8512 8520 8521
f 8520 8529 8530
f 8530 8521 8520
f 8529 8538 8539
f 8539 8530 8529
f 8538 8547 8548
f 8548 8539 8538
f 8547 8556 8557
f 8557 8548 8547
f 8556 8564 8565
f 8565 8557 8556
f 8540 8531 8530
f 8530 8531 8521
f 8549 8540 8539
f 8539 8540 8530
f 8494 8549 8548
f 8548 8549 8539
f 8566 8494 8557
f 8557 8494 8548
f 8565 8566 8557
f 8657 8649 8648
f 8648 8649 8639
f 8666 8657 8656
f 8656 8657 8648
f 8675 8666 8665
f 8665 8666 8656
f 8684 8675 8674
f 8674 8675 8665
f 8693 8684 8683
f 8683 8684 8674
f 8701 8693 8692
f 8692 8693 8683
f 8707 8701 8700
f 8700 8701 8692
f 8706 8707 8700
f 8474 8492 8475
f 8475 8492 8491
f 8475 8491 8476
f 8476 8491 8490
f 8476 8490 8477
f 8477 8490 8489
f 8477 8489 8478
f 8478 8489 8488
f 8478 8488 8479
f 8479 8488 8487
f 8479 8487 8480
f 8480 8487 8486
f 8480 8486 8481
f 8481 8486 8485
f 8481 8485 8482
f 8482 8485 8484
f 8482 8484 8483
f 398 8713 6828
f 6828 8713 6829
f 6829 8713 6830
f 6830 8713 6831
f 6831 8713 8714
f 6831 8714 8770
f 8770 8714 8771
f 8770 8771 6833
f 6833 8771 6834
f 6834 8771 6835
f 6835 8771 8772
f 6835 8772 6836
f 6836 8772 6837
f 6837 8772 8774
f 6837 8774 6838
f 6838 8774 8775
f 6838 8775 6839
f 6839 8775 6840
f 6840 8775 8778
f 6840 8778 8779
f 8779 8778 8784
f 8779 8784 8769
f 8769 8784 8789
f 8769 8789 8760
f 8760 8789 8794
f 8760 8794 8759
f 8759 8794 8799
f 8759 8799 8758
f 8758 8799 8804
f 8758 8804 8757
f 8757 8804 8809
f 8757 8809 8756
f 8756 8809 8814
f 8756 8814 8755
f 8755 8814 8819
f 8755 8819 8754
f 8754 8819 8824
f 8754 8824 8753
f 8753 8824 8829
f 8753 8829 8752
f 8752 8829 8834
f 8752 8834 8751
f 8751 8834 8768
f 8751 8768 8750
f 8750 8768 8843
f 8750 8843 8848
f 8848 8843 8842
f 8848 8842 8847
f 8842 8841 8846
f 8846 8847 8842
f 8841 8840 8845
f 8845 8846 8841
f 8845 8840 8839
f 8839 8840 8835
f 8839 8835 8729
f 8729 8835 8728
f 8728 8835 8830
f 8728 8830 8727
f 8727 8830 8825
f 8727 8825 8726
f 8726 8825 8820
f 8726 8820 8725
f 8725 8820 8815
f 8725 8815 8724
f 8724 8815 8810
f 8724 8810 8723
f 8723 8810 8805
f 8723 8805 8722
f 8722 8805 8800
f 8722 8800 8721
f 8721 8800 8795
f 8721 8795 8720
f 8720 8795 8790
f 8720 8790 8719
f 8719 8790 8785
f 8719 8785 8718
f 8718 8785 8781
f 8718 8781 8717
f 8717 8781 8776
f 8717 8776 8716
f 8716 8776 8773
f 8716 8773 8715
f 8715 8773 8771
f 8715 8771 8714
f 8729 8730 8839
f 8839 8730 8844
f 8839 8844 8845
f 8845 8844 8850
f 8850 8851 8846
f 8846 8845 8850
f 8851 8852 8847
f 8847 8846 8851
f 8847 8852 8853
f 8853 8852 8858
f 8853 8858 8748
f 8748 8858 8747
f 8747 8858 8863
f 8747 8863 8746
f 8746 8863 8868
f 8746 8868 8745
f 8745 8868 8767
f 8745 8767 8744
f 8744 8767 8873
f 8744 8873 8743
f 8743 8873 8878
f 8743 8878 7100
f 7100 8878 8883
f 7100 8883 7101
f 7101 8883 7102
f 7102 8883 8882
f 7102 8882 7103
f 7103 8882 7104
f 7104 8882 8881
f 7104 8881 8886
f 8886 8881 8880
f 8886 8880 8885
f 8885 8880 8879
f 8885 8879 8884
f 8884 8879 8739
f 8884 8739 8740
f 8730 8731 8844
f 8844 8731 8849
f 8844 8849 8850
f 8850 8849 8855
f 8855 8856 8851
f 8851 8850 8855
f 8856 8857 8852
f 8852 8851 8856
f 8852 8857 8858
f 8858 8857 8863
f 8731 8732 8849
f 8849 8732 8854
f 8849 8854 8855
f 8855 8854 8860
f 8860 8861 8856
f 8856 8855 8860
f 8861 8862 8857
f 8857 8856 8861
f 8857 8862 8863
f 8863 8862 8868
f 8732 8733 8854
f 8854 8733 8859
f 8854 8859 8860
f 8860 8859 8865
f 8860 8865 8866
f 8866 8865 8765
f 8866 8765 8766
f 8766 8765 8872
f 8766 8872 8873
f 8873 8872 8878
f 8733 8734 8859
f 8859 8734 8864
f 8859 8864 8865
f 8865 8864 8764
f 8865 8764 8765
f 8765 8764 8871
f 8765 8871 8872
f 8872 8871 8877
f 8872 8877 8878
f 8878 8877 8883
f 8734 8735 8864
f 8864 8735 8763
f 8864 8763 8764
f 8764 8763 8870
f 8764 8870 8871
f 8871 8870 8876
f 8871 8876 8877
f 8877 8876 8882
f 8877 8882 8883
f 8735 8736 8763
f 8763 8736 8869
f 8763 8869 8870
f 8870 8869 8875
f 8870 8875 8876
f 8875 8880 8881
f 8881 8876 8875
f 8736 8737 8869
f 8869 8737 8874
f 8869 8874 8875
f 8875 8874 8880
f 8737 8738 8874
f 8874 8738 8879
f 8874 8879 8880
f 8738 8739 8879
f 8884 8740 8887
f 8887 8740 8741
f 8887 8741 7111
f 7111 8741 7112
f 7112 8741 8742
f 7112 8742 7113
f 7113 8742 7114
f 7114 8742 7115
f 7115 8742 363
f 7111 7110 8887
f 8887 7110 7109
f 8887 7109 7108
f 7107 8885 7108
f 7108 8885 8884
f 7108 8884 8887
f 7107 7106 8885
f 8885 7106 8886
f 7106 7105 8886
f 8886 7105 7104
f 8748 8749 8853
f 8853 8749 8848
f 8853 8848 8847
f 8749 8750 8848
f 8760 8761 8769
f 8769 8761 8780
f 8769 8780 8779
f 8779 8780 6842
f 8779 6842 6841
f 8761 8762 8780
f 8780 8762 6843
f 8780 6843 6842
f 6841 6840 8779
f 6833 6832 8770
f 8770 6832 6831
f 8766 8767 8867
f 8867 8767 8868
f 8867 8868 8862
f 8767 8766 8873
f 8774 8772 8771
f 8771 8773 8774
f 8774 8773 8777
f 8774 8777 8778
f 8777 8782 8783
f 8783 8778 8777
f 8782 8786 8787
f 8787 8783 8782
f 8786 8791 8792
f 8792 8787 8786
f 8791 8796 8797
f 8797 8792 8791
f 8796 8801 8802
f 8802 8797 8796
f 8801 8806 8807
f 8807 8802 8801
f 8806 8811 8812
f 8812 8807 8806
f 8811 8816 8817
f 8817 8812 8811
f 8816 8821 8822
f 8822 8817 8816
f 8821 8826 8827
f 8827 8822 8821
f 8826 8831 8832
f 8832 8827 8826
f 8831 8836 8837
f 8837 8832 8831
f 8836 8840 8841
f 8841 8837 8836
f 8778 8775 8774
f 8782 8777 8776
f 8776 8777 8773
f 8786 8782 8781
f 8781 8782 8776
f 8778 8783 8784
f 8783 8787 8788
f 8788 8784 8783
f 8787 8792 8793
f 8793 8788 8787
f 8792 8797 8798
f 8798 8793 8792
f 8797 8802 8803
f 8803 8798 8797
f 8802 8807 8808
f 8808 8803 8802
f 8807 8812 8813
f 8813 8808 8807
f 8812 8817 8818
f 8818 8813 8812
f 8817 8822 8823
f 8823 8818 8817
f 8822 8827 8828
f 8828 8823 8822
f 8827 8832 8833
f 8833 8828 8827
f 8832 8837 8838
f 8838 8833 8832
f 8837 8841 8842
f 8842 8838 8837
f 8791 8786 8785
f 8785 8786 8781
f 8794 8789 8788
f 8788 8789 8784
f 8796 8791 8790
f 8790 8791 8785
f 8799 8794 8793
f 8793 8794 8788
f 8801 8796 8795
f 8795 8796 8790
f 8804 8799 8798
f 8798 8799 8793
f 8806 8801 8800
f 8800 8801 8795
f 8809 8804 8803
f 8803 8804 8798
f 8811 8806 8805
f 8805 8806 8800
f 8814 8809 8808
f 8808 8809 8803
f 8816 8811 8810
f 8810 8811 8805
f 8819 8814 8813
f 8813 8814 8808
f 8821 8816 8815
f 8815 8816 8810
f 8824 8819 8818
f 8818 8819 8813
f 8826 8821 8820
f 8820 8821 8815
f 8829 8824 8823
f 8823 8824 8818
f 8831 8826 8825
f 8825 8826 8820
f 8834 8829 8828
f 8828 8829 8823
f 8836 8831 8830
f 8830 8831 8825
f 8768 8834 8833
f 8833 8834 8828
f 8840 8836 8835
f 8835 8836 8830
f 8843 8768 8838
f 8838 8768 8833
f 8842 8843 8838
f 8860 8866 8861
f 8861 8866 8867
f 8861 8867 8862
f 8766 8867 8866
f 8881 8882 8876
f 8762 8761 7132
f 7132 8761 8743
f 7132 8743 7133
f 7133 8743 7134
f 7134 8743 7100
f 8761 8760 8743
f 8743 8760 8744
f 8744 8760 8759
f 8744 8759 8745
f 8745 8759 8758
f 8745 8758 8746
f 8746 8758 8757
f 8746 8757 8747
f 8747 8757 8756
f 8747 8756 8748
f 8748 8756 8755
f 8748 8755 8749
f 8749 8755 8754
f 8749 8754 8750
f 8750 8754 8753
f 8750 8753 8751
f 8751 8753 8752
f 363 8742 6982
f 6982 8742 6983
f 6983 8742 8911
f 6983 8911 6984
f 6984 8911 8912
f 6984 8912 6985
f 6985 8912 6986
f 6986 8912 8914
f 6986 8914 8915
f 8915 8914 8919
f 8915 8919 8920
f 8919 8924 8925
f 8925 8920 8919
f 8924 8932 8933
f 8933 8925 8924
f 8932 8941 8942
f 8942 8933 8932
f 8941 8950 8951
f 8951 8942 8941
f 8950 8959 8960
f 8960 8951 8950
f 8959 8968 8969
f 8969 8960 8959
f 8968 8976 8977
f 8977 8969 8968
f 8976 8985 8986
f 8986 8977 8976
f 8985 8994 8995
f 8995 8986 8985
f 8994 9003 9004
f 9004 8995 8994
f 9003 9012 9013
f 9013 9004 9003
f 9012 9021 9022
f 9022 9013 9012
f 9021 9030 9031
f 9031 9022 9021
f 9030 9039 9040
f 9040 9031 9030
f 9039 9048 9049
f 9049 9040 9039
f 9048 9057 9058
f 9058 9049 9048
f 9057 9066 9067
f 9067 9058 9057
f 9066 9074 9075
f 9075 9067 9066
f 9074 9083 9084
f 9084 9075 9074
f 9083 9092 9093
f 9093 9084 9083
f 9092 9101 9102
f 9102 9093 9092
f 9101 9110 9111
f 9111 9102 9101
f 9110 9118 9119
f 9119 9111 9110
f 9119 9118 9125
f 9125 9118 9124
f 9125 9124 6852
f 6852 9124 6853
f 6853 9124 9123
f 6853 9123 9127
f 9127 9123 9122
f 9127 9122 9126
f 9126 9122 8714
f 9126 8714 8713
f 8742 8741 8911
f 8911 8741 8913
f 8911 8913 8914
f 8914 8913 8918
f 8914 8918 8919
f 8918 8923 8924
f 8924 8919 8918
f 8923 8931 8932
f 8932 8924 8923
f 8931 8940 8941
f 8941 8932 8931
f 8940 8949 8950
f 8950 8941 8940
f 8949 8958 8959
f 8959 8950 8949
f 8958 8967 8968
f 8968 8959 8958
f 8967 8975 8976
f 8976 8968 8967
f 8975 8984 8985
f 8985 8976 8975
f 8984 8993 8994
f 8994 8985 8984
f 8993 9002 9003
f 9003 8994 8993
f 9002 9011 9012
f 9012 9003 9002
f 9011 9020 9021
f 9021 9012 9011
f 9020 9029 9030
f 9030 9021 9020
f 9029 9038 9039
f 9039 9030 9029
f 9038 9047 9048
f 9048 9039 9038
f 9047 9056 9057
f 9057 9048 9047
f 9056 9065 9066
f 9066 9057 9056
f 9065 9073 9074
f 9074 9066 9065
f 9073 9082 9083
f 9083 9074 9073
f 9082 9091 9092
f 9092 9083 9082
f 9091 9100 9101
f 9101 9092 9091
f 9100 9109 9110
f 9110 9101 9100
f 9109 9117 9118
f 9118 9110 9109
f 9118 9117 9124
f 9124 9117 9123
f 8741 8740 8913
f 8913 8740 8917
f 8913 8917 8918
f 8918 8917 8923
f 8740 8739 8917
f 8917 8739 8922
f 8917 8922 8923
f 8923 8922 8931
f 8739 8738 8922
f 8922 8738 8930
f 8922 8930 8931
f 8931 8930 8940
f 8738 8737 8930
f 8930 8737 8939
f 8930 8939 8940
f 8940 8939 8949
f 8737 8736 8939
f 8939 8736 8948
f 8939 8948 8949
f 8949 8948 8958
f 8736 8735 8948
f 8948 8735 8957
f 8948 8957 8958
f 8958 8957 8967
f 8735 8734 8957
f 8957 8734 8966
f 8957 8966 8967
f 8967 8966 8975
f 8734 8733 8966
f 8966 8733 8974
f 8966 8974 8975
f 8975 8974 8984
f 8733 8732 8974
f 8974 8732 8983
f 8974 8983 8984
f 8984 8983 8993
f 8732 8731 8983
f 8983 8731 8992
f 8983 8992 8993
f 8993 8992 9002
f 8731 8730 8992
f 8992 8730 9001
f 8992 9001 9002
f 9002 9001 9011
f 8730 8729 9001
f 9001 8729 9010
f 9001 9010 9011
f 9011 9010 9020
f 8729 8728 9010
f 9010 8728 9019
f 9010 9019 9020
f 9020 9019 9029
f 8728 8727 9019
f 9019 8727 9028
f 9019 9028 9029
f 9029 9028 9038
f 8727 8726 9028
f 9028 8726 9037
f 9028 9037 9038
f 9038 9037 9047
f 8726 8725 9037
f 9037 8725 9046
f 9037 9046 9047
f 9047 9046 9056
f 8725 8724 9046
f 9046 8724 9055
f 9046 9055 9056
f 9056 9055 9065
f 8724 8723 9055
f 9055 8723 8722
f 9055 8722 9064
f 9064 8722 8721
f 9064 8721 9072
f 9072 8721 8720
f 9072 8720 9081
f 9081 8720 8719
f 9081 8719 9090
f 9090 8719 8718
f 9090 8718 9099
f 9099 8718 8717
f 9099 8717 9108
f 9108 8717 8716
f 9108 8716 9116
f 9116 8716 8715
f 9116 8715 9122
f 9122 8715 8714
f 398 6859 8713
f 8713 6859 6858
f 8713 6858 9128
f 9128 6858 6857
f 9128 6857 6856
f 6855 9127 6856
f 6856 9127 9126
f 6856 9126 9128
f 9128 9126 8713
f 6855 6854 9127
f 9127 6854 6853
f 6852 6851 9125
f 9125 6851 6850
f 9125 6850 6849
f 6848 9120 6849
f 6849 9120 9119
f 6849 9119 9125
f 6848 6847 9120
f 9120 6847 9121
f 9120 9121 9112
f 9112 9121 9113
f 9113 9104 9103
f 9103 9112 9113
f 9104 9095 9094
f 9094 9103 9104
f 9095 9086 9085
f 9085 9094 9095
f 9086 9077 9076
f 9076 9085 9086
f 9077 9069 9068
f 9068 9076 9077
f 9069 9060 9059
f 9059 9068 9069
f 9060 9051 9050
f 9050 9059 9060
f 9051 9042 9041
f 9041 9050 9051
f 9042 9033 9032
f 9032 9041 9042
f 9033 9024 9023
f 9023 9032 9033
f 9024 9015 9014
f 9014 9023 9024
f 9015 9006 9005
f 9005 9014 9015
f 9006 8997 8996
f 8996 9005 9006
f 8997 8988 8987
f 8987 8996 8997
f 8988 8979 8978
f 8978 8987 8988
f 8979 8971 8970
f 8970 8978 8979
f 8971 8962 8961
f 8961 8970 8971
f 8962 8953 8952
f 8952 8961 8962
f 8953 8944 8943
f 8943 8952 8953
f 8944 8935 8934
f 8934 8943 8944
f 8934 8935 8926
f 8926 8935 8927
f 8926 8927 6992
f 6992 8927 6993
f 6993 8927 8928
f 6993 8928 6994
f 6994 8928 6995
f 6995 8928 8929
f 6995 8929 6996
f 6996 8929 8937
f 6996 8937 8938
f 8938 8937 8947
f 8938 8947 8907
f 8907 8947 8906
f 8906 8947 8956
f 8906 8956 8905
f 8905 8956 8965
f 8905 8965 8904
f 8904 8965 8910
f 8904 8910 8903
f 8903 8910 8982
f 8903 8982 8991
f 8991 8982 8981
f 8991 8981 8990
f 8981 8980 8989
f 8989 8990 8981
f 8980 8979 8988
f 8988 8989 8980
f 6847 6846 9121
f 9121 6846 9113
f 6846 6845 9113
f 9113 6845 9114
f 9113 9114 9104
f 9104 9114 9105
f 9105 9096 9095
f 9095 9104 9105
f 9096 9087 9086
f 9086 9095 9096
f 9087 9078 9077
f 9077 9086 9087
f 9078 9070 9069
f 9069 9077 9078
f 9070 9061 9060
f 9060 9069 9070
f 9061 9052 9051
f 9051 9060 9061
f 9052 9043 9042
f 9042 9051 9052
f 9043 9034 9033
f 9033 9042 9043
f 9034 9025 9024
f 9024 9033 9034
f 9025 9016 9015
f 9015 9024 9025
f 9016 9007 9006
f 9006 9015 9016
f 9007 8998 8997
f 8997 9006 9007
f 8998 8989 8988
f 8988 8997 8998
f 6845 6844 9114
f 9114 6844 9115
f 9114 9115 9105
f 9105 9115 9106
f 9106 9097 9096
f 9096 9105 9106
f 9097 9088 9087
f 9087 9096 9097
f 9088 9079 9078
f 9078 9087 9088
f 9079 9071 9070
f 9070 9078 9079
f 9071 9062 9061
f 9061 9070 9071
f 9062 9053 9052
f 9052 9061 9062
f 9053 9044 9043
f 9043 9052 9053
f 9044 9035 9034
f 9034 9043 9044
f 9035 9026 9025
f 9025 9034 9035
f 9026 9017 9016
f 9016 9025 9026
f 9017 9008 9007
f 9007 9016 9017
f 9008 8999 8998
f 8998 9007 9008
f 8999 8990 8989
f 8989 8998 8999
f 6844 8888 9115
f 9115 8888 9106
f 8888 8889 9106
f 9106 8889 9107
f 9106 9107 9097
f 9097 9107 9098
f 9097 9098 9088
f 9088 9098 9089
f 9088 9089 9079
f 9079 9089 9080
f 9079 9080 9071
f 9071 9080 8909
f 9071 8909 9062
f 9062 8909 9063
f 9062 9063 9053
f 9053 9063 9054
f 9053 9054 9044
f 9044 9054 9045
f 9044 9045 9035
f 9035 9045 9036
f 9035 9036 9026
f 9026 9036 9027
f 9026 9027 9017
f 9017 9027 9018
f 9017 9018 9008
f 9008 9018 9009
f 9008 9009 8999
f 8999 9009 9000
f 8999 9000 8990
f 8990 9000 8991
f 8889 8890 9107
f 9107 8890 8891
f 9107 8891 9098
f 9098 8891 8892
f 9098 8892 9089
f 9089 8892 8893
f 9089 8893 9080
f 9080 8893 8894
f 9080 8894 8909
f 8909 8894 8895
f 8909 8895 9063
f 9063 8895 9054
f 8895 8896 9054
f 9054 8896 9045
f 8896 8897 9045
f 9045 8897 9036
f 8897 8898 9036
f 9036 8898 9027
f 8898 8899 9027
f 9027 8899 9018
f 8899 8900 9018
f 9018 8900 9009
f 8900 8901 9009
f 9009 8901 9000
f 8901 8902 9000
f 9000 8902 8991
f 8902 8903 8991
f 8907 8908 8938
f 8938 8908 6997
f 8938 6997 6996
f 8926 6992 8921
f 8921 6992 6991
f 8921 6991 6990
f 8921 6990 8920
f 8920 6990 6989
f 8920 6989 8916
f 8916 6989 6988
f 8916 6988 8915
f 8915 6988 6987
f 8915 6987 6986
f 8914 8912 8911
f 8920 8916 8915
f 8926 8921 8920
f 8926 8925 8933
f 8933 8934 8926
f 8937 8929 8928
f 8928 8927 8936
f 8936 8927 8935
f 8935 8944 8945
f 8945 8936 8935
f 8944 8953 8954
f 8954 8945 8944
f 8953 8962 8963
f 8963 8954 8953
f 8962 8971 8972
f 8972 8963 8962
f 8971 8979 8980
f 8980 8972 8971
f 8920 8925 8926
f 8933 8942 8943
f 8943 8934 8933
f 8942 8951 8952
f 8952 8943 8942
f 8951 8960 8961
f 8961 8952 8951
f 8960 8969 8970
f 8970 8961 8960
f 8969 8977 8978
f 8978 8970 8969
f 8977 8986 8987
f 8987 8978 8977
f 8986 8995 8996
f 8996 8987 8986
f 8995 9004 9005
f 9005 8996 8995
f 9004 9013 9014
f 9014 9005 9004
f 9013 9022 9023
f 9023 9014 9013
f 9022 9031 9032
f 9032 9023 9022
f 9031 9040 9041
f 9041 9032 9031
f 9040 9049 9050
f 9050 9041 9040
f 9049 9058 9059
f 9059 9050 9049
f 9058 9067 9068
f 9068 9059 9058
f 9067 9075 9076
f 9076 9068 9067
f 9075 9084 9085
f 9085 9076 9075
f 9084 9093 9094
f 9094 9085 9084
f 9093 9102 9103
f 9103 9094 9093
f 9102 9111 9112
f 9112 9103 9102
f 9112 9111 9120
f 9120 9111 9119
f 8928 8936 8937
f 8936 8945 8946
f 8946 8937 8936
f 8945 8954 8955
f 8955 8946 8945
f 8954 8963 8964
f 8964 8955 8954
f 8963 8972 8973
f 8973 8964 8963
f 8972 8980 8981
f 8981 8973 8972
f 8956 8947 8946
f 8946 8947 8937
f 8965 8956 8955
f 8955 8956 8946
f 8910 8965 8964
f 8964 8965 8955
f 8982 8910 8973
f 8973 8910 8964
f 8981 8982 8973
f 9073 9065 9064
f 9064 9065 9055
f 9082 9073 9072
f 9072 9073 9064
f 9091 9082 9081
f 9081 9082 9072
f 9100 9091 9090
f 9090 9091 9081
f 9109 9100 9099
f 9099 9100 9090
f 9117 9109 9108
f 9108 9109 9099
f 9123 9117 9116
f 9116 9117 9108
f 9122 9123 9116
f 8890 8908 8891
f 8891 8908 8907
f 8891 8907 8892
f 8892 8907 8906
f 8892 8906 8893
f 8893 8906 8905
f 8893 8905 8894
f 8894 8905 8904
f 8894 8904 8895
f 8895 8904 8903
f 8895 8903 8896
f 8896 8903 8902
f 8896 8902 8897
f 8897 8902 8901
f 8897 8901 8898
f 8898 8901 8900
f 8898 8900 8899
f 397 9129 6860
f 6860 9129 9189
f 6860 9189 6861
f 6861 9189 6862
f 6862 9189 6863
f 6863 9189 6864
f 6864 9189 9190
f 6864 9190 9191
f 9191 9190 9194
f 9191 9194 9195
f 9194 9199 9200
f 9200 9195 9194
f 9199 9206 9207
f 9207 9200 9199
f 9206 9215 9216
f 9216 9207 9206
f 9215 9224 9225
f 9225 9216 9215
f 9224 9233 9234
f 9234 9225 9224
f 9233 9242 9243
f 9243 9234 9233
f 9242 9251 9252
f 9252 9243 9242
f 9251 9260 9261
f 9261 9252 9251
f 9260 9269 9270
f 9270 9261 9260
f 9269 9278 9279
f 9279 9270 9269
f 9278 9286 9287
f 9287 9279 9278
f 9286 9295 9296
f 9296 9287 9286
f 9295 9304 9305
f 9305 9296 9295
f 9304 9313 9314
f 9314 9305 9304
f 9313 9322 9323
f 9323 9314 9313
f 9322 9331 9332
f 9332 9323 9322
f 9331 9340 9341
f 9341 9332 9331
f 9340 9349 9350
f 9350 9341 9340
f 9350 9349 9359
f 9359 9349 9358
f 9359 9358 9181
f 9181 9358 9180
f 9181 9180 9368
f 9368 9180 9367
f 9368 9367 9377
f 9377 9367 9376
f 9376 9385 9386
f 9386 9377 9376
f 9385 9392 9393
f 9393 9386 9385
f 9393 9392 9398
f 9398 9392 9397
f 9398 9397 6975
f 6975 9397 6976
f 6976 9397 6977
f 6977 9397 9399
f 6977 9399 6978
f 6978 9399 9158
f 6978 9158 6979
f 6979 9158 6980
f 6980 9158 6981
f 6981 9158 364
f 9129 9130 9189
f 9189 9130 9190
f 9130 9131 9190
f 9190 9131 9193
f 9190 9193 9194
f 9194 9193 9199
f 9131 9132 9193
f 9193 9132 9198
f 9193 9198 9199
f 9199 9198 9206
f 9132 9133 9198
f 9198 9133 9205
f 9198 9205 9206
f 9206 9205 9215
f 9133 9134 9205
f 9205 9134 9214
f 9205 9214 9215
f 9215 9214 9224
f 9134 9135 9214
f 9214 9135 9223
f 9214 9223 9224
f 9224 9223 9233
f 9135 9136 9223
f 9223 9136 9232
f 9223 9232 9233
f 9233 9232 9242
f 9136 9137 9232
f 9232 9137 9241
f 9232 9241 9242
f 9242 9241 9251
f 9137 9138 9241
f 9241 9138 9250
f 9241 9250 9251
f 9251 9250 9260
f 9138 9139 9250
f 9250 9139 9259
f 9250 9259 9260
f 9260 9259 9269
f 9139 9140 9259
f 9259 9140 9268
f 9259 9268 9269
f 9269 9268 9278
f 9140 9141 9268
f 9268 9141 9277
f 9268 9277 9278
f 9278 9277 9286
f 9141 9142 9277
f 9277 9142 9285
f 9277 9285 9286
f 9286 9285 9295
f 9142 9143 9285
f 9285 9143 9294
f 9285 9294 9295
f 9295 9294 9304
f 9143 9144 9294
f 9294 9144 9303
f 9294 9303 9304
f 9304 9303 9313
f 9144 9145 9303
f 9303 9145 9312
f 9303 9312 9313
f 9313 9312 9322
f 9145 9146 9312
f 9312 9146 9321
f 9312 9321 9322
f 9322 9321 9331
f 9146 9147 9321
f 9321 9147 9330
f 9321 9330 9331
f 9331 9330 9340
f 9147 9148 9330
f 9330 9148 9339
f 9330 9339 9340
f 9340 9339 9349
f 9148 9149 9339
f 9339 9149 9348
f 9339 9348 9349
f 9349 9348 9358
f 9149 9150 9348
f 9348 9150 9357
f 9348 9357 9358
f 9358 9357 9180
f 9150 9151 9357
f 9357 9151 9179
f 9357 9179 9180
f 9180 9179 9367
f 9151 9152 9179
f 9179 9152 9366
f 9179 9366 9367
f 9367 9366 9376
f 9152 9153 9366
f 9366 9153 9375
f 9366 9375 9376
f 9376 9375 9385
f 9153 9154 9375
f 9375 9154 9384
f 9375 9384 9385
f 9385 9384 9392
f 9154 9155 9384
f 9384 9155 9391
f 9384 9391 9392
f 9392 9391 9397
f 9155 9156 9391
f 9391 9156 9396
f 9391 9396 9397
f 9397 9396 9399
f 9156 9157 9396
f 9396 9157 9399
f 9157 9158 9399
f 6975 6974 9398
f 9398 6974 6973
f 9398 6973 9393
f 9393 6973 9394
f 9393 9394 9386
f 9386 9394 9387
f 9387 9378 9377
f 9377 9386 9387
f 9377 9378 9368
f 9368 9378 9369
f 9368 9369 9181
f 9181 9369 9182
f 9181 9182 9359
f 9359 9182 9360
f 9359 9360 9350
f 9350 9360 9351
f 9351 9342 9341
f 9341 9350 9351
f 9342 9333 9332
f 9332 9341 9342
f 9333 9324 9323
f 9323 9332 9333
f 9324 9315 9314
f 9314 9323 9324
f 9315 9306 9305
f 9305 9314 9315
f 9306 9297 9296
f 9296 9305 9306
f 9297 9288 9287
f 9287 9296 9297
f 9288 9280 9279
f 9279 9287 9288
f 9280 9271 9270
f 9270 9279 9280
f 9271 9262 9261
f 9261 9270 9271
f 9262 9253 9252
f 9252 9261 9262
f 9253 9244 9243
f 9243 9252 9253
f 9244 9235 9234
f 9234 9243 9244
f 9235 9226 9225
f 9225 9234 9235
f 9226 9217 9216
f 9216 9225 9226
f 9217 9208 9207
f 9207 9216 9217
f 9208 9201 9200
f 9200 9207 9208
f 9200 9201 9195
f 9195 9201 9196
f 9195 9196 6868
f 6868 9196 6869
f 6869 9196 6870
f 6870 9196 9197
f 6870 9197 6871
f 6871 9197 9202
f 6871 9202 6872
f 6872 9202 9203
f 6872 9203 6873
f 6873 9203 9204
f 6873 9204 6874
f 6874 9204 6875
f 6875 9204 9211
f 6875 9211 9212
f 9212 9211 9221
f 9212 9221 9222
f 9222 9221 9231
f 9222 9231 9176
f 9176 9231 9175
f 9175 9231 9240
f 9175 9240 9174
f 9174 9240 9249
f 9174 9249 9173
f 9173 9249 9258
f 9173 9258 9172
f 9172 9258 9267
f 9172 9267 9171
f 9171 9267 9276
f 9171 9276 9170
f 9170 9276 9188
f 9170 9188 9169
f 9169 9188 9293
f 9169 9293 9302
f 9302 9293 9292
f 9302 9292 9301
f 9292 9291 9300
f 9300 9301 9292
f 9291 9290 9299
f 9299 9300 9291
f 9290 9289 9298
f 9298 9299 9290
f 9289 9288 9297
f 9297 9298 9289
f 6973 6972 9394
f 9394 6972 9395
f 9394 9395 9387
f 9387 9395 9388
f 9388 9379 9378
f 9378 9387 9388
f 9378 9379 9369
f 9369 9379 9370
f 9369 9370 9182
f 9182 9370 9183
f 9182 9183 9360
f 9360 9183 9361
f 9360 9361 9351
f 9351 9361 9352
f 9352 9343 9342
f 9342 9351 9352
f 9343 9334 9333
f 9333 9342 9343
f 9334 9325 9324
f 9324 9333 9334
f 9325 9316 9315
f 9315 9324 9325
f 9316 9307 9306
f 9306 9315 9316
f 9307 9298 9297
f 9297 9306 9307
f 6972 6971 9395
f 9395 6971 6970
f 9395 6970 9388
f 9388 6970 9389
f 9388 9389 9379
f 9379 9389 9380
f 9379 9380 9370
f 9370 9380 9371
f 9370 9371 9183
f 9183 9371 9184
f 9183 9184 9361
f 9361 9184 9362
f 9361 9362 9352
f 9352 9362 9353
f 9353 9344 9343
f 9343 9352 9353
f 9344 9335 9334
f 9334 9343 9344
f 9335 9326 9325
f 9325 9334 9335
f 9326 9317 9316
f 9316 9325 9326
f 9317 9308 9307
f 9307 9316 9317
f 9308 9299 9298
f 9298 9307 9308
f 6970 6969 9389
f 9389 6969 9390
f 9389 9390 9380
f 9380 9390 9381
f 9380 9381 9371
f 9371 9381 9372
f 9371 9372 9184
f 9184 9372 9185
f 9184 9185 9362
f 9362 9185 9363
f 9362 9363 9353
f 9353 9363 9354
f 9354 9345 9344
f 9344 9353 9354
f 9345 9336 9335
f 9335 9344 9345
f 9336 9327 9326
f 9326 9335 9336
f 9327 9318 9317
f 9317 9326 9327
f 9318 9309 9308
f 9308 9317 9318
f 9309 9300 9299
f 9299 9308 9309
f 6969 6968 9390
f 9390 6968 6967
f 9390 6967 9381
f 9381 6967 9382
f 9381 9382 9372
f 9372 9382 9373
f 9372 9373 9185
f 9185 9373 9186
f 9185 9186 9363
f 9363 9186 9364
f 9363 9364 9354
f 9354 9364 9355
f 9355 9346 9345
f 9345 9354 9355
f 9346 9337 9336
f 9336 9345 9346
f 9337 9328 9327
f 9327 9336 9337
f 9328 9319 9318
f 9318 9327 9328
f 9319 9310 9309
f 9309 9318 9319
f 9310 9301 9300
f 9300 9309 9310
f 6967 6966 9382
f 9382 6966 9383
f 9382 9383 9373
f 9373 9383 9374
f 9373 9374 9186
f 9186 9374 9187
f 9186 9187 9364
f 9364 9187 9365
f 9364 9365 9355
f 9355 9365 9356
f 9355 9356 9346
f 9346 9356 9347
f 9346 9347 9337
f 9337 9347 9338
f 9337 9338 9328
f 9328 9338 9329
f 9328 9329 9319
f 9319 9329 9320
f 9319 9320 9310
f 9310 9320 9311
f 9310 9311 9301
f 9301 9311 9302
f 6966 6965 9383
f 9383 6965 9159
f 9383 9159 9160
f 9161 9187 9160
f 9160 9187 9374
f 9160 9374 9383
f 9187 9161 9365
f 9365 9161 9162
f 9365 9162 9356
f 9356 9162 9163
f 9356 9163 9347
f 9347 9163 9164
f 9347 9164 9338
f 9338 9164 9165
f 9338 9165 9329
f 9329 9165 9166
f 9329 9166 9320
f 9320 9166 9167
f 9320 9167 9311
f 9311 9167 9168
f 9311 9168 9302
f 9302 9168 9169
f 9176 9177 9222
f 9222 9177 9213
f 9222 9213 9212
f 9212 9213 9178
f 9212 9178 6875
f 9177 9178 9213
f 9195 6868 9192
f 9192 6868 6867
f 9192 6867 6866
f 9192 6866 9191
f 9191 6866 6865
f 9191 6865 6864
f 9195 9192 9191
f 9202 9197 9196
f 9202 9196 9201
f 9201 9208 9209
f 9209 9202 9201
f 9208 9217 9218
f 9218 9209 9208
f 9217 9226 9227
f 9227 9218 9217
f 9226 9235 9236
f 9236 9227 9226
f 9235 9244 9245
f 9245 9236 9235
f 9244 9253 9254
f 9254 9245 9244
f 9253 9262 9263
f 9263 9254 9253
f 9262 9271 9272
f 9272 9263 9262
f 9271 9280 9281
f 9281 9272 9271
f 9280 9288 9289
f 9289 9281 9280
f 9211 9204 9203
f 9203 9202 9210
f 9210 9202 9209
f 9209 9218 9219
f 9219 9210 9209
f 9218 9227 9228
f 9228 9219 9218
f 9227 9236 9237
f 9237 9228 9227
f 9236 9245 9246
f 9246 9237 9236
f 9245 9254 9255
f 9255 9246 9245
f 9254 9263 9264
f 9264 9255 9254
f 9263 9272 9273
f 9273 9264 9263
f 9272 9281 9282
f 9282 9273 9272
f 9281 9289 9290
f 9290 9282 9281
f 9203 9210 9211
f 9210 9219 9220
f 9220 9211 9210
f 9219 9228 9229
f 9229 9220 9219
f 9228 9237 9238
f 9238 9229 9228
f 9237 9246 9247
f 9247 9238 9237
f 9246 9255 9256
f 9256 9247 9246
f 9255 9264 9265
f 9265 9256 9255
f 9264 9273 9274
f 9274 9265 9264
f 9273 9282 9283
f 9283 9274 9273
f 9282 9290 9291
f 9291 9283 9282
f 9211 9220 9221
f 9220 9229 9230
f 9230 9221 9220
f 9229 9238 9239
f 9239 9230 9229
f 9238 9247 9248
f 9248 9239 9238
f 9247 9256 9257
f 9257 9248 9247
f 9256 9265 9266
f 9266 9257 9256
f 9265 9274 9275
f 9275 9266 9265
f 9274 9283 9284
f 9284 9275 9274
f 9283 9291 9292
f 9292 9284 9283
f 9240 9231 9230
f 9230 9231 9221
f 9249 9240 9239
f 9239 9240 9230
f 9258 9249 9248
f 9248 9249 9239
f 9267 9258 9257
f 9257 9258 9248
f 9276 9267 9266
f 9266 9267 9257
f 9188 9276 9275
f 9275 9276 9266
f 9293 9188 9284
f 9284 9188 9275
f 9292 9293 9284
f 9159 9177 9160
f 9160 9177 9176
f 9160 9176 9161
f 9161 9176 9175
f 9161 9175 9162
f 9162 9175 9174
f 9162 9174 9163
f 9163 9174 9173
f 9163 9173 9164
f 9164 9173 9172
f 9164 9172 9165
f 9165 9172 9171
f 9165 9171 9166
f 9166 9171 9170
f 9166 9170 9167
f 9167 9170 9169
f 9167 9169 9168
f 364 9158 6940
f 6940 9158 6941
f 6941 9158 9423
f 6941 9423 6942
f 6942 9423 9424
f 6942 9424 6943
f 6943 9424 6944
f 6944 9424 9426
f 6944 9426 9427
f 9427 9426 9431
f 9427 9431 9432
f 9431 9436 9437
f 9437 9432 9431
f 9436 9444 9445
f 9445 9437 9436
f 9444 9453 9454
f 9454 9445 9444
f 9453 9462 9463
f 9463 9454 9453
f 9462 9471 9472
f 9472 9463 9462
f 9471 9480 9481
f 9481 9472 9471
f 9480 9488 9489
f 9489 9481 9480
f 9488 9497 9498
f 9498 9489 9488
f 9497 9506 9507
f 9507 9498 9497
f 9506 9515 9516
f 9516 9507 9506
f 9515 9524 9525
f 9525 9516 9515
f 9524 9533 9534
f 9534 9525 9524
f 9533 9542 9543
f 9543 9534 9533
f 9542 9551 9552
f 9552 9543 9542
f 9551 9560 9561
f 9561 9552 9551
f 9560 9569 9570
f 9570 9561 9560
f 9569 9578 9579
f 9579 9570 9569
f 9578 9586 9587
f 9587 9579 9578
f 9586 9595 9596
f 9596 9587 9586
f 9595 9604 9605
f 9605 9596 9595
f 9604 9613 9614
f 9614 9605 9604
f 9613 9622 9623
f 9623 9614 9613
f 9622 9630 9631
f 9631 9623 9622
f 9631 9630 9637
f 9637 9630 9636
f 9637 9636 6892
f 6892 9636 6893
f 6893 9636 9635
f 6893 9635 9639
f 9639 9635 9634
f 9639 9634 9638
f 9638 9634 9130
f 9638 9130 9129
f 9158 9157 9423
f 9423 9157 9425
f 9423 9425 9426
f 9426 9425 9430
f 9426 9430 9431
f 9430 9435 9436
f 9436 9431 9430
f 9435 9443 9444
f 9444 9436 9435
f 9443 9452 9453
f 9453 9444 9443
f 9452 9461 9462
f 9462 9453 9452
f 9461 9470 9471
f 9471 9462 9461
f 9470 9479 9480
f 9480 9471 9470
f 9479 9487 9488
f 9488 9480 9479
f 9487 9496 9497
f 9497 9488 9487
f 9496 9505 9506
f 9506 9497 9496
f 9505 9514 9515
f 9515 9506 9505
f 9514 9523 9524
f 9524 9515 9514
f 9523 9532 9533
f 9533 9524 9523
f 9532 9541 9542
f 9542 9533 9532
f 9541 9550 9551
f 9551 9542 9541
f 9550 9559 9560
f 9560 9551 9550
f 9559 9568 9569
f 9569 9560 9559
f 9568 9577 9578
f 9578 9569 9568
f 9577 9585 9586
f 9586 9578 9577
f 9585 9594 9595
f 9595 9586 9585
f 9594 9603 9604
f 9604 9595 9594
f 9603 9612 9613
f 9613 9604 9603
f 9612 9621 9622
f 9622 9613 9612
f 9621 9629 9630
f 9630 9622 9621
f 9630 9629 9636
f 9636 9629 9635
f 9157 9156 9425
f 9425 9156 9429
f 9425 9429 9430
f 9430 9429 9435
f 9156 9155 9429
f 9429 9155 9434
f 9429 9434 9435
f 9435 9434 9443
f 9155 9154 9434
f 9434 9154 9442
f 9434 9442 9443
f 9443 9442 9452
f 9154 9153 9442
f 9442 9153 9451
f 9442 9451 9452
f 9452 9451 9461
f 9153 9152 9451
f 9451 9152 9460
f 9451 9460 9461
f 9461 9460 9470
f 9152 9151 9460
f 9460 9151 9469
f 9460 9469 9470
f 9470 9469 9479
f 9151 9150 9469
f 9469 9150 9478
f 9469 9478 9479
f 9479 9478 9487
f 9150 9149 9478
f 9478 9149 9486
f 9478 9486 9487
f 9487 9486 9496
f 9149 9148 9486
f 9486 9148 9495
f 9486 9495 9496
f 9496 9495 9505
f 9148 9147 9495
f 9495 9147 9504
f 9495 9504 9505
f 9505 9504 9514
f 9147 9146 9504
f 9504 9146 9513
f 9504 9513 9514
f 9514 9513 9523
f 9146 9145 9513
f 9513 9145 9522
f 9513 9522 9523
f 9523 9522 9532
f 9145 9144 9522
f 9522 9144 9531
f 9522 9531 9532
f 9532 9531 9541
f 9144 9143 9531
f 9531 9143 9540
f 9531 9540 9541
f 9541 9540 9550
f 9143 9142 9540
f 9540 9142 9549
f 9540 9549 9550
f 9550 9549 9559
f 9142 9141 9549
f 9549 9141 9558
f 9549 9558 9559
f 9559 9558 9568
f 9141 9140 9558
f 9558 9140 9567
f 9558 9567 9568
f 9568 9567 9577
f 9140 9139 9567
f 9567 9139 9138
f 9567 9138 9576
f 9576 9138 9137
f 9576 9137 9584
f 9584 9137 9136
f 9584 9136 9593
f 9593 9136 9135
f 9593 9135 9602
f 9602 9135 9134
f 9602 9134 9611
f 9611 9134 9133
f 9611 9133 9620
f 9620 9133 9132
f 9620 9132 9628
f 9628 9132 9131
f 9628 9131 9634
f 9634 9131 9130
f 397 6899 9129
f 9129 6899 6898
f 9129 6898 9640
f 9640 6898 6897
f 9640 6897 6896
f 6895 9639 6896
f 6896 9639 9638
f 6896 9638 9640
f 9640 9638 9129
f 6895 6894 9639
f 9639 6894 6893
f 6892 6891 9637
f 9637 6891 6890
f 9637 6890 6889
f 6888 9632 6889
f 6889 9632 9631
f 6889 9631 9637
f 6888 6887 9632
f 9632 6887 9633
f 9632 9633 9624
f 9624 9633 9625
f 9625 9616 9615
f 9615 9624 9625
f 9616 9607 9606
f 9606 9615 9616
f 9607 9598 9597
f 9597 9606 9607
f 9598 9589 9588
f 9588 9597 9598
f 9589 9581 9580
f 9580 9588 9589
f 9581 9572 9571
f 9571 9580 9581
f 9572 9563 9562
f 9562 9571 9572
f 9563 9554 9553
f 9553 9562 9563
f 9554 9545 9544
f 9544 9553 9554
f 9545 9536 9535
f 9535 9544 9545
f 9536 9527 9526
f 9526 9535 9536
f 9527 9518 9517
f 9517 9526 9527
f 9518 9509 9508
f 9508 9517 9518
f 9509 9500 9499
f 9499 9508 9509
f 9500 9491 9490
f 9490 9499 9500
f 9491 9483 9482
f 9482 9490 9491
f 9483 9474 9473
f 9473 9482 9483
f 9474 9465 9464
f 9464 9473 9474
f 9465 9456 9455
f 9455 9464 9465
f 9456 9447 9446
f 9446 9455 9456
f 9446 9447 9438
f 9438 9447 9439
f 9438 9439 6950
f 6950 9439 6951
f 6951 9439 9440
f 6951 9440 6952
f 6952 9440 6953
f 6953 9440 9441
f 6953 9441 6954
f 6954 9441 9449
f 6954 9449 9450
f 9450 9449 9459
f 9450 9459 9419
f 9419 9459 9418
f 9418 9459 9468
f 9418 9468 9417
f 9417 9468 9477
f 9417 9477 9416
f 9416 9477 9422
f 9416 9422 9415
f 9415 9422 9494
f 9415 9494 9503
f 9503 9494 9493
f 9503 9493 9502
f 9493 9492 9501
f 9501 9502 9493
f 9492 9491 9500
f 9500 9501 9492
f 6887 6886 9633
f 9633 6886 9625
f 6886 6885 9625
f 9625 6885 9626
f 9625 9626 9616
f 9616 9626 9617
f 9617 9608 9607
f 9607 9616 9617
f 9608 9599 9598
f 9598 9607 9608
f 9599 9590 9589
f 9589 9598 9599
f 9590 9582 9581
f 9581 9589 9590
f 9582 9573 9572
f 9572 9581 9582
f 9573 9564 9563
f 9563 9572 9573
f 9564 9555 9554
f 9554 9563 9564
f 9555 9546 9545
f 9545 9554 9555
f 9546 9537 9536
f 9536 9545 9546
f 9537 9528 9527
f 9527 9536 9537
f 9528 9519 9518
f 9518 9527 9528
f 9519 9510 9509
f 9509 9518 9519
f 9510 9501 9500
f 9500 9509 9510
f 6885 6884 9626
f 9626 6884 9627
f 9626 9627 9617
f 9617 9627 9618
f 9618 9609 9608
f 9608 9617 9618
f 9609 9600 9599
f 9599 9608 9609
f 9600 9591 9590
f 9590 9599 9600
f 9591 9583 9582
f 9582 9590 9591
f 9583 9574 9573
f 9573 9582 9583
f 9574 9565 9564
f 9564 9573 9574
f 9565 9556 9555
f 9555 9564 9565
f 9556 9547 9546
f 9546 9555 9556
f 9547 9538 9537
f 9537 9546 9547
f 9538 9529 9528
f 9528 9537 9538
f 9529 9520 9519
f 9519 9528 9529
f 9520 9511 9510
f 9510 9519 9520
f 9511 9502 9501
f 9501 9510 9511
f 6884 9400 9627
f 9627 9400 9618
f 9400 9401 9618
f 9618 9401 9619
f 9618 9619 9609
f 9609 9619 9610
f 9609 9610 9600
f 9600 9610 9601
f 9600 9601 9591
f 9591 9601 9592
f 9591 9592 9583
f 9583 9592 9421
f 9583 9421 9574
f 9574 9421 9575
f 9574 9575 9565
f 9565 9575 9566
f 9565 9566 9556
f 9556 9566 9557
f 9556 9557 9547
f 9547 9557 9548
f 9547 9548 9538
f 9538 9548 9539
f 9538 9539 9529
f 9529 9539 9530
f 9529 9530 9520
f 9520 9530 9521
f 9520 9521 9511
f 9511 9521 9512
f 9511 9512 9502
f 9502 9512 9503
f 9401 9402 9619
f 9619 9402 9403
f 9619 9403 9610
f 9610 9403 9404
f 9610 9404 9601
f 9601 9404 9405
f 9601 9405 9592
f 9592 9405 9406
f 9592 9406 9421
f 9421 9406 9407
f 9421 9407 9575
f 9575 9407 9566
f 9407 9408 9566
f 9566 9408 9557
f 9408 9409 9557
f 9557 9409 9548
f 9409 9410 9548
f 9548 9410 9539
f 9410 9411 9539
f 9539 9411 9530
f 9411 9412 9530
f 9530 9412 9521
f 9412 9413 9521
f 9521 9413 9512
f 9413 9414 9512
f 9512 9414 9503
f 9414 9415 9503
f 9419 9420 9450
f 9450 9420 6955
f 9450 6955 6954
f 9438 6950 9433
f 9433 6950 6949
f 9433 6949 6948
f 9433 6948 9432
f 9432 6948 6947
f 9432 6947 9428
f 9428 6947 6946
f 9428 6946 9427
f 9427 6946 6945
f 9427 6945 6944
f 9426 9424 9423
f 9432 9428 9427
f 9438 9433 9432
f 9438 9437 9445
f 9445 9446 9438
f 9449 9441 9440
f 9440 9439 9448
f 9448 9439 9447
f 9447 9456 9457
f 9457 9448 9447
f 9456 9465 9466
f 9466 9457 9456
f 9465 9474 9475
f 9475 9466 9465
f 9474 9483 9484
f 9484 9475 9474
f 9483 9491 9492
f 9492 9484 9483
f 9432 9437 9438
f 9445 9454 9455
f 9455 9446 9445
f 9454 9463 9464
f 9464 9455 9454
f 9463 9472 9473
f 9473 9464 9463
f 9472 9481 9482
f 9482 9473 9472
f 9481 9489 9490
f 9490 9482 9481
f 9489 9498 9499
f 9499 9490 9489
f 9498 9507 9508
f 9508 9499 9498
f 9507 9516 9517
f 9517 9508 9507
f 9516 9525 9526
f 9526 9517 9516
f 9525 9534 9535
f 9535 9526 9525
f 9534 9543 9544
f 9544 9535 9534
f 9543 9552 9553
f 9553 9544 9543
f 9552 9561 9562
f 9562 9553 9552
f 9561 9570 9571
f 9571 9562 9561
f 9570 9579 9580
f 9580 9571 9570
f 9579 9587 9588
f 9588 9580 9579
f 9587 9596 9597
f 9597 9588 9587
f 9596 9605 9606
f 9606 9597 9596
f 9605 9614 9615
f 9615 9606 9605
f 9614 9623 9624
f 9624 9615 9614
f 9624 9623 9632
f 9632 9623 9631
f 9440 9448 9449
f 9448 9457 9458
f 9458 9449 9448
f 9457 9466 9467
f 9467 9458 9457
f 9466 9475 9476
f 9476 9467 9466
f 9475 9484 9485
f 9485 9476 9475
f 9484 9492 9493
f 9493 9485 9484
f 9468 9459 9458
f 9458 9459 9449
f 9477 9468 9467
f 9467 9468 9458
f 9422 9477 9476
f 9476 9477 9467
f 9494 9422 9485
f 9485 9422 9476
f 9493 9494 9485
f 9585 9577 9576
f 9576 9577 9567
f 9594 9585 9584
f 9584 9585 9576
f 9603 9594 9593
f 9593 9594 9584
f 9612 9603 9602
f 9602 9603 9593
f 9621 9612 9611
f 9611 9612 9602
f 9629 9621 9620
f 9620 9621 9611
f 9635 9629 9628
f 9628 9629 9620
f 9634 9635 9628
f 9402 9420 9403
f 9403 9420 9419
f 9403 9419 9404
f 9404 9419 9418
f 9404 9418 9405
f 9405 9418 9417
f 9405 9417 9406
f 9406 9417 9416
f 9406 9416 9407
f 9407 9416 9415
f 9407 9415 9408
f 9408 9415 9414
f 9408 9414 9409
f 9409 9414 9413
f 9409 9413 9410
f 9410 9413 9412
f 9410 9412 9411
f 396 395 6900
f 6900 395 6901
f 6901 395 9664
f 6901 9664 6902
f 6902 9664 9665
f 6902 9665 6903
f 6903 9665 9666
f 6903 9666 6904
f 6904 9666 6905
f 6905 9666 9668
f 6905 9668 9669
f 9669 9668 9673
f 9669 9673 9674
f 9673 9679 9680
f 9680 9674 9673
f 9679 9687 9688
f 9688 9680 9679
f 9687 9696 9697
f 9697 9688 9687
f 9696 9705 9706
f 9706 9697 9696
f 9705 9714 9715
f 9715 9706 9705
f 9714 9723 9724
f 9724 9715 9714
f 9723 9731 9732
f 9732 9724 9723
f 9731 9740 9741
f 9741 9732 9731
f 9740 9749 9750
f 9750 9741 9740
f 9749 9758 9759
f 9759 9750 9749
f 9758 9767 9768
f 9768 9759 9758
f 9767 9776 9777
f 9777 9768 9767
f 9776 9785 9786
f 9786 9777 9776
f 9785 9794 9795
f 9795 9786 9785
f 9794 9803 9804
f 9804 9795 9794
f 9803 9812 9813
f 9813 9804 9803
f 9812 9821 9822
f 9822 9813 9812
f 9821 9829 9830
f 9830 9822 9821
f 9829 9838 9839
f 9839 9830 9829
f 9838 9847 9848
f 9848 9839 9838
f 9847 9856 9857
f 9857 9848 9847
f 9856 9865 9866
f 9866 9857 9856
f 9865 9873 9874
f 9874 9866 9865
f 9874 9873 9879
f 9879 9873 9878
f 9879 9878 6933
f 6933 9878 6934
f 6934 9878 9877
f 6934 9877 6935
f 6935 9877 9881
f 6935 9881 6936
f 6936 9881 6937
f 6937 9881 9880
f 6937 9880 6938
f 6938 9880 366
f 6938 366 6939
f 6939 366 365
f 9664 395 9665
f 9665 395 394
f 9665 394 9667
f 9667 394 393
f 9667 393 9671
f 9671 393 392
f 9671 392 9677
f 9677 392 391
f 9677 391 9685
f 9685 391 390
f 9685 390 9694
f 9694 390 389
f 9694 389 9703
f 9703 389 388
f 9703 388 9712
f 9712 388 387
f 9712 387 9721
f 9721 387 386
f 9721 386 9729
f 9729 386 385
f 9729 385 384
f 9729 384 9738
f 9738 384 383
f 9738 383 9747
f 9747 383 382
f 9747 382 9756
f 9756 382 381
f 9756 381 9765
f 9765 381 380
f 9765 380 9774
f 9774 380 379
f 9774 379 9783
f 9783 379 378
f 9783 378 9792
f 9792 378 377
f 9792 377 9801
f 9801 377 376
f 9801 376 9810
f 9810 376 375
f 9810 375 9819
f 9819 375 374
f 9819 374 9827
f 9827 374 373
f 9827 373 9836
f 9836 373 372
f 9836 372 9845
f 9845 372 371
f 9845 371 9854
f 9854 371 370
f 9854 370 9863
f 9863 370 369
f 9863 369 9871
f 9871 369 368
f 9871 368 9876
f 9876 368 367
f 9876 367 9880
f 9880 367 366
f 6933 6932 9879
f 9879 6932 6931
f 9879 6931 9874
f 9874 6931 9875
f 9874 9875 9866
f 9866 9875 9867
f 9867 9858 9857
f 9857 9866 9867
f 9858 9849 9848
f 9848 9857 9858
f 9849 9840 9839
f 9839 9848 9849
f 9840 9831 9830
f 9830 9839 9840
f 9831 9823 9822
f 9822 9830 9831
f 9823 9814 9813
f 9813 9822 9823
f 9814 9805 9804
f 9804 9813 9814
f 9805 9796 9795
f 9795 9804 9805
f 9796 9787 9786
f 9786 9795 9796
f 9787 9778 9777
f 9777 9786 9787
f 9778 9769 9768
f 9768 9777 9778
f 9769 9760 9759
f 9759 9768 9769
f 9760 9751 9750
f 9750 9759 9760
f 9751 9742 9741
f 9741 9750 9751
f 9742 9733 9732
f 9732 9741 9742
f 9733 9725 9724
f 9724 9732 9733
f 9725 9716 9715
f 9715 9724 9725
f 9716 9707 9706
f 9706 9715 9716
f 9707 9698 9697
f 9697 9706 9707
f 9698 9689 9688
f 9688 9697 9698
f 9689 9681 9680
f 9680 9688 9689
f 9680 9681 9674
f 9674 9681 9675
f 9674 9675 6910
f 6910 9675 6911
f 6911 9675 6912
f 6912 9675 9676
f 6912 9676 6913
f 6913 9676 9682
f 6913 9682 9683
f 9683 9682 9691
f 9683 9691 9692
f 9691 9700 9701
f 9701 9692 9691
f 9700 9709 9710
f 9710 9701 9700
f 9709 9718 9719
f 9719 9710 9709
f 9718 9727 9728
f 9728 9719 9718
f 9727 9735 9736
f 9736 9728 9727
f 9735 9744 9745
f 9745 9736 9735
f 9744 9753 9754
f 9754 9745 9744
f 9753 9762 9763
f 9763 9754 9753
f 9762 9771 9772
f 9772 9763 9762
f 9771 9780 9781
f 9781 9772 9771
f 9780 9789 9790
f 9790 9781 9780
f 9789 9798 9799
f 9799 9790 9789
f 9798 9807 9808
f 9808 9799 9798
f 9807 9816 9817
f 9817 9808 9807
f 9816 9825 9826
f 9826 9817 9816
f 9825 9833 9834
f 9834 9826 9825
f 9833 9842 9843
f 9843 9834 9833
f 9842 9851 9852
f 9852 9843 9842
f 9851 9860 9861
f 9861 9852 9851
f 9861 9860 9870
f 9870 9860 9869
f 9870 9869 6926
f 6926 9869 6927
f 6927 9869 6928
f 6928 9869 9868
f 6928 9868 6929
f 6929 9868 9867
f 6929 9867 9875
f 6931 6930 9875
f 9875 6930 6929
f 6926 6925 9870
f 9870 6925 9861
f 9861 6925 9862
f 9862 6925 6924
f 9862 6924 9641
f 9641 9642 9862
f 9862 9642 9853
f 9862 9853 9852
f 9852 9853 9843
f 9642 9643 9853
f 9853 9643 9844
f 9853 9844 9843
f 9843 9844 9834
f 9643 9644 9844
f 9844 9644 9835
f 9844 9835 9834
f 9834 9835 9826
f 9644 9645 9835
f 9835 9645 9662
f 9835 9662 9826
f 9826 9662 9817
f 9645 9646 9662
f 9662 9646 9818
f 9662 9818 9817
f 9817 9818 9808
f 9818 9646 9809
f 9809 9646 9647
f 9809 9647 9800
f 9800 9647 9648
f 9800 9648 9791
f 9791 9648 9649
f 9791 9649 9782
f 9782 9649 9650
f 9782 9650 9773
f 9773 9650 9651
f 9773 9651 9764
f 9764 9651 9652
f 9764 9652 9755
f 9755 9652 9653
f 9755 9653 9746
f 9746 9653 9654
f 9746 9654 9737
f 9737 9654 9663
f 9737 9663 9736
f 9736 9663 9728
f 9654 9655 9663
f 9663 9655 9720
f 9663 9720 9719
f 9719 9720 9710
f 9655 9656 9720
f 9720 9656 9711
f 9720 9711 9710
f 9710 9711 9701
f 9656 9657 9711
f 9711 9657 9702
f 9711 9702 9701
f 9701 9702 9692
f 9657 9658 9702
f 9702 9658 9693
f 9702 9693 9692
f 9692 9693 9661
f 9692 9661 9684
f 9684 9661 6915
f 9684 6915 9683
f 9683 6915 6914
f 9683 6914 6913
f 9658 9659 9693
f 9693 9659 9660
f 9693 9660 9661
f 9674 6910 9670
f 9670 6910 6909
f 9670 6909 6908
f 6908 6907 9670
f 9670 6907 9669
f 9670 9669 9674
f 6907 6906 9669
f 9669 6906 6905
f 9668 9666 9665
f 9665 9667 9668
f 9668 9667 9672
f 9668 9672 9673
f 9672 9678 9679
f 9679 9673 9672
f 9678 9686 9687
f 9687 9679 9678
f 9686 9695 9696
f 9696 9687 9686
f 9695 9704 9705
f 9705 9696 9695
f 9704 9713 9714
f 9714 9705 9704
f 9713 9722 9723
f 9723 9714 9713
f 9722 9730 9731
f 9731 9723 9722
f 9730 9739 9740
f 9740 9731 9730
f 9739 9748 9749
f 9749 9740 9739
f 9748 9757 9758
f 9758 9749 9748
f 9757 9766 9767
f 9767 9758 9757
f 9766 9775 9776
f 9776 9767 9766
f 9775 9784 9785
f 9785 9776 9775
f 9784 9793 9794
f 9794 9785 9784
f 9793 9802 9803
f 9803 9794 9793
f 9802 9811 9812
f 9812 9803 9802
f 9811 9820 9821
f 9821 9812 9811
f 9820 9828 9829
f 9829 9821 9820
f 9828 9837 9838
f 9838 9829 9828
f 9837 9846 9847
f 9847 9838 9837
f 9846 9855 9856
f 9856 9847 9846
f 9855 9864 9865
f 9865 9856 9855
f 9864 9872 9873
f 9873 9865 9864
f 9873 9872 9878
f 9878 9872 9877
f 9678 9672 9671
f 9671 9672 9667
f 9682 9676 9675
f 9682 9675 9681
f 9686 9678 9677
f 9677 9678 9671
f 9681 9689 9690
f 9690 9682 9681
f 9689 9698 9699
f 9699 9690 9689
f 9698 9707 9708
f 9708 9699 9698
f 9707 9716 9717
f 9717 9708 9707
f 9716 9725 9726
f 9726 9717 9716
f 9725 9733 9734
f 9734 9726 9725
f 9733 9742 9743
f 9743 9734 9733
f 9742 9751 9752
f 9752 9743 9742
f 9751 9760 9761
f 9761 9752 9751
f 9760 9769 9770
f 9770 9761 9760
f 9769 9778 9779
f 9779 9770 9769
f 9778 9787 9788
f 9788 9779 9778
f 9787 9796 9797
f 9797 9788 9787
f 9796 9805 9806
f 9806 9797 9796
f 9805 9814 9815
f 9815 9806 9805
f 9814 9823 9824
f 9824 9815 9814
f 9823 9831 9832
f 9832 9824 9823
f 9831 9840 9841
f 9841 9832 9831
f 9840 9849 9850
f 9850 9841 9840
f 9849 9858 9859
f 9859 9850 9849
f 9859 9858 9868
f 9868 9858 9867
f 9692 9684 9683
f 9695 9686 9685
f 9685 9686 9677
f 9691 9690 9699
f 9699 9700 9691
f 9682 9690 9691
f 9704 9695 9694
f 9694 9695 9685
f 9699 9708 9709
f 9709 9700 9699
f 9708 9717 9718
f 9718 9709 9708
f 9717 9726 9727
f 9727 9718 9717
f 9726 9734 9735
f 9735 9727 9726
f 9734 9743 9744
f 9744 9735 9734
f 9743 9752 9753
f 9753 9744 9743
f 9752 9761 9762
f 9762 9753 9752
f 9761 9770 9771
f 9771 9762 9761
f 9770 9779 9780
f 9780 9771 9770
f 9779 9788 9789
f 9789 9780 9779
f 9788 9797 9798
f 9798 9789 9788
f 9797 9806 9807
f 9807 9798 9797
f 9806 9815 9816
f 9816 9807 9806
f 9815 9824 9825
f 9825 9816 9815
f 9824 9832 9833
f 9833 9825 9824
f 9832 9841 9842
f 9842 9833 9832
f 9841 9850 9851
f 9851 9842 9841
f 9850 9859 9860
f 9860 9851 9850
f 9860 9859 9869
f 9869 9859 9868
f 9713 9704 9703
f 9703 9704 9694
f 9722 9713 9712
f 9712 9713 9703
f 9728 9663 9719
f 9712 9721 9722
f 9722 9721 9729
f 9722 9729 9730
f 9730 9729 9738
f 9730 9738 9739
f 9739 9738 9748
f 9746 9737 9745
f 9745 9737 9736
f 9755 9746 9745
f 9757 9748 9747
f 9747 9748 9738
f 9764 9755 9754
f 9754 9755 9745
f 9766 9757 9756
f 9756 9757 9747
f 9773 9764 9763
f 9763 9764 9754
f 9775 9766 9765
f 9765 9766 9756
f 9782 9773 9772
f 9772 9773 9763
f 9784 9775 9774
f 9774 9775 9765
f 9791 9782 9781
f 9781 9782 9772
f 9793 9784 9783
f 9783 9784 9774
f 9800 9791 9790
f 9790 9791 9781
f 9802 9793 9792
f 9792 9793 9783
f 9809 9800 9799
f 9799 9800 9790
f 9811 9802 9801
f 9801 9802 9792
f 9818 9809 9808
f 9808 9809 9799
f 9820 9811 9810
f 9810 9811 9801
f 9828 9820 9819
f 9819 9820 9810
f 9837 9828 9827
f 9827 9828 9819
f 9846 9837 9836
f 9836 9837 9827
f 9855 9846 9845
f 9845 9846 9836
f 9861 9862 9852
f 9864 9855 9854
f 9854 9855 9845
f 9872 9864 9863
f 9863 9864 9854
f 9877 9872 9871
f 9871 9872 9863
f 9881 9877 9876
f 9876 9877 9871
f 9880 9881 9876
f 9641 9659 9642
f 9642 9659 9658
f 9642 9658 9643
f 9643 9658 9657
f 9643 9657 9644
f 9644 9657 9656
f 9644 9656 9645
f 9645 9656 9655
f 9645 9655 9646
f 9646 9655 9654
f 9646 9654 9647
f 9647 9654 9653
f 9647 9653 9648
f 9648 9653 9652
f 9648 9652 9649
f 9649 9652 9651
f 9649 9651 9650
f 6780 6811 8056
f 8056 6811 8057
f 8057 6811 8346
f 8057 8346 8058
f 8058 8346 7097
f 8058 7097 8076
f 8076 7097 7096
f 6812 6843 8472
f 8472 6843 8473
f 8473 6843 8762
f 8473 8762 8474
f 8474 8762 7132
f 8474 7132 8492
f 8492 7132 7131
f 6844 6875 8888
f 8888 6875 9178
f 8888 9178 8889
f 8889 9178 9177
f 8889 9177 8890
f 8890 9177 9159
f 8890 9159 8908
f 8908 9159 6965
f 8908 6965 6997
f 6884 6915 9400
f 9400 6915 9661
f 9400 9661 9401
f 9401 9661 9660
f 9401 9660 9402
f 9402 9660 9659
f 9402 9659 9641
f 9402 9641 9420
f 9420 9641 6924
f 9420 6924 6955
f 6748 6779 7570
f 7570 6779 7861
f 7570 7861 7571
f 7571 7861 7860
f 7571 7860 7572
f 7572 7860 7841
f 7572 7841 7590
f 7590 7841 7033
f 7590 7033 7064
f 6716 6747 7135
f 7135 6747 7425
f 7135 7425 7136
f 7136 7425 7424
f 7136 7424 7137
f 7137 7424 7030
f 7137 7030 7155
f 7155 7030 7029
f 9883 9941 9882
f 9882 9941 9940
f 9882 9940 9934
f 9934 9940 9960
f 9934 9960 9933
f 9933 9960 9965
f 9933 9965 9932
f 9932 9965 9970
f 9932 9970 9931
f 9931 9970 9975
f 9931 9975 9930
f 9930 9975 9980
f 9930 9980 9929
f 9929 9980 9985
f 9929 9985 9928
f 9928 9985 9990
f 9928 9990 9927
f 9927 9990 9995
f 9927 9995 9926
f 9926 9995 10000
f 9926 10000 9925
f 9925 10000 10005
f 9925 10005 9924
f 9924 10005 10010
f 9924 10010 9923
f 9923 10010 10015
f 9923 10015 9922
f 9922 10015 10020
f 9922 10020 9921
f 9921 10020 10025
f 9921 10025 9920
f 9920 10025 10031
f 9920 10031 9919
f 9919 10031 10030
f 9919 10030 9918
f 9918 10030 10039
f 9918 10039 9917
f 9917 10039 10044
f 9917 10044 9916
f 9916 10044 10049
f 9916 10049 9915
f 9915 10049 10054
f 9915 10054 9914
f 9914 10054 10059
f 9914 10059 9913
f 9913 10059 10064
f 9913 10064 9912
f 9912 10064 10069
f 9912 10069 9911
f 9911 10069 10074
f 9911 10074 9910
f 9910 10074 10079
f 9910 10079 9909
f 9909 10079 10084
f 9909 10084 9908
f 9908 10084 10089
f 9908 10089 9907
f 9907 10089 10094
f 9907 10094 9906
f 9906 10094 10099
f 9906 10099 9905
f 9905 10099 10104
f 9905 10104 9904
f 9904 10104 10109
f 9904 10109 9903
f 9903 10109 10114
f 9903 10114 9902
f 9902 10114 9901
f 9901 10114 10113
f 9901 10113 9900
f 9900 10113 10112
f 9900 10112 9899
f 9899 10112 10111
f 9899 10111 9898
f 9898 10111 10110
f 9898 10110 9897
f 9897 10110 291
f 291 10110 292
f 292 10110 10105
f 292 10105 293
f 293 10105 10100
f 293 10100 294
f 294 10100 10095
f 294 10095 295
f 295 10095 10090
f 295 10090 296
f 296 10090 10085
f 296 10085 297
f 297 10085 10080
f 297 10080 298
f 298 10080 10075
f 298 10075 299
f 299 10075 10070
f 299 10070 300
f 300 10070 10065
f 300 10065 301
f 301 10065 10060
f 301 10060 302
f 302 10060 10055
f 302 10055 303
f 303 10055 10050
f 303 10050 304
f 304 10050 10045
f 304 10045 305
f 305 10045 10040
f 305 10040 306
f 306 10040 10035
f 306 10035 307
f 307 10035 10026
f 307 10026 308
f 308 10026 9935
f 308 9935 309
f 309 9935 10021
f 309 10021 10016
f 10016 10021 10022
f 10016 10022 10017
f 10022 10023 10018
f 10018 10017 10022
f 10023 10024 10019
f 10019 10018 10023
f 10019 10024 10025
f 10025 10024 10031
f 9883 9884 9941
f 9941 9884 9942
f 9941 9942 9940
f 9940 9942 9939
f 9940 9939 9960
f 9960 9939 9959
f 9960 9959 9965
f 9965 9959 9964
f 9965 9964 9970
f 9970 9964 9969
f 9970 9969 9975
f 9975 9969 9974
f 9975 9974 9980
f 9980 9974 9979
f 9980 9979 9985
f 9985 9979 9984
f 9985 9984 9990
f 9990 9984 9989
f 9990 9989 9995
f 9995 9989 9994
f 9995 9994 10000
f 10000 9994 9999
f 10000 9999 10005
f 10005 9999 10004
f 10005 10004 10010
f 10010 10004 10009
f 10010 10009 10015
f 10015 10009 10014
f 10015 10014 10020
f 10020 10014 10019
f 10020 10019 10025
f 9942 9884 9946
f 9946 9884 9885
f 9946 9885 9947
f 9947 9885 9950
f 9947 9950 9951
f 9951 9950 9953
f 9951 9953 9954
f 9954 9953 9955
f 9954 9955 327
f 327 9955 233
f 233 9955 9888
f 233 9888 9889
f 9885 9886 9950
f 9950 9886 9953
f 9886 9887 9953
f 9953 9887 9955
f 9887 9888 9955
f 9889 9890 233
f 233 9890 9891
f 233 9891 9892
f 9892 9893 233
f 233 9893 9894
f 233 9894 9895
f 9895 9896 233
f 327 326 9954
f 9954 326 9952
f 9954 9952 9951
f 9951 9952 9948
f 9951 9948 9947
f 9948 9944 9943
f 9943 9947 9948
f 9944 9937 9938
f 9938 9943 9944
f 9937 9957 9958
f 9958 9938 9937
f 9957 9962 9963
f 9963 9958 9957
f 9962 9967 9968
f 9968 9963 9962
f 9967 9972 9973
f 9973 9968 9967
f 9972 9977 9978
f 9978 9973 9972
f 9977 9982 9983
f 9983 9978 9977
f 9982 9987 9988
f 9988 9983 9982
f 9987 9992 9993
f 9993 9988 9987
f 9992 9997 9998
f 9998 9993 9992
f 9997 10002 10003
f 10003 9998 9997
f 10002 10007 10008
f 10008 10003 10002
f 10007 10012 10013
f 10013 10008 10007
f 10012 10017 10018
f 10018 10013 10012
f 326 325 9952
f 9952 325 9949
f 9952 9949 9948
f 9948 9949 9944
f 325 324 9949
f 9949 324 9945
f 9949 9945 9944
f 9944 9945 9937
f 324 323 9945
f 9945 323 9936
f 9945 9936 9937
f 9937 9936 9957
f 323 322 9936
f 9936 322 9956
f 9936 9956 9957
f 9957 9956 9962
f 322 321 9956
f 9956 321 9961
f 9956 9961 9962
f 9962 9961 9967
f 321 320 9961
f 9961 320 9966
f 9961 9966 9967
f 9967 9966 9972
f 320 319 9966
f 9966 319 9971
f 9966 9971 9972
f 9972 9971 9977
f 319 318 9971
f 9971 318 9976
f 9971 9976 9977
f 9977 9976 9982
f 318 317 9976
f 9976 317 9981
f 9976 9981 9982
f 9982 9981 9987
f 317 316 9981
f 9981 316 9986
f 9981 9986 9987
f 9987 9986 9992
f 316 315 9986
f 9986 315 9991
f 9986 9991 9992
f 9992 9991 9997
f 315 314 9991
f 9991 314 9996
f 9991 9996 9997
f 9997 9996 10002
f 314 313 9996
f 9996 313 10001
f 9996 10001 10002
f 10002 10001 10007
f 313 312 10001
f 10001 312 10006
f 10001 10006 10007
f 10007 10006 10012
f 312 311 10006
f 10006 311 10011
f 10006 10011 10012
f 10012 10011 10017
f 311 310 10011
f 10011 310 10016
f 10011 10016 10017
f 310 309 10016
f 9939 9942 9943
f 9943 9938 9939
f 9943 9942 9947
f 9947 9942 9946
f 9938 9958 9959
f 9959 9939 9938
f 9958 9963 9964
f 9964 9959 9958
f 9963 9968 9969
f 9969 9964 9963
f 9968 9973 9974
f 9974 9969 9968
f 9973 9978 9979
f 9979 9974 9973
f 9978 9983 9984
f 9984 9979 9978
f 9983 9988 9989
f 9989 9984 9983
f 9988 9993 9994
f 9994 9989 9988
f 9993 9998 9999
f 9999 9994 9993
f 9998 10003 10004
f 10004 9999 9998
f 10003 10008 10009
f 10009 10004 10003
f 10008 10013 10014
f 10014 10009 10008
f 10013 10018 10019
f 10019 10014 10013
f 10022 10021 10034
f 10034 10021 9935
f 10034 9935 10027
f 10027 9935 10026
f 10027 10026 10036
f 10036 10026 10035
f 10036 10035 10041
f 10041 10035 10040
f 10041 10040 10046
f 10046 10040 10045
f 10046 10045 10051
f 10051 10045 10050
f 10051 10050 10056
f 10056 10050 10055
f 10056 10055 10061
f 10061 10055 10060
f 10061 10060 10066
f 10066 10060 10065
f 10066 10065 10071
f 10071 10065 10070
f 10071 10070 10076
f 10076 10070 10075
f 10076 10075 10081
f 10081 10075 10080
f 10081 10080 10086
f 10086 10080 10085
f 10086 10085 10091
f 10091 10085 10090
f 10091 10090 10096
f 10096 10090 10095
f 10096 10095 10101
f 10101 10095 10100
f 10101 10100 10106
f 10106 10100 10105
f 10106 10105 10111
f 10111 10105 10110
f 10022 10034 10033
f 10033 10023 10022
f 10034 10027 10028
f 10028 10033 10034
f 10027 10036 10037
f 10037 10028 10027
f 10036 10041 10042
f 10042 10037 10036
f 10041 10046 10047
f 10047 10042 10041
f 10046 10051 10052
f 10052 10047 10046
f 10051 10056 10057
f 10057 10052 10051
f 10056 10061 10062
f 10062 10057 10056
f 10061 10066 10067
f 10067 10062 10061
f 10066 10071 10072
f 10072 10067 10066
f 10071 10076 10077
f 10077 10072 10071
f 10076 10081 10082
f 10082 10077 10076
f 10081 10086 10087
f 10087 10082 10081
f 10086 10091 10092
f 10092 10087 10086
f 10091 10096 10097
f 10097 10092 10091
f 10096 10101 10102
f 10102 10097 10096
f 10101 10106 10107
f 10107 10102 10101
f 10107 10106 10112
f 10112 10106 10111
f 10023 10033 10032
f 10032 10024 10023
f 10033 10028 10029
f 10029 10032 10033
f 10028 10037 10038
f 10038 10029 10028
f 10037 10042 10043
f 10043 10038 10037
f 10042 10047 10048
f 10048 10043 10042
f 10047 10052 10053
f 10053 10048 10047
f 10052 10057 10058
f 10058 10053 10052
f 10057 10062 10063
f 10063 10058 10057
f 10062 10067 10068
f 10068 10063 10062
f 10067 10072 10073
f 10073 10068 10067
f 10072 10077 10078
f 10078 10073 10072
f 10077 10082 10083
f 10083 10078 10077
f 10082 10087 10088
f 10088 10083 10082
f 10087 10092 10093
f 10093 10088 10087
f 10092 10097 10098
f 10098 10093 10092
f 10097 10102 10103
f 10103 10098 10097
f 10102 10107 10108
f 10108 10103 10102
f 10108 10107 10113
f 10113 10107 10112
f 10029 10030 10032
f 10032 10030 10031
f 10032 10031 10024
f 10030 10029 10039
f 10039 10029 10038
f 10039 10038 10044
f 10044 10038 10043
f 10044 10043 10049
f 10049 10043 10048
f 10049 10048 10054
f 10054 10048 10053
f 10054 10053 10059
f 10059 10053 10058
f 10059 10058 10064
f 10064 10058 10063
f 10064 10063 10069
f 10069 10063 10068
f 10069 10068 10074
f 10074 10068 10073
f 10074 10073 10079
f 10079 10073 10078
f 10079 10078 10084
f 10084 10078 10083
f 10084 10083 10089
f 10089 10083 10088
f 10089 10088 10094
f 10094 10088 10093
f 10094 10093 10099
f 10099 10093 10098
f 10099 10098 10104
f 10104 10098 10103
f 10104 10103 10109
f 10109 10103 10108
f 10109 10108 10114
f 10114 10108 10113
f 10116 9902 10117
f 10117 9902 9901
f 10117 9901 10126
f 10126 9901 9900
f 10126 9900 10125
f 10125 9900 10124
f 10125 10124 10131
f 10131 10124 10130
f 10130 10138 10139
f 10139 10131 10130
f 10138 10145 10146
f 10146 10139 10138
f 10145 10153 10154
f 10154 10146 10145
f 10153 10161 10162
f 10162 10154 10153
f 10161 10168 10169
f 10169 10162 10161
f 10169 10168 283
f 9900 9899 10124
f 10124 9899 10123
f 10124 10123 10130
f 10130 10123 10129
f 10129 10137 10138
f 10138 10130 10129
f 10137 10144 10145
f 10145 10138 10137
f 10144 10152 10153
f 10153 10145 10144
f 10152 10160 10161
f 10161 10153 10152
f 10160 10167 10168
f 10168 10161 10160
f 10168 10167 283
f 9899 9898 10123
f 10123 9898 10122
f 10123 10122 10129
f 10129 10122 10128
f 10128 10136 10137
f 10137 10129 10128
f 10136 10143 10144
f 10144 10137 10136
f 10143 10151 10152
f 10152 10144 10143
f 10151 10159 10160
f 10160 10152 10151
f 10159 10166 10167
f 10167 10160 10159
f 10167 10166 283
f 10122 9898 10121
f 10121 9898 9897
f 10121 9897 10120
f 10120 9897 291
f 10120 291 290
f 290 289 10120
f 10120 289 10127
f 10120 10127 10121
f 10121 10127 10128
f 10121 10128 10122
f 289 288 10127
f 10127 288 10135
f 10127 10135 10128
f 10128 10135 10136
f 288 287 10135
f 10135 287 10142
f 10135 10142 10136
f 10136 10142 10143
f 287 286 10142
f 10142 286 10150
f 10142 10150 10143
f 10143 10150 10151
f 286 285 10150
f 10150 285 10158
f 10150 10158 10151
f 10151 10158 10159
f 285 284 10158
f 10158 284 10165
f 10158 10165 10159
f 10159 10165 10166
f 10116 10118 10115
f 10115 10118 10149
f 10115 10149 10157
f 10157 10149 10156
f 10157 10156 10164
f 10156 10155 10163
f 10163 10164 10156
f 10155 10154 10162
f 10162 10163 10155
f 284 283 10165
f 283 10170 10169
f 283 10171 10170
f 10171 283 10172
f 10115 10157 10119
f 10119 10157 10164
f 10119 10164 10171
f 10164 10163 10170
f 10170 10171 10164
f 10163 10162 10169
f 10169 10170 10163
f 10126 10125 10132
f 10132 10125 10131
f 10131 10139 10140
f 10140 10132 10131
f 10139 10146 10147
f 10147 10140 10139
f 10146 10154 10155
f 10155 10147 10146
f 10116 10117 10134
f 10134 10117 10133
f 10134 10133 10141
f 10133 10132 10140
f 10140 10141 10133
f 10132 10133 10126
f 10126 10133 10117
f 10118 10116 10134
f 10134 10141 10118
f 10118 10141 10148
f 10118 10148 10149
f 10149 10148 10156
f 10140 10147 10148
f 10148 10141 10140
f 10147 10155 10156
f 10156 10148 10147
f 10171 10172 10119
f 10119 10172 10115
f 283 10166 10165
f 283 10115 10172
f 10173 10174 238
f 238 10174 10175
f 238 10175 10176
f 10176 10177 238
f 238 10177 10178
f 238 10178 10179
f 10179 10180 238
f 238 10180 10181
f 238 10181 10227
f 10227 10181 10182
f 10227 10182 10229
f 10229 10182 10228
f 10229 10228 10232
f 10232 10228 10231
f 10232 10231 10236
f 10236 10231 10235
f 10236 10235 10241
f 10241 10235 10240
f 10241 10240 10246
f 10246 10240 10245
f 10246 10245 10251
f 10251 10245 10250
f 10251 10250 10256
f 10256 10250 10255
f 10256 10255 10261
f 10261 10255 10260
f 10261 10260 10266
f 10266 10260 10265
f 10266 10265 10271
f 10271 10265 10270
f 10271 10270 10276
f 10276 10270 10275
f 10276 10275 10281
f 10281 10275 10280
f 10281 10280 10286
f 10286 10280 10285
f 10286 10285 10291
f 10291 10285 10290
f 10291 10290 10296
f 10296 10290 10295
f 10296 10295 10301
f 10301 10295 10300
f 10301 10300 10306
f 10306 10300 10305
f 10306 10305 10311
f 10311 10305 10310
f 10311 10310 10316
f 10316 10310 10315
f 10316 10315 10226
f 10226 10315 10320
f 10226 10320 10325
f 10325 10320 10324
f 10325 10324 10330
f 10330 10324 10329
f 10330 10329 10335
f 10335 10329 10334
f 10335 10334 10340
f 10340 10334 10339
f 10340 10339 10345
f 10345 10339 10344
f 10345 10344 10350
f 10350 10344 10349
f 10350 10349 10355
f 10355 10349 10354
f 10355 10354 10360
f 10360 10354 10359
f 10360 10359 10365
f 10365 10359 10364
f 10365 10364 10370
f 10370 10364 10369
f 10370 10369 10375
f 10375 10369 10374
f 10375 10374 10380
f 10380 10374 10379
f 10380 10379 10385
f 10385 10379 10384
f 10385 10384 10390
f 10390 10384 10389
f 10390 10389 10395
f 10395 10389 10394
f 10395 10394 10400
f 10400 10394 10399
f 10400 10399 10405
f 10405 10399 10404
f 10405 10404 10225
f 10225 10404 10224
f 10224 10404 10403
f 10224 10403 10223
f 10223 10403 10402
f 10223 10402 10222
f 10222 10402 10401
f 10222 10401 10221
f 10221 10401 10220
f 10220 10401 10219
f 10219 10401 10396
f 10219 10396 10218
f 10218 10396 10391
f 10218 10391 10217
f 10217 10391 10386
f 10217 10386 10216
f 10216 10386 10381
f 10216 10381 10215
f 10215 10381 10376
f 10215 10376 10214
f 10214 10376 10371
f 10214 10371 10213
f 10213 10371 10366
f 10213 10366 10212
f 10212 10366 10361
f 10212 10361 10211
f 10211 10361 10356
f 10211 10356 10210
f 10210 10356 10351
f 10210 10351 10209
f 10209 10351 10346
f 10209 10346 10208
f 10208 10346 10341
f 10208 10341 10207
f 10207 10341 10336
f 10207 10336 10206
f 10206 10336 10331
f 10206 10331 10205
f 10205 10331 10326
f 10205 10326 10204
f 10204 10326 10321
f 10204 10321 10203
f 10203 10321 10317
f 10203 10317 10202
f 10202 10317 10312
f 10202 10312 10201
f 10201 10312 10307
f 10201 10307 10200
f 10200 10307 10302
f 10200 10302 10199
f 10199 10302 10297
f 10199 10297 10198
f 10198 10297 10292
f 10198 10292 10197
f 10197 10292 10287
f 10197 10287 10196
f 10196 10287 10282
f 10196 10282 10195
f 10195 10282 10277
f 10195 10277 10194
f 10194 10277 10272
f 10194 10272 10193
f 10193 10272 10267
f 10193 10267 10192
f 10192 10267 10262
f 10192 10262 10191
f 10191 10262 10257
f 10191 10257 10190
f 10190 10257 10252
f 10190 10252 10189
f 10189 10252 10247
f 10189 10247 10188
f 10188 10247 10242
f 10188 10242 10187
f 10187 10242 10237
f 10187 10237 10186
f 10186 10237 10238
f 10186 10238 10185
f 10185 10238 10233
f 10185 10233 10184
f 10184 10233 10234
f 10184 10234 10230
f 10230 10234 10235
f 10230 10235 10231
f 10182 10183 10228
f 10228 10183 10231
f 10231 10183 10230
f 10230 10183 10184
f 10225 275 10405
f 10405 275 274
f 10405 274 10400
f 10400 274 273
f 10400 273 10395
f 10395 273 272
f 10395 272 10390
f 10390 272 271
f 10390 271 10385
f 10385 271 270
f 10385 270 10380
f 10380 270 269
f 10380 269 10375
f 10375 269 268
f 10375 268 10370
f 10370 268 267
f 10370 267 10365
f 10365 267 266
f 10365 266 10360
f 10360 266 265
f 10360 265 10355
f 10355 265 264
f 10355 264 10350
f 10350 264 263
f 10350 263 10345
f 10345 263 262
f 10345 262 10340
f 10340 262 261
f 10340 261 10335
f 10335 261 260
f 10335 260 10330
f 10330 260 259
f 10330 259 10325
f 10325 259 258
f 10325 258 10226
f 10226 258 257
f 10226 257 10316
f 10316 257 10311
f 257 256 10311
f 10311 256 10306
f 256 255 10306
f 10306 255 10301
f 255 254 10301
f 10301 254 10296
f 254 253 10296
f 10296 253 10291
f 253 252 10291
f 10291 252 10286
f 252 251 10286
f 10286 251 10281
f 251 250 10281
f 10281 250 10276
f 250 249 10276
f 10276 249 10271
f 249 248 10271
f 10271 248 10266
f 248 247 10266
f 10266 247 10261
f 247 246 10261
f 10261 246 10256
f 246 245 10256
f 10256 245 10251
f 245 244 10251
f 10251 244 10246
f 244 243 10246
f 10246 243 10241
f 243 242 10241
f 10241 242 10236
f 242 241 10236
f 10236 241 10232
f 241 240 10232
f 10232 240 10229
f 240 239 10229
f 10229 239 10227
f 239 238 10227
f 10235 10234 10239
f 10239 10240 10235
f 10239 10234 10233
f 10233 10238 10239
f 10238 10243 10244
f 10244 10239 10238
f 10243 10248 10249
f 10249 10244 10243
f 10248 10253 10254
f 10254 10249 10248
f 10253 10258 10259
f 10259 10254 10253
f 10258 10263 10264
f 10264 10259 10258
f 10263 10268 10269
f 10269 10264 10263
f 10268 10273 10274
f 10274 10269 10268
f 10273 10278 10279
f 10279 10274 10273
f 10278 10283 10284
f 10284 10279 10278
f 10283 10288 10289
f 10289 10284 10283
f 10288 10293 10294
f 10294 10289 10288
f 10293 10298 10299
f 10299 10294 10293
f 10298 10303 10304
f 10304 10299 10298
f 10303 10308 10309
f 10309 10304 10303
f 10308 10313 10314
f 10314 10309 10308
f 10313 10318 10319
f 10319 10314 10313
f 10318 10322 10323
f 10323 10319 10318
f 10322 10327 10328
f 10328 10323 10322
f 10327 10332 10333
f 10333 10328 10327
f 10332 10337 10338
f 10338 10333 10332
f 10337 10342 10343
f 10343 10338 10337
f 10342 10347 10348
f 10348 10343 10342
f 10347 10352 10353
f 10353 10348 10347
f 10352 10357 10358
f 10358 10353 10352
f 10357 10362 10363
f 10363 10358 10357
f 10362 10367 10368
f 10368 10363 10362
f 10367 10372 10373
f 10373 10368 10367
f 10372 10377 10378
f 10378 10373 10372
f 10377 10382 10383
f 10383 10378 10377
f 10382 10387 10388
f 10388 10383 10382
f 10387 10392 10393
f 10393 10388 10387
f 10392 10397 10398
f 10398 10393 10392
f 10398 10397 10403
f 10403 10397 10402
f 10238 10237 10243
f 10243 10237 10242
f 10243 10242 10248
f 10248 10242 10247
f 10248 10247 10253
f 10253 10247 10252
f 10253 10252 10258
f 10258 10252 10257
f 10258 10257 10263
f 10263 10257 10262
f 10263 10262 10268
f 10268 10262 10267
f 10268 10267 10273
f 10273 10267 10272
f 10273 10272 10278
f 10278 10272 10277
f 10278 10277 10283
f 10283 10277 10282
f 10283 10282 10288
f 10288 10282 10287
f 10288 10287 10293
f 10293 10287 10292
f 10293 10292 10298
f 10298 10292 10297
f 10298 10297 10303
f 10303 10297 10302
f 10303 10302 10308
f 10308 10302 10307
f 10308 10307 10313
f 10313 10307 10312
f 10313 10312 10318
f 10318 10312 10317
f 10318 10317 10322
f 10322 10317 10321
f 10322 10321 10327
f 10327 10321 10326
f 10327 10326 10332
f 10332 10326 10331
f 10332 10331 10337
f 10337 10331 10336
f 10337 10336 10342
f 10342 10336 10341
f 10342 10341 10347
f 10347 10341 10346
f 10347 10346 10352
f 10352 10346 10351
f 10352 10351 10357
f 10357 10351 10356
f 10357 10356 10362
f 10362 10356 10361
f 10362 10361 10367
f 10367 10361 10366
f 10367 10366 10372
f 10372 10366 10371
f 10372 10371 10377
f 10377 10371 10376
f 10377 10376 10382
f 10382 10376 10381
f 10382 10381 10387
f 10387 10381 10386
f 10387 10386 10392
f 10392 10386 10391
f 10392 10391 10397
f 10397 10391 10396
f 10397 10396 10402
f 10402 10396 10401
f 10239 10244 10245
f 10245 10240 10239
f 10244 10249 10250
f 10250 10245 10244
f 10249 10254 10255
f 10255 10250 10249
f 10254 10259 10260
f 10260 10255 10254
f 10259 10264 10265
f 10265 10260 10259
f 10264 10269 10270
f 10270 10265 10264
f 10269 10274 10275
f 10275 10270 10269
f 10274 10279 10280
f 10280 10275 10274
f 10279 10284 10285
f 10285 10280 10279
f 10284 10289 10290
f 10290 10285 10284
f 10289 10294 10295
f 10295 10290 10289
f 10294 10299 10300
f 10300 10295 10294
f 10299 10304 10305
f 10305 10300 10299
f 10304 10309 10310
f 10310 10305 10304
f 10309 10314 10315
f 10315 10310 10309
f 10314 10319 10320
f 10320 10315 10314
f 10319 10323 10324
f 10324 10320 10319
f 10323 10328 10329
f 10329 10324 10323
f 10328 10333 10334
f 10334 10329 10328
f 10333 10338 10339
f 10339 10334 10333
f 10338 10343 10344
f 10344 10339 10338
f 10343 10348 10349
f 10349 10344 10343
f 10348 10353 10354
f 10354 10349 10348
f 10353 10358 10359
f 10359 10354 10353
f 10358 10363 10364
f 10364 10359 10358
f 10363 10368 10369
f 10369 10364 10363
f 10368 10373 10374
f 10374 10369 10368
f 10373 10378 10379
f 10379 10374 10373
f 10378 10383 10384
f 10384 10379 10378
f 10383 10388 10389
f 10389 10384 10383
f 10388 10393 10394
f 10394 10389 10388
f 10393 10398 10399
f 10399 10394 10393
f 10399 10398 10404
f 10404 10398 10403
f 276 275 10417
f 10417 275 10225
f 10417 10225 10416
f 10416 10225 10224
f 10416 10224 10415
f 10415 10224 10414
f 10415 10414 10427
f 10427 10414 10428
f 10428 10421 10422
f 10422 10427 10428
f 10421 10444 10443
f 10443 10422 10421
f 10444 10437 10438
f 10438 10443 10444
f 10437 10459 10458
f 10458 10438 10437
f 10459 10452 10451
f 10451 10458 10459
f 10451 10452 283
f 10224 10223 10414
f 10414 10223 10413
f 10414 10413 10428
f 10428 10413 10429
f 10429 10420 10421
f 10421 10428 10429
f 10420 10445 10444
f 10444 10421 10420
f 10445 10436 10437
f 10437 10444 10445
f 10436 10460 10459
f 10459 10437 10436
f 10460 10453 10452
f 10452 10459 10460
f 10452 10453 283
f 10223 10222 10413
f 10413 10222 10412
f 10413 10412 10429
f 10429 10412 10430
f 10430 10419 10420
f 10420 10429 10430
f 10419 10446 10445
f 10445 10420 10419
f 10446 10435 10436
f 10436 10445 10446
f 10435 10461 10460
f 10460 10436 10435
f 10461 10454 10453
f 10453 10460 10461
f 10453 10454 283
f 10412 10222 10411
f 10411 10222 10221
f 10411 10221 10410
f 10410 10221 10220
f 10410 10220 10406
f 10407 10409 10406
f 10406 10409 10432
f 10406 10432 10410
f 10410 10432 10431
f 10410 10431 10411
f 10411 10431 10430
f 10411 10430 10412
f 283 10408 10407
f 10407 10408 10463
f 10407 10463 10433
f 10433 10463 10462
f 10433 10462 10434
f 10462 10461 10435
f 10435 10434 10462
f 281 10456 282
f 282 10456 10449
f 282 10449 283
f 10456 281 10440
f 10440 281 280
f 10440 280 10441
f 10441 280 279
f 10441 279 10424
f 10424 279 278
f 10424 278 10425
f 10425 278 277
f 10425 277 10417
f 10417 277 276
f 283 10454 10455
f 283 10450 10451
f 10450 283 10449
f 10409 10407 10448
f 10448 10407 10433
f 10448 10433 10434
f 10425 10417 10416
f 10416 10415 10426
f 10426 10415 10427
f 10427 10422 10423
f 10423 10426 10427
f 10422 10443 10442
f 10442 10423 10422
f 10443 10438 10439
f 10439 10442 10443
f 10438 10458 10457
f 10457 10439 10438
f 10458 10451 10450
f 10450 10457 10458
f 10431 10432 10418
f 10418 10432 10409
f 10418 10409 10447
f 10447 10409 10448
f 10447 10448 10434
f 10419 10430 10431
f 10431 10418 10419
f 10418 10447 10446
f 10446 10419 10418
f 10447 10434 10435
f 10435 10446 10447
f 10423 10424 10426
f 10426 10424 10425
f 10426 10425 10416
f 10424 10423 10441
f 10441 10423 10442
f 10441 10442 10440
f 10440 10442 10439
f 10440 10439 10456
f 10456 10439 10457
f 10456 10457 10449
f 10449 10457 10450
f 10463 10408 10455
f 10455 10408 283
f 10454 10461 10462
f 10462 10455 10454
f 10462 10463 10455
f 9882 9934 10493
f 10493 9934 9933
f 10493 9933 9932
f 9932 9931 10493
f 10493 9931 10492
f 10492 9931 9930
f 10492 9930 10491
f 10491 9930 9929
f 10491 9929 10490
f 10490 9929 9928
f 10490 9928 10489
f 10489 9928 9927
f 10489 9927 10488
f 10488 9927 9926
f 10488 9926 10487
f 10487 9926 9925
f 10487 9925 10486
f 10486 9925 9924
f 10486 9924 10485
f 10485 9924 9923
f 10485 9923 10484
f 10484 9923 9922
f 10484 9922 10483
f 10483 9922 9921
f 10483 9921 10482
f 10482 9921 10479
f 10482 10479 10481
f 10481 10479 10480
f 9921 9920 10479
f 10479 9920 9919
f 10479 9919 10478
f 10478 9919 9918
f 10478 9918 9917
f 9917 9916 10478
f 10478 9916 10475
f 10478 10475 10476
f 10475 9916 10474
f 10474 9916 9915
f 10474 9915 10473
f 10473 9915 9914
f 10473 9914 10472
f 10472 9914 9913
f 10472 9913 10471
f 10471 9913 9912
f 10471 9912 10470
f 10470 9912 9911
f 10470 9911 10469
f 10469 9911 9910
f 10469 9910 10468
f 10468 9910 9909
f 10468 9909 10467
f 10467 9909 9908
f 10467 9908 10466
f 10466 9908 9907
f 10466 9907 10465
f 10465 9907 9906
f 10465 9906 10464
f 10464 9906 9905
f 10464 9905 9904
f 9904 9903 10464
f 10464 9903 9902
f 10476 10477 10478
f 10220 10219 10519
f 10519 10219 10218
f 10519 10218 10217
f 10217 10216 10519
f 10519 10216 10215
f 10519 10215 10214
f 10214 10213 10519
f 10519 10213 10212
f 10519 10212 10518
f 10518 10212 10211
f 10518 10211 10517
f 10517 10211 10210
f 10517 10210 10516
f 10516 10210 10209
f 10516 10209 10515
f 10515 10209 10208
f 10515 10208 10514
f 10514 10208 10207
f 10514 10207 10507
f 10507 10207 10206
f 10507 10206 10205
f 10205 10204 10507
f 10507 10204 10203
f 10507 10203 10506
f 10506 10203 10202
f 10506 10202 10201
f 10201 10200 10506
f 10506 10200 10499
f 10506 10499 10500
f 10200 10199 10499
f 10499 10199 10498
f 10498 10199 10198
f 10498 10198 10497
f 10497 10198 10197
f 10497 10197 10496
f 10496 10197 10196
f 10496 10196 10495
f 10495 10196 10195
f 10495 10195 10494
f 10494 10195 10194
f 10494 10194 10193
f 10193 10192 10494
f 10494 10192 10191
f 10494 10191 10190
f 10190 10189 10494
f 10494 10189 10188
f 10494 10188 10187
f 10500 10501 10506
f 10506 10501 10502
f 10506 10502 10503
f 10503 10504 10506
f 10506 10504 10505
f 10508 10509 10507
f 10507 10509 10510
f 10507 10510 10511
f 10511 10512 10507
f 10507 10512 10513
f 10507 10513 10514
f 10520 10521 10552
f 10552 10521 10562
f 10552 10562 10551
f 10551 10562 10566
f 10551 10566 10550
f 10550 10566 10573
f 10550 10573 10549
f 10549 10573 10580
f 10549 10580 10548
f 10548 10580 10560
f 10548 10560 10547
f 10547 10560 10593
f 10547 10593 10600
f 10600 10593 10592
f 10600 10592 10599
f 10599 10592 10591
f 10599 10591 10598
f 10598 10591 10590
f 10598 10590 10597
f 10597 10590 10589
f 10597 10589 10596
f 10596 10589 10588
f 10596 10588 10595
f 10595 10588 10587
f 10595 10587 10594
f 10594 10587 10515
f 10594 10515 10514
f 10521 10522 10562
f 10562 10522 10561
f 10562 10561 10566
f 10566 10561 10565
f 10566 10565 10573
f 10573 10565 10572
f 10573 10572 10580
f 10580 10572 10579
f 10580 10579 10560
f 10560 10579 10586
f 10560 10586 10593
f 10593 10586 10592
f 10522 10523 10561
f 10561 10523 10565
f 10565 10523 10564
f 10564 10523 10524
f 10564 10524 10563
f 10563 10524 10525
f 10563 10525 10526
f 10527 10569 10526
f 10526 10569 10570
f 10526 10570 10563
f 10563 10570 10571
f 10563 10571 10564
f 10564 10571 10572
f 10564 10572 10565
f 10527 10528 10569
f 10569 10528 10568
f 10569 10568 10576
f 10576 10568 10575
f 10575 10582 10583
f 10583 10576 10575
f 10582 10588 10589
f 10589 10583 10582
f 10528 10529 10568
f 10568 10529 10530
f 10568 10530 10567
f 10567 10530 10531
f 10567 10531 10519
f 10519 10518 10567
f 10567 10518 10574
f 10567 10574 10575
f 10575 10574 10582
f 10518 10517 10574
f 10574 10517 10581
f 10574 10581 10582
f 10582 10581 10588
f 10517 10516 10581
f 10581 10516 10587
f 10581 10587 10588
f 10516 10515 10587
f 10594 10514 10553
f 10553 10514 10513
f 10553 10513 10601
f 10601 10513 10512
f 10601 10512 10608
f 10608 10512 10511
f 10608 10511 10615
f 10615 10511 10510
f 10615 10510 10622
f 10622 10510 10509
f 10622 10509 10629
f 10629 10509 10508
f 10629 10508 10532
f 10532 10533 10629
f 10629 10533 10630
f 10629 10630 10622
f 10622 10630 10623
f 10622 10623 10615
f 10615 10623 10616
f 10615 10616 10608
f 10608 10616 10609
f 10608 10609 10601
f 10601 10609 10602
f 10601 10602 10553
f 10553 10602 10554
f 10553 10554 10594
f 10594 10554 10595
f 10533 10534 10630
f 10630 10534 10631
f 10630 10631 10623
f 10623 10631 10624
f 10624 10617 10616
f 10616 10623 10624
f 10617 10610 10609
f 10609 10616 10617
f 10609 10610 10602
f 10602 10610 10603
f 10602 10603 10554
f 10554 10603 10555
f 10554 10555 10595
f 10595 10555 10596
f 10534 10535 10631
f 10631 10535 10536
f 10631 10536 10632
f 10632 10536 10537
f 10632 10537 10633
f 10633 10537 10538
f 10633 10538 10634
f 10634 10538 10539
f 10634 10539 10635
f 10635 10539 10540
f 10635 10540 10541
f 10635 10541 10628
f 10628 10541 10542
f 10628 10542 10621
f 10621 10542 10543
f 10621 10543 10614
f 10614 10543 10544
f 10614 10544 10607
f 10607 10544 10545
f 10607 10545 10559
f 10559 10545 10546
f 10559 10546 10600
f 10600 10546 10547
f 10597 10596 10556
f 10556 10596 10555
f 10556 10555 10604
f 10604 10555 10603
f 10604 10603 10611
f 10611 10603 10610
f 10610 10617 10618
f 10618 10611 10610
f 10617 10624 10625
f 10625 10618 10617
f 10625 10624 10632
f 10632 10624 10631
f 10598 10597 10557
f 10557 10597 10556
f 10557 10556 10605
f 10605 10556 10604
f 10605 10604 10612
f 10612 10604 10611
f 10611 10618 10619
f 10619 10612 10611
f 10618 10625 10626
f 10626 10619 10618
f 10626 10625 10633
f 10633 10625 10632
f 10599 10598 10558
f 10558 10598 10557
f 10558 10557 10606
f 10606 10557 10605
f 10606 10605 10613
f 10613 10605 10612
f 10612 10619 10620
f 10620 10613 10612
f 10619 10626 10627
f 10627 10620 10619
f 10627 10626 10634
f 10634 10626 10633
f 10600 10599 10559
f 10559 10599 10558
f 10559 10558 10607
f 10607 10558 10606
f 10607 10606 10614
f 10614 10606 10613
f 10614 10613 10621
f 10621 10613 10620
f 10621 10620 10628
f 10628 10620 10627
f 10628 10627 10635
f 10635 10627 10634
f 10575 10568 10567
f 10570 10569 10577
f 10577 10569 10576
f 10576 10583 10584
f 10584 10577 10576
f 10583 10589 10590
f 10590 10584 10583
f 10572 10571 10578
f 10578 10579 10572
f 10571 10570 10577
f 10577 10578 10571
f 10577 10584 10585
f 10585 10578 10577
f 10584 10590 10591
f 10591 10585 10584
f 10578 10585 10586
f 10586 10579 10578
f 10585 10591 10592
f 10592 10586 10585
f 10519 10531 10220
f 10220 10531 10530
f 10220 10530 10529
f 10528 10407 10529
f 10529 10407 10406
f 10529 10406 10220
f 10527 10641 10528
f 10528 10641 283
f 10528 283 10407
f 10641 10527 10640
f 10640 10527 10526
f 10640 10526 10639
f 10639 10526 10525
f 10639 10525 10524
f 10523 10520 10524
f 10524 10520 10638
f 10524 10638 10639
f 10523 10522 10520
f 10520 10522 10521
f 10636 10637 10520
f 10520 10637 10638
f 10641 10642 283
f 283 10642 10115
f 10115 10642 10643
f 10115 10643 10116
f 10116 10643 10644
f 10116 10644 9902
f 9902 10644 10645
f 9902 10645 10646
f 10647 10464 10646
f 10646 10464 9902
f 10552 10677 10520
f 10520 10677 10688
f 10520 10688 10636
f 10552 10551 10677
f 10677 10551 10550
f 10677 10550 10549
f 10549 10548 10677
f 10677 10548 10547
f 10677 10547 10546
f 10677 10546 10648
f 10648 10546 10545
f 10648 10545 10544
f 10544 10543 10648
f 10648 10543 10542
f 10648 10542 10541
f 10541 10540 10648
f 10677 10648 10676
f 10676 10648 10649
f 10676 10649 10656
f 10656 10649 10655
f 10655 10649 10654
f 10654 10649 10653
f 10653 10649 10652
f 10652 10649 10651
f 10651 10649 10650
f 10656 10657 10676
f 10676 10657 10658
f 10676 10658 10659
f 10659 10660 10676
f 10676 10660 10661
f 10676 10661 10662
f 10662 10663 10676
f 10676 10663 10665
f 10676 10665 10666
f 10663 10664 10665
f 10666 10667 10676
f 10676 10667 10668
f 10676 10668 10669
f 10669 10670 10676
f 10676 10670 10671
f 10676 10671 10672
f 10672 10673 10676
f 10676 10673 10674
f 10676 10674 10675
f 10678 10679 10677
f 10677 10679 10680
f 10677 10680 10681
f 10681 10682 10677
f 10677 10682 10683
f 10677 10683 10684
f 10684 10685 10677
f 10677 10685 10686
f 10677 10686 10687
f 10687 10688 10677
f 10651 10650 10722
f 10722 10650 10689
f 10722 10689 10721
f 10721 10689 10690
f 10721 10690 10720
f 10720 10690 10691
f 10720 10691 10719
f 10719 10691 10692
f 10719 10692 10718
f 10718 10692 10693
f 10718 10693 10694
f 10718 10694 10717
f 10717 10694 10695
f 10717 10695 10715
f 10715 10695 10696
f 10715 10696 10505
f 10505 10504 10715
f 10715 10504 10723
f 10715 10723 10724
f 10724 10723 10731
f 10731 10732 10725
f 10725 10724 10731
f 10732 10733 10726
f 10726 10725 10732
f 10733 10734 10727
f 10727 10726 10733
f 10734 10735 10728
f 10728 10727 10734
f 10728 10735 10736
f 10736 10735 10743
f 10736 10743 10653
f 10653 10743 10654
f 10654 10743 10750
f 10654 10750 10655
f 10655 10750 10714
f 10655 10714 10656
f 10656 10714 10757
f 10656 10757 10657
f 10657 10757 10764
f 10657 10764 10716
f 10716 10764 10763
f 10716 10763 10770
f 10763 10762 10769
f 10769 10770 10763
f 10762 10761 10768
f 10768 10769 10762
f 10761 10760 10767
f 10767 10768 10761
f 10760 10759 10766
f 10766 10767 10760
f 10766 10759 10758
f 10758 10759 10751
f 10758 10751 10498
f 10498 10751 10499
f 10499 10751 10708
f 10499 10708 10500
f 10500 10708 10744
f 10500 10744 10501
f 10501 10744 10737
f 10501 10737 10502
f 10502 10737 10730
f 10502 10730 10503
f 10503 10730 10723
f 10503 10723 10504
f 10498 10497 10758
f 10758 10497 10765
f 10758 10765 10766
f 10766 10765 10772
f 10772 10773 10767
f 10767 10766 10772
f 10773 10774 10768
f 10768 10767 10773
f 10774 10775 10769
f 10769 10768 10774
f 10775 10776 10770
f 10770 10769 10775
f 10770 10776 10777
f 10777 10776 10784
f 10777 10784 10659
f 10659 10784 10660
f 10660 10784 10788
f 10660 10788 10661
f 10661 10788 10790
f 10661 10790 10662
f 10662 10790 10707
f 10662 10707 10663
f 10497 10496 10765
f 10765 10496 10771
f 10765 10771 10772
f 10772 10771 10779
f 10772 10779 10780
f 10780 10779 10700
f 10780 10700 10701
f 10496 10495 10771
f 10771 10495 10778
f 10771 10778 10779
f 10779 10778 10698
f 10779 10698 10699
f 10494 10697 10495
f 10495 10697 10778
f 10697 10698 10778
f 10699 10700 10779
f 10701 10702 10780
f 10780 10702 10781
f 10780 10781 10773
f 10773 10781 10774
f 10781 10702 10785
f 10785 10702 10703
f 10785 10703 10704
f 10785 10704 10786
f 10786 10704 10705
f 10786 10705 10787
f 10787 10705 10789
f 10787 10789 10790
f 10790 10789 10706
f 10790 10706 10707
f 10705 10706 10789
f 10659 10658 10777
f 10777 10658 10716
f 10777 10716 10770
f 10658 10657 10716
f 10653 10652 10736
f 10736 10652 10729
f 10736 10729 10728
f 10728 10729 10721
f 10728 10721 10720
f 10652 10651 10729
f 10729 10651 10722
f 10729 10722 10721
f 10708 10709 10744
f 10744 10709 10745
f 10744 10745 10737
f 10737 10745 10738
f 10737 10738 10730
f 10730 10738 10731
f 10730 10731 10723
f 10709 10710 10745
f 10745 10710 10746
f 10745 10746 10738
f 10738 10746 10739
f 10739 10732 10731
f 10731 10738 10739
f 10709 10708 10752
f 10752 10708 10751
f 10752 10751 10759
f 10710 10711 10746
f 10746 10711 10747
f 10746 10747 10739
f 10739 10747 10740
f 10740 10733 10732
f 10732 10739 10740
f 10710 10709 10753
f 10753 10709 10752
f 10753 10752 10760
f 10760 10752 10759
f 10711 10712 10747
f 10747 10712 10748
f 10747 10748 10740
f 10740 10748 10741
f 10741 10734 10733
f 10733 10740 10741
f 10711 10710 10754
f 10754 10710 10753
f 10754 10753 10761
f 10761 10753 10760
f 10712 10713 10748
f 10748 10713 10749
f 10748 10749 10741
f 10741 10749 10742
f 10742 10735 10734
f 10734 10741 10742
f 10712 10711 10755
f 10755 10711 10754
f 10755 10754 10762
f 10762 10754 10761
f 10713 10714 10749
f 10749 10714 10750
f 10749 10750 10742
f 10742 10750 10743
f 10742 10743 10735
f 10713 10712 10756
f 10756 10712 10755
f 10756 10755 10763
f 10763 10755 10762
f 10714 10713 10757
f 10757 10713 10756
f 10757 10756 10764
f 10764 10756 10763
f 10715 10724 10717
f 10717 10724 10725
f 10717 10725 10718
f 10718 10725 10726
f 10718 10726 10719
f 10719 10726 10727
f 10719 10727 10720
f 10720 10727 10728
f 10773 10772 10780
f 10774 10781 10782
f 10782 10775 10774
f 10782 10781 10786
f 10786 10781 10785
f 10775 10782 10783
f 10783 10776 10775
f 10783 10782 10787
f 10787 10782 10786
f 10788 10784 10783
f 10783 10784 10776
f 10788 10783 10787
f 10790 10788 10787
f 10707 10706 10663
f 10663 10706 10705
f 10663 10705 10704
f 10704 10703 10663
f 10663 10703 237
f 10663 237 234
f 10703 10702 237
f 237 10702 10187
f 237 10187 10186
f 10702 10701 10187
f 10187 10701 10700
f 10187 10700 10699
f 10699 10698 10187
f 10187 10698 10697
f 10187 10697 10494
f 10186 10185 237
f 237 10185 10184
f 237 10184 10183
f 10183 10182 237
f 237 10182 10181
f 237 10181 10180
f 10180 10179 237
f 237 10179 10178
f 237 10178 10177
f 10177 10176 237
f 237 10176 10175
f 237 10175 10174
f 10174 10173 237
f 237 10173 238
f 233 9896 234
f 234 9896 9895
f 234 9895 9894
f 9894 9893 234
f 234 9893 9892
f 234 9892 9891
f 9891 9890 234
f 234 9890 9889
f 234 9889 9888
f 9888 9887 234
f 234 9887 9886
f 234 9886 9885
f 9885 9884 234
f 234 9884 9883
f 234 9883 9882
f 10493 10792 9882
f 9882 10792 10793
f 9882 10793 10794
f 10493 10791 10792
f 10794 10795 9882
f 9882 10795 10796
f 9882 10796 10797
f 9882 10797 234
f 234 10797 10798
f 234 10798 10799
f 234 10799 10663
f 10663 10799 10800
f 10663 10800 10801
f 10801 10664 10663
f 10464 10647 10465
f 10465 10647 10819
f 10465 10819 10466
f 10466 10819 10823
f 10466 10823 10467
f 10467 10823 10830
f 10467 10830 10468
f 10468 10830 10837
f 10468 10837 10469
f 10469 10837 10817
f 10469 10817 10470
f 10470 10817 10850
f 10470 10850 10857
f 10857 10850 10849
f 10857 10849 10856
f 10856 10849 10848
f 10856 10848 10855
f 10855 10848 10847
f 10855 10847 10854
f 10854 10847 10846
f 10854 10846 10853
f 10853 10846 10845
f 10853 10845 10852
f 10852 10845 10844
f 10852 10844 10851
f 10851 10844 10685
f 10851 10685 10684
f 10647 10646 10819
f 10819 10646 10818
f 10819 10818 10823
f 10823 10818 10822
f 10823 10822 10830
f 10830 10822 10829
f 10830 10829 10837
f 10837 10829 10836
f 10837 10836 10817
f 10817 10836 10843
f 10817 10843 10850
f 10850 10843 10849
f 10646 10645 10818
f 10818 10645 10822
f 10822 10645 10821
f 10821 10645 10644
f 10821 10644 10820
f 10820 10644 10643
f 10820 10643 10642
f 10641 10826 10642
f 10642 10826 10827
f 10642 10827 10820
f 10820 10827 10828
f 10820 10828 10821
f 10821 10828 10829
f 10821 10829 10822
f 10641 10640 10826
f 10826 10640 10825
f 10826 10825 10833
f 10833 10825 10832
f 10832 10839 10840
f 10840 10833 10832
f 10839 10845 10846
f 10846 10840 10839
f 10640 10639 10825
f 10825 10639 10638
f 10825 10638 10824
f 10824 10638 10637
f 10824 10637 10636
f 10636 10688 10824
f 10824 10688 10831
f 10824 10831 10832
f 10832 10831 10839
f 10688 10687 10831
f 10831 10687 10838
f 10831 10838 10839
f 10839 10838 10845
f 10687 10686 10838
f 10838 10686 10844
f 10838 10844 10845
f 10686 10685 10844
f 10851 10684 10810
f 10810 10684 10683
f 10810 10683 10858
f 10858 10683 10682
f 10858 10682 10865
f 10865 10682 10681
f 10865 10681 10872
f 10872 10681 10680
f 10872 10680 10879
f 10879 10680 10679
f 10879 10679 10886
f 10886 10679 10678
f 10886 10678 10802
f 10802 10803 10886
f 10886 10803 10887
f 10886 10887 10879
f 10879 10887 10880
f 10879 10880 10872
f 10872 10880 10873
f 10872 10873 10865
f 10865 10873 10866
f 10865 10866 10858
f 10858 10866 10859
f 10858 10859 10810
f 10810 10859 10811
f 10810 10811 10851
f 10851 10811 10852
f 10803 10804 10887
f 10887 10804 10888
f 10887 10888 10880
f 10880 10888 10881
f 10881 10874 10873
f 10873 10880 10881
f 10874 10867 10866
f 10866 10873 10874
f 10866 10867 10859
f 10859 10867 10860
f 10859 10860 10811
f 10811 10860 10812
f 10811 10812 10852
f 10852 10812 10853
f 10804 10805 10888
f 10888 10805 10806
f 10888 10806 10889
f 10889 10806 10807
f 10889 10807 10890
f 10890 10807 10808
f 10890 10808 10891
f 10891 10808 10809
f 10891 10809 10892
f 10892 10809 10477
f 10892 10477 10476
f 10892 10476 10885
f 10885 10476 10475
f 10885 10475 10878
f 10878 10475 10474
f 10878 10474 10871
f 10871 10474 10473
f 10871 10473 10864
f 10864 10473 10472
f 10864 10472 10816
f 10816 10472 10471
f 10816 10471 10857
f 10857 10471 10470
f 10854 10853 10813
f 10813 10853 10812
f 10813 10812 10861
f 10861 10812 10860
f 10861 10860 10868
f 10868 10860 10867
f 10867 10874 10875
f 10875 10868 10867
f 10874 10881 10882
f 10882 10875 10874
f 10882 10881 10889
f 10889 10881 10888
f 10855 10854 10814
f 10814 10854 10813
f 10814 10813 10862
f 10862 10813 10861
f 10862 10861 10869
f 10869 10861 10868
f 10868 10875 10876
f 10876 10869 10868
f 10875 10882 10883
f 10883 10876 10875
f 10883 10882 10890
f 10890 10882 10889
f 10856 10855 10815
f 10815 10855 10814
f 10815 10814 10863
f 10863 10814 10862
f 10863 10862 10870
f 10870 10862 10869
f 10869 10876 10877
f 10877 10870 10869
f 10876 10883 10884
f 10884 10877 10876
f 10884 10883 10891
f 10891 10883 10890
f 10857 10856 10816
f 10816 10856 10815
f 10816 10815 10864
f 10864 10815 10863
f 10864 10863 10871
f 10871 10863 10870
f 10871 10870 10878
f 10878 10870 10877
f 10878 10877 10885
f 10885 10877 10884
f 10885 10884 10892
f 10892 10884 10891
f 10832 10825 10824
f 10827 10826 10834
f 10834 10826 10833
f 10833 10840 10841
f 10841 10834 10833
f 10840 10846 10847
f 10847 10841 10840
f 10829 10828 10835
f 10835 10836 10829
f 10828 10827 10834
f 10834 10835 10828
f 10834 10841 10842
f 10842 10835 10834
f 10841 10847 10848
f 10848 10842 10841
f 10835 10842 10843
f 10843 10836 10835
f 10842 10848 10849
f 10849 10843 10842
f 10481 10480 10915
f 10915 10480 10893
f 10915 10893 10914
f 10914 10893 10894
f 10914 10894 10913
f 10913 10894 10895
f 10913 10895 10912
f 10912 10895 10896
f 10912 10896 10911
f 10911 10896 10897
f 10911 10897 10898
f 10911 10898 10910
f 10910 10898 10899
f 10910 10899 10908
f 10908 10899 10900
f 10908 10900 10675
f 10675 10674 10908
f 10908 10674 10916
f 10908 10916 10917
f 10917 10916 10924
f 10924 10925 10918
f 10918 10917 10924
f 10925 10926 10919
f 10919 10918 10925
f 10926 10927 10920
f 10920 10919 10926
f 10927 10928 10921
f 10921 10920 10927
f 10921 10928 10929
f 10929 10928 10936
f 10929 10936 10483
f 10483 10936 10484
f 10484 10936 10943
f 10484 10943 10485
f 10485 10943 10907
f 10485 10907 10486
f 10486 10907 10950
f 10486 10950 10487
f 10487 10950 10957
f 10487 10957 10909
f 10909 10957 10956
f 10909 10956 10963
f 10956 10955 10962
f 10962 10963 10956
f 10955 10954 10961
f 10961 10962 10955
f 10954 10953 10960
f 10960 10961 10954
f 10953 10952 10959
f 10959 10960 10953
f 10959 10952 10951
f 10951 10952 10944
f 10951 10944 10668
f 10668 10944 10669
f 10669 10944 10901
f 10669 10901 10670
f 10670 10901 10937
f 10670 10937 10671
f 10671 10937 10930
f 10671 10930 10672
f 10672 10930 10923
f 10672 10923 10673
f 10673 10923 10916
f 10673 10916 10674
f 10668 10667 10951
f 10951 10667 10958
f 10951 10958 10959
f 10959 10958 10965
f 10965 10966 10960
f 10960 10959 10965
f 10966 10967 10961
f 10961 10960 10966
f 10967 10968 10962
f 10962 10961 10967
f 10968 10969 10963
f 10963 10962 10968
f 10963 10969 10970
f 10970 10969 10977
f 10970 10977 10489
f 10489 10977 10490
f 10490 10977 10981
f 10490 10981 10491
f 10491 10981 10983
f 10491 10983 10492
f 10492 10983 10791
f 10492 10791 10493
f 10667 10666 10958
f 10958 10666 10964
f 10958 10964 10965
f 10965 10964 10972
f 10965 10972 10973
f 10973 10972 10798
f 10973 10798 10797
f 10666 10665 10964
f 10964 10665 10971
f 10964 10971 10972
f 10972 10971 10800
f 10972 10800 10799
f 10664 10801 10665
f 10665 10801 10971
f 10801 10800 10971
f 10799 10798 10972
f 10797 10796 10973
f 10973 10796 10974
f 10973 10974 10966
f 10966 10974 10967
f 10974 10796 10978
f 10978 10796 10795
f 10978 10795 10979
f 10979 10795 10794
f 10979 10794 10980
f 10980 10794 10793
f 10980 10793 10982
f 10982 10793 10792
f 10982 10792 10983
f 10983 10792 10791
f 10489 10488 10970
f 10970 10488 10909
f 10970 10909 10963
f 10488 10487 10909
f 10483 10482 10929
f 10929 10482 10922
f 10929 10922 10921
f 10921 10922 10914
f 10921 10914 10913
f 10482 10481 10922
f 10922 10481 10915
f 10922 10915 10914
f 10901 10902 10937
f 10937 10902 10938
f 10937 10938 10930
f 10930 10938 10931
f 10930 10931 10923
f 10923 10931 10924
f 10923 10924 10916
f 10902 10903 10938
f 10938 10903 10939
f 10938 10939 10931
f 10931 10939 10932
f 10932 10925 10924
f 10924 10931 10932
f 10902 10901 10945
f 10945 10901 10944
f 10945 10944 10952
f 10903 10904 10939
f 10939 10904 10940
f 10939 10940 10932
f 10932 10940 10933
f 10933 10926 10925
f 10925 10932 10933
f 10903 10902 10946
f 10946 10902 10945
f 10946 10945 10953
f 10953 10945 10952
f 10904 10905 10940
f 10940 10905 10941
f 10940 10941 10933
f 10933 10941 10934
f 10934 10927 10926
f 10926 10933 10934
f 10904 10903 10947
f 10947 10903 10946
f 10947 10946 10954
f 10954 10946 10953
f 10905 10906 10941
f 10941 10906 10942
f 10941 10942 10934
f 10934 10942 10935
f 10935 10928 10927
f 10927 10934 10935
f 10905 10904 10948
f 10948 10904 10947
f 10948 10947 10955
f 10955 10947 10954
f 10906 10907 10942
f 10942 10907 10943
f 10942 10943 10935
f 10935 10943 10936
f 10935 10936 10928
f 10906 10905 10949
f 10949 10905 10948
f 10949 10948 10956
f 10956 10948 10955
f 10907 10906 10950
f 10950 10906 10949
f 10950 10949 10957
f 10957 10949 10956
f 10908 10917 10910
f 10910 10917 10918
f 10910 10918 10911
f 10911 10918 10919
f 10911 10919 10912
f 10912 10919 10920
f 10912 10920 10913
f 10913 10920 10921
f 10966 10965 10973
f 10967 10974 10975
f 10975 10968 10967
f 10975 10974 10979
f 10979 10974 10978
f 10968 10975 10976
f 10976 10969 10968
f 10976 10975 10980
f 10980 10975 10979
f 10981 10977 10976
f 10976 10977 10969
f 10981 10976 10980
f 10983 10981 10980
f 10982 10983 10980
f 237 236 234
f 234 236 235
f 10478 10477 10677
f 10677 10477 10809
f 10677 10809 10808
f 10808 10807 10677
f 10677 10807 10806
f 10677 10806 10805
f 10805 10804 10677
f 10677 10804 10803
f 10677 10803 10802
f 10802 10678 10677
f 10675 10900 10676
f 10676 10900 10899
f 10676 10899 10898
f 10898 10897 10676
f 10676 10897 10896
f 10676 10896 10895
f 10895 10894 10676
f 10676 10894 10893
f 10676 10893 10480
f 10480 10479 10676
f 10478 10677 10479
f 10479 10677 10676
f 10505 10696 10506
f 10506 10696 10695
f 10506 10695 10694
f 10694 10693 10506
f 10506 10693 10692
f 10506 10692 10691
f 10691 10690 10506
f 10506 10690 10689
f 10506 10689 10650
f 10650 10649 10506
f 10648 10540 10507
f 10507 10540 10539
f 10507 10539 10538
f 10538 10537 10507
f 10507 10537 10536
f 10507 10536 10535
f 10535 10534 10507
f 10507 10534 10533
f 10507 10533 10532
f 10532 10508 10507
f 10648 10507 10649
f 10649 10507 10506
f 5889 6141 5890
f 5890 6141 6140
f 5890 6140 6139
f 6138 6499 6139
f 6139 6499 5890
f 5890 6499 5423
f 5423 6499 6498
f 5423 6498 6497
f 5423 6497 5424
f 5424 6497 6496
f 5424 6496 6495
f 6431 6430 6495
f 6495 6430 6429
f 6495 6429 6428
f 6495 6428 5424
f 5424 6428 6427
f 5424 6427 6426
f 6426 6425 5424
f 5424 6425 6424
f 5923 5922 5390
f 5390 5922 5391
f 5391 5922 5921
f 5391 5921 5392
f 5392 5921 5920
f 5392 5920 5393
f 5393 5920 5919
f 5393 5919 5394
f 5394 5919 5918
f 5394 5918 5395
f 5395 5918 5917
f 5395 5917 5396
f 5396 5917 5916
f 5396 5916 5397
f 5397 5916 5915
f 5397 5915 5398
f 5398 5915 5914
f 5398 5914 5399
f 5399 5914 5913
f 5399 5913 5400
f 5400 5913 5912
f 5400 5912 5401
f 5401 5912 5911
f 5401 5911 5402
f 5402 5911 5910
f 5402 5910 5403
f 5403 5910 5909
f 5403 5909 5404
f 5404 5909 5908
f 5404 5908 5405
f 5405 5908 5907
f 5405 5907 5406
f 5406 5907 5906
f 5406 5906 5407
f 5407 5906 5905
f 5407 5905 5408
f 5408 5905 5904
f 5408 5904 5409
f 5409 5904 5903
f 5409 5903 5410
f 5410 5903 5902
f 5410 5902 5411
f 5411 5902 5901
f 5411 5901 5412
f 5412 5901 5900
f 5412 5900 5413
f 5413 5900 5899
f 5413 5899 5414
f 5414 5899 5898
f 5414 5898 5415
f 5415 5898 5897
f 5415 5897 5416
f 5416 5897 5896
f 5416 5896 5417
f 5417 5896 5895
f 5417 5895 5418
f 5418 5895 5894
f 5418 5894 5419
f 5419 5894 5893
f 5419 5893 5420
f 5420 5893 5892
f 5420 5892 5421
f 5421 5892 5891
f 5421 5891 5422
f 5422 5891 5890
f 5422 5890 5423
f 4792 5166 4462
f 4462 5166 4463
f 4501 4500 5130
f 5130 4500 5131
f 4463 5166 4464
f 5606 5605 6073
f 6073 5605 6074
f 6074 5605 5604
f 6074 5604 6075
f 6075 5604 5603
f 6075 5603 6076
f 6076 5603 5602
f 6076 5602 6077
f 6077 5602 5601
f 6077 5601 6078
f 6078 5601 5600
f 6078 5600 6079
f 6079 5600 5599
f 6079 5599 6080
f 6080 5599 5598
f 6080 5598 6081
f 6081 5598 5597
f 6081 5597 6082
f 6082 5597 5596
f 6082 5596 6083
f 6083 5596 5595
f 6083 5595 6084
f 6084 5595 5594
f 6084 5594 6085
f 6085 5594 5593
f 6085 5593 6086
f 6086 5593 5592
f 6086 5592 6087
f 6087 5592 5591
f 6087 5591 6088
f 6088 5591 5590
f 6088 5590 6089
f 6089 5590 5589
f 6089 5589 6090
f 6090 5589 5588
f 6090 5588 6091
f 6091 5588 5587
f 6091 5587 6092
f 6092 5587 5586
f 6092 5586 6093
f 6093 5586 5585
f 6093 5585 6094
f 6094 5585 5584
f 6094 5584 6095
f 6095 5584 5583
f 6095 5583 6096
f 6096 5583 5582
f 6096 5582 6097
f 6097 5582 5581
f 6097 5581 6098
f 6098 5581 5580
f 6098 5580 6099
f 6099 5580 5579
f 6099 5579 6100
f 6100 5579 5578
f 6100 5578 6101
f 6101 5578 5577
f 6101 5577 6102
f 6102 5577 5576
f 6102 5576 6103
f 6103 5576 5575
f 6103 5575 6104
f 6104 5575 5574
f 6104 5574 6105
f 6105 5574 5573
f 6105 5573 6106

# 10983 vertices
# 0 texture params
# 0 normals
# 21994 facets

# 1 groups
